:020000040800F2
:1000000000060020E1020008E3020008E302000805
:10001000E3020008E3020008E3020008E30200082C
:10002000E3020008E3020008E3020008DD770008AD
:10003000E3020008E3020008E3020008E30200080C
:10004000E3020008E3020008E3020008E3020008FC
:10005000E3020008E3020008E3020008E3020008EC
:10006000E3020008E3020008E30200081147000869
:10007000394700086547000891470008BD47000858
:10008000E547000811480008E3020008E302000801
:10009000E3020008E3020008E3020008E3020008AC
:1000A000E3020008E3020008E3020008E30200089C
:1000B000A1870008E3020008E3020008E302000849
:1000C000E3020008E3020008E3020008E30200087C
:1000D000E3020008E3020008E3020008E30200086C
:1000E000E3020008E3020008E3020008E30200085C
:1000F000E3020008E3020008E30200083D480008AC
:10010000E302000879870008E3020008E302000820
:10011000E3020008E3020008E3020008E30200082B
:100120006948000891480008BD480008E9480008EF
:1001300015490008E3020008E3020008E302000892
:10014000E3020008E3020008E3020008E3020008FB
:100150003D4900086949000895490008E302000884
:10016000E3020008E3020008E3020008E3020008DB
:10017000E302000861840008E3020008E3020008CB
:10018000E3020008E30200088D870008E30200088C
:10019000E3020008E3020008E3020008E3020008AB
:1001A000E3020008E3020008E3020008E30200089B
:1001B000E3020008E3020008E3020008E30200088B
:1001C000E3020008E3020008E3020008E30200087B
:1001D000E30200084D840008E3020008E30200087F
:1001E000E3020008E3020008E3020008E30200085B
:1001F000E3020008E3020008E3020008E30200084B
:10020000E3020008E3020008E3020008E30200083A
:10021000E3020008E3020008E3020008E30200082A
:10022000E3020008E3020008E3020008E30200081A
:10023000E3020008E3020008E3020008E30200080A
:10024000E3020008E3020008E3020008E3020008FA
:10025000E3020008E3020008E3020008E3020008EA
:10026000E3020008E3020008E3020008E3020008DA
:10027000E3020008E3020008E3020008E3020008CA
:10028000E3020008E3020008E3020008E3020008BA
:10029000E3020008E3020008E3020008E3020008AA
:1002A000E3020008E3020008E3020008E30200089A
:1002B000E3020008E3020008E3020008E30200088A
:1002C000E3020008E3020008E3020008E30200087A
:1002D000E3020008E3020008E3020008E30200086A
:1002E00002E000F000F8FEE772B6374880F30888B5
:1002F000364880F3098836483649086040F20000E5
:10030000CCF200004EF63471CEF200010860BFF36B
:100310004F8FBFF36F8F40F20000C0F2F0004EF637
:100320008851CEF200010860BFF34F8FBFF36F8F8B
:100330004FF00000E1EE100A4EF63C71CEF20001E3
:100340000860022080F31488BFF36F8F07F0A8FACB
:1003500006F0FCFB4FF055301F491B4A91423CBF51
:1003600041F8040BFAE71D49184A91423CBF41F895
:10037000040BFAE71A491B4A1B4B9A423EBF51F83D
:10038000040B42F8040BF8E700201849184A914280
:100390003CBF41F8040BFAE707F0C0FA06F05CFC3A
:1003A000144C154DAC4203DA54F8041B8847F9E7A6
:1003B00000F0C4F9114C124DAC4203DA54F8041B9E
:1003C0008847F9E707F0A8BA0006002000220020BD
:1003D0000000000808ED00E00000002000060020FA
:1003E000F89B0008002200206C22002070220020D0
:1003F000D45D0020E0020008E0020008E0020008EE
:10040000E00200082DE9F04F2DED108AC1F80CD064
:10041000D0F80CD0BDEC108ABDE8F08F002383F338
:1004200011882846A047002006F072F9FEE706F082
:10043000C5F800DFFEE7000053B94AB9002908BF3C
:1004400000281CBF4FF0FF314FF0FF3000F074B9AF
:10045000ADF1080C6DE904CE00F006F8DDF804E01B
:10046000DDE9022304B070472DE9F047089D0446FA
:100470008E46002B4DD18A42944669D9B2FA82F257
:1004800052B101FA02F3C2F1200120FA01F10CFA93
:1004900002FC41EA030E94404FEA1C48210CBEFBCB
:1004A000F8F61FFA8CF708FB16E341EA034306FB54
:1004B00007F199420AD91CEB030306F1FF3080F0E3
:1004C0001F81994240F21C81023E63445B1AA4B230
:1004D000B3FBF8F008FB103344EA034400FB07F7D2
:1004E000A7420AD91CEB040400F1FF3380F00A8113
:1004F000A74240F207816444023840EA0640E41B08
:1005000000261DB1D4400023C5E900433146BDE8B3
:10051000F0878B4209D9002D00F0EF800026C5E955
:10052000000130463146BDE8F087B3FA83F6002E6D
:100530004AD18B4202D3824200F2F980841A61EBE5
:10054000030301209E46002DE0D0C5E9004EDDE703
:1005500002B9FFDEB2FA82F2002A40F09280A1EBEB
:100560000C014FEA1C471FFA8CFE0126200CB1FB40
:10057000F7F307FB131140EA01410EFB03F0884239
:1005800008D91CEB010103F1FF3802D2884200F2C6
:10059000CB804346091AA4B2B1FBF7F007FB101158
:1005A00044EA01440EFB00FEA64508D91CEB0404F6
:1005B00000F1FF3102D2A64500F2BB800846A4EB51
:1005C0000E0440EA03409CE7C6F12007B34022FA3C
:1005D00007FC4CEA030C20FA07F401FA06F31C436B
:1005E000F9404FEA1C4900FA06F3B1FBF9F8200C78
:1005F0001FFA8CFE09FB181140EA014108FB0EF0BE
:10060000884202FA06F20BD91CEB010108F1FF3A0D
:1006100080F08880884240F28580A8F10208614419
:10062000091AA4B2B1FBF9F009FB101144EA014127
:1006300000FB0EFE8E4508D91CEB010100F1FF34D2
:100640006CD28E456AD90238614440EA0840A0FB6A
:100650000294A1EB0E01A142C846A64656D353D040
:100660005DB1B3EB080261EB0E0101FA07F722FA64
:1006700006F3F1401F43C5E9007100263146BDE88D
:10068000F087C2F12003D8400CFA02FC21FA03F3F0
:10069000914001434FEA1C471FFA8CFEB3FBF7F071
:1006A00007FB10360B0C43EA064300FB0EF69E4296
:1006B00004FA02F408D91CEB030300F1FF382FD22F
:1006C0009E422DD9023863449B1B89B2B3FBF7F6D7
:1006D00007FB163341EA034106FB0EF38B4208D9B0
:1006E0001CEB010106F1FF3816D28B4214D9023EF1
:1006F0006144C91A46EA004638E72E46284605E70F
:100700000646E3E61846F8E64B45A9D2B9EB0208DF
:1007100064EB0C0E0138A3E74646EAE7204694E76F
:100720004046D1E7D0467BE7023B614432E73046A2
:1007300009E76444023842E7704700BF38B501F06A
:10074000DFF901F0A3FB06F01DFF054607F038F8BE
:100750000446D0B90F4B9D4219D001339D4241F25E
:10076000883504BF01240025002006F015FF0CB1D8
:1007700000F076F801F028FB00F006FD08B100F06B
:100780006FF8284600F00EF9F9E70025ECE705467A
:10079000EAE700BF010007B008B501F07DF9A0F15C
:1007A00020035842584108BD07B5042101900DEBC4
:1007B000010001F08FF903B05DF804FB38B5302378
:1007C00083F31188174803680BB106F085F80023FE
:1007D000154A4FF47A71134806F074F8002383F336
:1007E0001188124C236813B12368013B23606368AE
:1007F00013B16368013B63600D4D2B7833B96368B7
:100800007BB9022001F042FA322363602B78032B7C
:1008100007D163682BB9022001F038FA4FF47A73DC
:10082000636038BD70220020BD07000890230020BF
:1008300088220020084B187003280CD8DFE800F04D
:1008400008050208022001F013BA022001F000BAE4
:10085000024B00225A60704788220020902300201B
:10086000F8B5494B494A1C461968013100F08A80A5
:1008700004339342F8D16268454B9A4240F2828039
:10088000444B9B6803F1006303F500339A4279D22D
:10089000002001F04FF90220FFF7CCFF3E4B002172
:1008A0009A6C99641A6F19671A6FDA6CD9645A6F67
:1008B00059675A6F1A6D19659A6F99679B6F374B15
:1008C000D3F8802042F00062C3F88020D3F8802063
:1008D00022F00062C3F88020D3F88020D3F8802073
:1008E00042F00072C3F88020D3F8802022F000721A
:1008F000C3F88020D3F8803072B64FF0E023C3F8FD
:10090000084DD4E90004BFF34F8FBFF36F8F244A23
:10091000C2F88410BFF34F8F536923F480335361BF
:10092000BFF34F8FD2F8803043F6E076C3F3C905AA
:10093000C3F34E335B0103EA060C29464CEA817788
:100940000139C2F87472F9D2203B13F1200FF2D1B1
:10095000BFF34F8FBFF36F8FBFF34F8FBFF36F8F17
:10096000536923F4003353610023C2F85032BFF3BC
:100970004F8FBFF36F8F302383F31188854680F349
:1009800008882047F8BD00BF0000020820000208C8
:10099000FFFF0108002200200045025800440258D1
:1009A00000ED00E02DE9F04F95B0DFF8D89220225D
:1009B000FF21029004A8D9F8085001F0AFF9A84A25
:1009C0001378A3B90121A74811700360302383F382
:1009D000118803680BB105F07FFF0023A24A4FF492
:1009E0007A71A04805F06EFF002383F31188029B03
:1009F00013B19E4B029A1A609D4A1378032B03D0C1
:100A000000231370994A53604FF0000B029C5E461E
:100A1000DA46CDF804B0012001F02AF924B1934B55
:100A20001B68002B00F02882002001F035F8B0F19F
:100A30000008F3DB012001F00BF9A8F121031F2BC3
:100A4000E9D801A252F823F0C90A0008E50A000813
:100A5000730B0008170A0008170A0008170A000895
:100A6000FD0B0008EF0D0008E10C00083D0D00082B
:100A7000630D0008890D0008170A00089B0D000887
:100A8000BF0D0008370E0008510B0008170A0008B8
:100A90007F0E0008D50A0008510B0008170A00084D
:100AA0003D0D0008170A0008170A0008170A000879
:100AB000170A0008170A0008170A0008170A000892
:100AC000170A0008730B00080220FFF765FE0028D4
:100AD00040F0FF81029B02216648BBF1000F08BF76
:100AE0001C4640E04FF47A7000F0D6FF071EF1DBA1
:100AF0000220FFF751FE0028ECD0013F052F00F245
:100B0000EA81DFE807F003070A0D10330520FFF73D
:100B10004BFE14E0D9F80000F9E7D9F80400F6E735
:100B2000D9F80800F3E74FF01C08404608F1040824
:100B300001F002F8FFF738FEB8F12C0FF5D10120D3
:100B4000019B4FF0000A00FA07F71F43FBB2019325
:100B500001F030F92EB1019B03F00B030B2B08BF02
:100B600000240221444800F0B5FF54E7D9F80C00F6
:100B7000CDE7002EAED0019B03F00B030B2BA9D1C8
:100B80000220FFF709FE07460028A3D00120002617
:100B900000F0D0FF0220FFF74DFE1FFA86FB5846FB
:100BA00000F0D8FF044688B1A8F14002584601364B
:100BB0005142514100F0DEFF0028EED1BB46044611
:100BC00002212E483E4600F085FF24E725460120FD
:100BD000FFF730FED9F80830AB4207D9284600F0BD
:100BE000ABFF013040F07A810435F3E70025204B5C
:100BF000BB463E461D701D4B5D60A9E7002E3FF4CD
:100C000069AF019B03F00B030B2B7FF463AF022052
:100C1000FFF710FE322000F03FFFB0F10008FFF6B2
:100C200059AF18F003077FF455AF08EB0503D9F867
:100C3000082093423FF64EAFB8F5807F3FF74AAFAA
:100C40000F4BB84503931FDD4FF47A7000F024FF7B
:100C50000028FFF63FAF039B013703F8010BF0E7D5
:100C60008C23002070220020BD0700089023002064
:100C700088220020B0910008A8910008AC910008DB
:100C80008C22002000220020C820FFF785FD0746A7
:100C900000283FF41FAF1F2D11D8C5F1200204AB6F
:100CA00025F003008F494245184428BF424603926D
:100CB00001F00EF8039AFF218A4801F02FF84FEA5D
:100CC000A803C8F3870287492846039301F02EF84A
:100CD000064600283FF474AF039B05EB830537E716
:100CE0000220FFF759FD00283FF4F4AE00F060FF4A
:100CF00000283FF4EFAE0027B846D9F80830BB42D1
:100D000018D91F2F11D8049B01330ED027F00303ED
:100D100014AA134453F8403C0C93404604220CA9F7
:100D2000043701F04BF98046E7E7384600F004FF4E
:100D30000C90F2E74046FFF737FD09E700236421F6
:100D40000CA80C9300F0BCFE00287FF4C3AE022078
:100D5000FFF722FD00283FF4BDAE0C9800F01EFF07
:100D6000E9E7002364210CA80C9300F0A9FE0028F9
:100D70007FF4B0AE0220FFF70FFD00283FF4AAAECB
:100D80000C9800F00DFFD6E70220FFF705FD0028C4
:100D90003FF4A0AE00F01CFFCDE70220FFF7FCFC03
:100DA00000283FF497AE0CA9142000F017FF039021
:100DB000FFF7FAFC03990CA800F08CFEC8E60220AD
:100DC000FFF7EAFC00283FF485AE474B0CAF03F178
:100DD000100C1868083353F8041C3A46634503C2E4
:100DE0001746F6D11020FFF7DFFC1021E3E7322091
:100DF00000F052FE071EFFF66DAEBB077FF46AAE31
:100E000007EB0A03D9F8082093423FF663AE0220AD
:100E1000FFF7C2FC00283FF45DAE27F003075744FC
:100E2000BA453FF495AE50460AF1040A00F084FE3C
:100E3000FFF7BAFCF4E74FF47A70FFF7ADFC002837
:100E40003FF448AE00F0B4FE002849D0049B0133C3
:100E50000BD0082204A9002000F068FF00283FD032
:100E60002022FF2104A800F059FF2048022100F0B1
:100E700031FE1F4805F052FC15B0BDE8F08F002E82
:100E80003FF428AE019B03F00B030B2B7FF422AE43
:100E9000002364210CA80C9300F012FE07460028E2
:100EA0007FF418AE0220FFF777FC804600283FF45D
:100EB00011AE02210D4800F00DFE41F2883005F020
:100EC0002DFC0C9800F0C0FF46463C4600F072FF37
:100ED000A1E506463CE64FF0000AFBE5BB466FE69F
:100EE00037466DE68C22002094910008A8910008F6
:100EF000A0860100704700007047000070470000A6
:100F000038B50546144608460322064900F0EAFEB5
:100F100038B905F1080220461021BDE8384001F03B
:100F200079B838BDB49100082DE9F04100F580375B
:100F3000044616463B7C5BB9C0681030204400F084
:100F4000C7FEE5683544B5F5004FE56002D816B137
:100F5000BDE8F081DEB905F07F0605F11000002143
:100F6000C6F180062044F6B232462E4400F0D6FE8A
:100F7000A06804F11008324600F10060414600F517
:100F8000003006F09FF830B901233B74E0E74FF4DE
:100F900000463546ECE7A26805F1100140463244B0
:100FA0002144A260E268521BE26000F091FE022040
:100FB000BDE8F04100F06ABE183000F0B9BC000096
:100FC00010B5044601F050F8204610BD10B5044697
:100FD00001F04AF8204610BD2DE9F04FADF53F7DF8
:100FE0000746416801222AA802F03EFF002840F08F
:100FF00087800646824681461125DFF80C81DFF89E
:101000000CB101AB4FF4805241462AA803F08CF892
:10101000002875D1019AB2F5805F71D8002A65D099
:101020000446019A9442ECD2282D0FD008DC132DEF
:101030002DD01E2D39D0112D13D00134A4B2F0E7DC
:10104000322D2DD0372D2FD02D2DF6D13B68121BF0
:1010500008EB040138461B692D259847BDF804406C
:10106000EBE7121B022A09D9594608EB040000F0ED
:1010700039FE18B902342825A4B2DEE718F8043086
:101080003A2B3DD00A2B1CBFA1461325D5E718F8F3
:1010900004300A2B34D03A2B04BFA2463225CCE7C9
:1010A00018F80430202BC8D0264618F804300A2B34
:1010B0001AD1AAEB090208EB090102A811254F2A4F
:1010C00028BF4F2208F052F8A21B08EB060116A811
:1010D0004F2A28BF4F2208F049F83B6816AA02A9F8
:1010E000DB6838469847A8E71E25A6E73B683846E0
:1010F00004491B69984701200DF53F7DBDE8F08F3D
:101100000020F9E7B692000898230020B891000863
:1011100000F1180110B5044686B00846019100F0B0
:10112000F1FB2046FFF758FF60B1019902A800F0DB
:1011300049FC102204F1080102A807F0D7FFB0FA19
:1011400080F0400906B010BD70B504460025EEB22F
:10115000304600F0FFFC58B100213046013500F068
:1011600009FD08B9002070BD022000F08FFDEEE7F8
:101170002046FFF731FF0028F4D004F58034207CAE
:1011800080F00100EFE70000F0B5C9B006F012FAF8
:1011900000F0C8FF18B90025284649B0F0BD6946DF
:1011A0002A4803F083F800284BD1294C204603F04D
:1011B000ADF8284803F0AAF8274803F0A7F821461D
:1011C000224803F01FF90028E5D1702000F046FF07
:1011D000064610B1214B44600360336830469B687B
:1011E0009847054600282ED01A4F1948394603F073
:1011F00009F905460028CED1194800F02FFF044612
:1012000038B1184B4760036000F58033C0E90255E0
:101210001D74236820469B689847054628B10E49EF
:101220000C4803F0EFF80028B5D1336830465B680E
:1012300098471CB1236820465B68984700F018FF68
:10124000AAE70025FAE70446EFE700BFBC910008D3
:10125000CC910008E3910008F99100081C92000865
:1012600014000100389200082DE9F04FD44A8DB0E7
:101270000B68D0F804A001931A440368D14E1A44B5
:10128000D1F81C90DFF8B4C3DFF8B4B3D0E902346E
:10129000634003EA0A03634013444A6802920AEB7C
:1012A0007363029CC84A2244C468224484688AEA60
:1012B00004051D40654015448A68039203EB3555CB
:1012C000039CC24A2244846822448AEA03042C40D4
:1012D00084EA0A041444CA6805EBF4340492164400
:1012E00083EA0502224056445A4032440E6905966C
:1012F00004EBB222059FB64E3E441E4485EA040329
:1013000013406B4033444E69069602EB7363069FAD
:10131000B04E3E442E4484EA02051D4065403544EB
:101320008E69079603EB3555079FAB4E3E44264426
:1013300082EA03042C4054403444A84E4E4405EB4A
:10134000F434164483EA050222405A4032440E6ABD
:10135000089604EBB222089FA14E3E441E4485EA43
:10136000040313406B4033444E6A099602EB7363E7
:10137000099F9C4ED1F830E03E44D1F83880F344C8
:101380002E4484EA02051D40654035448E6AA6F568
:10139000244703EB35550A964F3F274482EA03045E
:1013A0002C4054403C44CF6A0B9705EBF4340B9E21
:1013B0008D4F3744029E174483EA050222405A406B
:1013C0003A448A4F774404EBB2221F4485EA04036F
:1013D00013406B403B444F6BBC4402EB736365446A
:1013E00084EA020C0CEA030C8CEA040C6544DFF876
:1013F00054C2C44403EB3555A44482EA03042C4090
:1014000054406444D1F83CC0794905EBF43461445C
:10141000114483EA050222405A400A44754904EB0C
:10142000B2223144079E194484EA02032B406340F0
:101430000B44714902EBF36331440B9E0D4482EA85
:1014400003012140514029446C4D03EBF1513544D7
:10145000019E254483EA010414405C402C44684DFD
:1014600001EBB4443544069E154481EA04021A4057
:101470004A402A44634D04EB323235440A9E1D44EF
:1014800084EA02030B4063402B445F4D02EBF3639D
:101490003544059E0D4482EA030121405140294410
:1014A0005A4D03EBF1516544254483EA010414408D
:1014B0005C402C44564D01EBB4443544099E154420
:1014C00081EA04021A404A402A44524D04EB323267
:1014D0003544049E1D4484EA02030B4063402B44C0
:1014E0004D4D02EBF36345440D4482EA0301214074
:1014F00051402944494D03EBF1513544089E2C4499
:1015000083EA010515405D402C44454D01EBB44490
:101510003544039E2A4481EA04051D404D402A4477
:10152000404D04EB32323D442B4484EA020593449F
:101530000D4065402B443C4D02EBF3633544069E61
:10154000294482EA0305254055402944374D03EBE1
:10155000F1514D442C4483EA010515405D4025447A
:1015600001EBB54581EA050404EA03024A405A4406
:10157000A6F5B82B089E05EB3232ABF2BE6B544099
:101580005B4423442A4C344402EB33730B9E0C44DB
:1015900085EA020159402144264C344403EB715141
:1015A000029E254482EA03044C402544224C4444D4
:1015B00001EB3545144483EA01026A40224443E0CA
:1015C00078A46AD7EECEBDC156B7C7E8DB70202439
:1015D000AF0F7CF52AC68747134630A8019546FD14
:1015E000D8988069AFF7448BBED75C892211906B85
:1015F0002108B44962251EF640B340C0515A5E2608
:10160000AAC7B6E95D102FD65314440281E6A1D8CB
:10161000C8FBD3E7E6CDE121D60737C3870DD5F464
:10162000ED145A4505E9E3A9F8A3EFFCD9026F6769
:1016300081F6718722619D6D0C38E5FD937198FDEF
:101640008A4C2A8D8E4379A6934C344405EB722242
:10165000059E1C4481EA0503534023448F4C3444C7
:1016600002EB33730A9E0C4485EA0201594021447F
:101670008B4C4C4403EB7151254482EA03044C40EB
:101680002C44884D354401EB3444019E154483EAD3
:10169000010262402A44844D3D4404EB72221D4401
:1016A00081EA040353402B44804D354402EB3373ED
:1016B000049E294484EA02055D4029447C4D35445A
:1016C00003EB7151079E254482EA03044C402C44ED
:1016D000784D354401EB3444099E2A4483EA0105E0
:1016E00065401544744A324404EB7525039E134447
:1016F00081EA04026A401A44704B734405EB32726B
:101700000B4484EA0501514019446D4B634402EBDC
:1017100071511C4485EA02034B401C44694B33441D
:1017200001EB3444019E1D4482EA010363402B44D3
:10173000654D04EB73233544069E154463EA0102AC
:1017400062402A44614D03EBB2624D4462EA0409EF
:1017500029445F4D89EA0309454449442C445D4DC1
:1017600002EBB1513544049E61EA03081D4488EA46
:101770000208444401EB744464EA02034B402B44E6
:10178000554D04EBF323754463EA010E15448EEACC
:10179000040E0EEB0502514D03EBB262354462EAD2
:1017A000040E29440A9D8EEA030EA5F580164C4DC1
:1017B0007144A6F6833602EBB151264461EA030474
:1017C00054403444029E01EB7444354464EA0206FA
:1017D0001D444E407319089E424D04EBF3233544DB
:1017E00063EA01061544664072193F4D03EBB2628D
:1017F000654462EA040629443C4D5E403144079E3C
:1018000002EBB151354461EA03062C44384D564091
:101810003D443444059E1D4401EB744464EA0203D4
:101820004B402B44334D04EBF32335440B9E1544BE
:1018300063EA010262402A442F4D03EBB262354451
:10184000039E0D4462EA0401594029442B4D02EBEA
:10185000B15135442A4E254461EA030454402C44D6
:10186000099D01EB74442E4464EA02051E4485EA96
:1018700001039D1903681A440AEB040303EBF523E3
:101880000260436083681C44C36819448460C1607B
:101890000DB0BDE8F08F00BF44EABEA4A9CFDE4B77
:1018A000604BBBF670BCBFBEC67E9B28FA27A1EA80
:1018B0008530EFD4051D880439D0D4D9E599DBE60D
:1018C000F87CA21F6556ACC4442229F497FF2A4332
:1018D000A72394AB39A093FCC3595B6592CC0C8FC2
:1018E000D15D84854F7EA86FE0E62CFE144301A3F2
:1018F000A111084E827E53F735F23ABDBBD2D72AEA
:1019000091D386EB094B036003F18833436003F105
:101910002943A3F59613A3F68B638360A3F1883361
:10192000C3600023C0E90433704700BF012345674B
:101930002DE9F8431446026905460E46E300C2F35A
:10194000C50800F118079B18036122BF43690133E2
:10195000436112F4FC7F436903EB5473436114D079
:10196000C8F1400907EB08004C4504D22246BDE807
:10197000F84307F0CBBB403C4A464E4407F0C6FB59
:10198000444439462846FFF76FFCA04606EB04099D
:10199000B8F13F0FA9EB08010AD94022384607F0F9
:1019A000B5FB39462846A8F14008FFF75DFCEFE794
:1019B000A1096FF03F02384602FB014206EB81119C
:1019C000D5E7000070B50B6901F1180506460C4615
:1019D000C3F3C503EA18501C8022EA54C3F13F0246
:1019E000072A1FD8002100F099F929462046FFF761
:1019F0003BFC38220021284600F090F92369294653
:101A00002046236563696365FFF72EFC214610229B
:101A1000304607F07BFB204658220021BDE870408D
:101A200000F07CB9C3F137020021E5E72DE9F84F5A
:101A30004FF47A7306460D46002402FB03F7DFF8E5
:101A40005080DFF8509098F900305FFA84FA5A1C01
:101A500001D0A34212D159F824002A463146036826
:101A6000D3F820B03B46D847854207D1074B012029
:101A700083F800A0BDE8F88F0124E4E7002CFBD038
:101A80004FF4FA7004F04AFE0020F3E7DC33002044
:101A90001022002014220020002307B50246012155
:101AA0000DF107008DF80730FFF7C0FF20B19DF85A
:101AB000070003B05DF804FB4FF0FF30F9E70000CA
:101AC0000A46042108B5FFF7B1FF80F00100C0B25B
:101AD000404208BD074B0A4630B41978064B53F80C
:101AE0002140014623682046DD69044BAC4630BCEA
:101AF000604700BFDC33002014220020A0860100D4
:101B000070B50A4E00240A4D05F080FA308028682E
:101B10003388834208D905F075FA2B6804440133F1
:101B2000B4F5003F2B60F2D370BD00BFDE33002060
:101B30009833002005F044BB00F1006000F5003050
:101B40000068704700F10060920000F5003005F079
:101B5000B9BA0000054B1A68054B1B889B1A8342D3
:101B600002D9104405F04EBA002070479833002087
:101B7000DE33002038B50446074D29B128682044DB
:101B8000BDE8384005F056BA2868204405F040FA10
:101B90000028F3D038BD00BF9833002000207047E4
:101BA00000F1FF5000F58F10D0F8000870470000DA
:101BB000064991F8243033B100230822086A81F8DD
:101BC0002430FFF7BFBF0120704700BF9C330020C7
:101BD000014B1868704700BF0010005C194B0138BA
:101BE0000322084470B51D68174BC5F30B042D0C78
:101BF0001E88A6420BD15C680A46013C824213460D
:101C00000FD214F9016F4EB102F8016BF6E7013AF9
:101C100003F10803ECD181420B4602D22C2203F8D7
:101C2000012B0424094A1688AE4204D1984284BF8D
:101C3000967803F8016B013C02F10402F3D1581AC3
:101C400070BD00BF0010005C1C22002078920008CC
:101C5000022804D1054B4FF480029A617047012895
:101C6000FCD1024B4FF40002F7E700BF00200258FE
:101C7000022803D1044B40229A6170470128FCD10D
:101C8000014B8022F8E700BF00200258022805D14E
:101C9000064A536983F04003536170470128FCD121
:101CA000024A536983F08003F6E700BF0020025820
:101CB00070B504464FF47A764CB1412C254628BFC6
:101CC000412506FB05F0641B04F028FDF4E770BD18
:101CD000002310B5934203D0CC5CC4540133F9E720
:101CE00010BD0000013810B510F9013F3BB191F96A
:101CF00000409C4203D11AB10131013AF4E71AB114
:101D000091F90020981A10BD1046FCE703460246E0
:101D1000D01A12F9011B0029FAD170470244034678
:101D2000934202D003F8011BFAE770472DE9F8430C
:101D30001F4D14460746884695F8242052BBDFF80D
:101D400070909CB395F824302BB92022FF2148468F
:101D50002F62FFF7E3FF95F824004146C0F1080227
:101D600005EB8000A24228BF2246D6B29200FFF7C0
:101D7000AFFF95F82430A41B17441E449044E4B2EE
:101D8000F6B2082E85F82460DBD1FFF711FF00289A
:101D9000D7D108E02B6A03EB82038342CFD0FFF751
:101DA00007FF0028CBD10020BDE8F8830120FBE726
:101DB0009C330020024B1A78024B1A70704700BF08
:101DC000DC3300201022002038B51A4C1A4D204672
:101DD00003F090FF2946204603F0B8FF2D684FF42A
:101DE0007A70D5F89020D2F8043843F00203C2F894
:101DF0000438FFF75DFF1149284604F0D7F8D5F8FD
:101E000090200F4DD2F80438286823F002030D49C2
:101E1000A042C2F804384FF4E1330B6001D003F064
:101E2000C3FE6868A04204D00649BDE8384003F00C
:101E3000BBBE38BD38400020749A00087C9A000868
:101E400014220020C43300200C4B70B50C4D044606
:101E50001E780C4B55F826209A420DD00A4B0021D3
:101E600018221846FFF75AFF0460014655F826006D
:101E7000BDE8704003F098BE70BD00BFDC330020A9
:101E80001422002038400020C43300202DE9F04700
:101E900071B6464B01201D68454BB3F80080002306
:101EA0001A46194602F014FE0446802005F028FA6E
:101EB0000746002862D0002C60D03E4EADB24FF0F5
:101EC000800A7369284643F0C0637361D6F8143101
:101ED00043F0C063C6F8143105F094F805EB08022E
:101EE00000FB05F34FF4D06C50434FF03D0E984289
:101EF00033D93269520144D4D6F81021510140D46B
:101F0000216803F100628A602268D7602268C2F803
:101F100004A02268C2F800C0D4F80090D9F80020CC
:101F200042F00102C9F80020D4F80090D9F800204E
:101F300022F01E02C9F80020D4F80090D9F8002041
:101F4000D207FBD494F80C90803361680EFA09F242
:101F50000A60CCE7002005F033F9204602F0EEFDE0
:101F6000384605F009FA134B5A6942F0C0625A61CB
:101F7000D3F8142142F0C062C3F8142161B6BDE861
:101F8000F0870D4B9A6A42F400729A629A6A42F4A0
:101F900000429A6261B60026012005F011F9B045B1
:101FA000D8D9A819013605F045F8F8E7983300208C
:101FB000DE3300200020005200ED00E030B50A447E
:101FC000084D91420DD011F8013B5840082340F3D1
:101FD0000004013B2C4013F0FF0384EA5000F6D1CB
:101FE000EFE730BD2083B8ED00F00F0300F0F00202
:101FF00000F0D000402806D0302A09D1092B07D89C
:1020000001200B7070475A1E052A01D80933F7E7E3
:102010000020704773B51446451C8E18B4421AD080
:102020000DF1060115F8010CFFF7DEFF10B90020D5
:1020300002B070BD0DF1070115F8020BFFF7D4FFD8
:102040000028F4D09DF806209DF8073043EA0213DB
:1020500004F8013BE2E70120EAE7000001218842A1
:1020600038BF084605F084B908B105F085B9704756
:1020700010B5084C01220849002001F0D1FE237858
:102080003BB1064803F0AAFB044803F03BFD0023E4
:10209000237010BDE033002088920008C036002075
:1020A0002DE9F8431C4C074688461C4D236DBBB9EF
:1020B00001224FF4004104F1500005F0C9FA236DEC
:1020C0001B686BB901224FF4805104F1500005F0F8
:1020D000BFFA236D1B681BB900202870BDE8F88388
:1020E0002B780BB1FFF7C4FF0026DFF834900A4CC1
:1020F0004645F1D00A492046C9F8047003F0F4FCC3
:102100002046013603F088FB18B1204603F0FAFCA4
:10211000EEE70120E1E700BFC0360020E0330020F9
:1021200034220020F8B503240D4E0E4F012100206B
:10213000FFF7B6FF054668B131460122384601F087
:102140006FFE014620B9084800F010F82846F8BD97
:10215000FFF78EFF013C14F0FF04E7D12546F5E7B9
:1021600088920008E43300208C9200080FB400200D
:1021700004B07047006870470346006859687047AC
:102180000B0A017043700B0C090E8370C17070470D
:10219000110A027003714170110C120E8170C2702D
:1021A0001A0A42711A0C1B0E8271C371704700002B
:1021B000C36A0239023B8B4283BF4389006C01FB37
:1021C0000300002070470000C2F307238A76CB7615
:1021D0000378032B01BF120C0A75120A4A75704767
:1021E00000F10B010022D30143EA520310F8012B46
:1021F00052FA83F38842DAB2F5D1104670470000F4
:1022000010B5417804460020013102464901022AF6
:1022100016BFA35C032203EBC03302F101021EBF11
:102220009BB203EB500398B29142F0D810BD00006E
:1022300002684AB1134613F8011B1F290DD93A2928
:10224000F9D1911C8B4202D04FF0FF3070471278C9
:10225000302AF9D1036000207047014B187870478D
:102260003036002038B50D46044618B90920002341
:102270002B6038BD0368002BF8D01A78002AF5D0FF
:102280008188DA889142F1D1587804F0E3FB10F0AC
:102290000100EBD12368EBE738B50D4640F252312F
:1022A000144602F0B9F9FF2807D9012C0BD9030A0B
:1022B000022468702B70204638BD30B1002CFAD053
:1022C00001242870F7E70024F5E70446F3E700004F
:1022D0002DE9F8430026D0F8008005460C468E769E
:1022E000836B002B4AD098F80030042B4BD1334637
:1022F0003546402720E0B7F5187F80F0C480F90606
:1023000006F1010608BF0237D05B02372BB900F592
:10231000205292B2B2F5006F0DD305F11A01C5F14A
:10232000FF0240EA03402144FFF7B6FF002800F017
:10233000AA80054400200346D8F8102092F8231004
:10234000B142D8D8002B40F09E80002D00F09B8039
:1023500000232544AB766373D8F81020137903F07B
:102360003701DB0621730BD402F13800FFF704FFBD
:10237000C4E9000193896381D3892381BDE8F8838F
:1023800000200146F4E7C36C01335ED1EA6B002301
:102390002E26551E184615F8011F013020290CD095
:1023A000052908BFE521092804D10B2B9EBFE7189A
:1023B00001337E73E718013379730B28EBD1E118F1
:1023C00000204873A17E00294BD1002B40D06FF034
:1023D0000C0604F10D000825361B331810F8011BFC
:1023E000002938D02E298BB24AD0A3F141011929F6
:1023F00003D8117B0D4200D020330373EDE7B9F110
:10240000000F05D100F520539BB2B3F5006F0BD33D
:1024100007F11A01C7F1FF0240EA09402144FFF722
:102420003BFF48B10744002002368146D8F80C3003
:10243000985B0028E3D13846B9F1000F4FF0000255
:1024400018BF002023189A76A0E7B1463746EDE77B
:102450003F23A3760123234400219976137B03B9FC
:102460006373D37A02F11C0003F03F03237300234C
:10247000FFF780FE20606360D38A6381138B7CE763
:1024800010250B46B9E73F230125A37660E700003E
:1024900038B50546002435F8020B08B9204638BD8A
:1024A00002F0EEF86308C2B203EBC43312FA83F30E
:1024B0009AB2C0F3072303EB520303EBC2339CB27F
:1024C000E9E7000037B5C37804461BB90025284664
:1024D00003B030BD00F14C01826C012340780191C2
:1024E00004F0DEFA054680B9A36BE070A06C226BA5
:1024F000C31A9342EAD2A3780199022BE6D102448F
:102500000123607804F0CCFAE1E70125DFE7000061
:1025100038B5836C05460C468B4210D0FFF7D2FFCE
:1025200060B92246012305F14C01687804F094FA61
:1025300000281CBF4FF0FF340120AC6438BD0020E0
:10254000FCE7000038B500230446C3704FF0FF33AA
:102550008364FFF7DDFF00284BD1B4F84A524AF6F6
:1025600055239D4207D10B22254904F14C0006F06A
:10257000BDFD00283FD094F84C30EB2B03D018332E
:10258000DBB2012B2ED84AF655239D4206D10822F4
:102590001C4904F19E0006F0A9FD48B3B4F8573079
:1025A000B3F5007F1ED194F85930DBB15A1E1A42A0
:1025B00018D1B4F85A30ABB194F85C30013B012B20
:1025C00010D8B4F85D306BB1B4F85F307F2B06D80B
:1025D00004F16C00FFF7CEFDB0F5803F02D3B4F8F4
:1025E000623053B94AF6552085420CBF02200320C1
:1025F00038BD0420FCE70120FAE70020F8E700BF1F
:10260000B8920008C492000802392DE9F04701F0A1
:1026100007044FF0010A466C05460AFA04F417460F
:10262000984606EB1136C1F3C809E4B23146284694
:102630000136FFF76DFF18B10120BDE8F08799461C
:1026400005EB090292F84C30234214BF012100210E
:10265000414513D06340013F82F84C3085F803A018
:10266000EBD0640014F0FF04EAD109F10103012466
:102670004FF00009B3F5007FE1D1D7E70220DCE796
:1026800001290246F8B50C4640F28C800668F36AD0
:102690008B4240F287803378013B032B00F282802B
:1026A000DFE803F00229384B04EB5405B16B3046E8
:1026B00001EB5521FFF72CFF10B14FF0FF30F8BDB3
:1026C0006F1CC5F30805B16B3046354401EB57214B
:1026D00095F84C50FFF71CFF0028EED1C7F3080710
:1026E000E3073E4496F84C0045EA00204CBF000941
:1026F000C0F30B00E3E7B16B304601EB1421FFF7A9
:1027000007FF0028D9D1640004F4FF742644B6F80A
:102710004C00D4E7B16B304601EBD411FFF7F8FE63
:102720000028CAD1A40006F14C0004F4FE74204431
:10273000FFF720FD20F07040C1E7D0E90430D579E3
:1027400053EA000101D0916801B95DBB9168022D87
:10275000A4EB01010DD1013B728940F1FF305B0A0E
:1027600043EAC053B3FBF2F399421BD81CD0601C60
:10277000A5E7032D02D193698B42F8D8D3699BB9A1
:10278000B16B304601EBD411FFF7C2FE002894D1A3
:10279000A0004C3600F4FE703044FFF7EBFC20F054
:1027A00000408CE701208AE76FF0004087E70000D7
:1027B000F8B5066804460D463378042B0CBF4FF07D
:1027C00080524FF400128A4201D80220F8BDCA0696
:1027D000FBD182680163D2B9022B13D83389B3EBE2
:1027E000551FF2D9F36BA363A36B6263002BECD08C
:1027F00003EB55234C36C5F308050020A36335448D
:10280000E563E3E7F36BC271002BE7D01A467789E3
:102810007F02BD42114604D23046FFF7C9FCA063D7
:10282000E2E72046FFF72CFF431C024606D00128B2
:10283000CBD9F36A8342C8D9ED1BEAE70120C5E78B
:1028400001292DE9F04706460C46174608D9C36A08
:102850008B4205D90378022B62D003D8012B22D0FA
:10286000022552E0033B012BFAD8816B01EBD41116
:10287000FFF74EFE0546002847D1A40006F14C03A1
:1028800004F4FE741C443378042B07D0204627F050
:102890007047FFF76FFC00F0704007433946204651
:1028A000FFF76EFC2FE001EB5108816B01EB582123
:1028B000FFF72EFE054640BB14F0010406F14C095B
:1028C00008F1010AC8F3080808BFFBB230461FBF71
:1028D00019F8083003F00F023B0103F0F00318BFB2
:1028E000134309F808300123B16BF37001EB5A214F
:1028F000FFF70EFE054640B9CAF3080A44B1C7F314
:10290000071709F80A700123F3702846BDE8F0871D
:1029100019F80A30C7F3032723F00F031F43F0E72A
:10292000816B01EB1421FFF7F3FD05460028ECD184
:10293000640006F14C0304F4FF741F551919C7F322
:1029400007274F70DFE70000F8B504460E4617462C
:10295000E3690BB91846F8BD012BA6EB0305206807
:1029600014BFAA1C3A46691CFFF76AFF0028F2D17F
:10297000E369013BE361EBE701292DE9F8430646F2
:102980000C461746056802D80220BDE8F883EB6ABA
:102990008B42F9D97AB9A14621463046A046FFF7C5
:1029A0006FFE0446B0B92B78042B02D1002F43D11F
:1029B000F7710020E9E72B78042B02D1C379022BB1
:1029C000E9D04FF0FF3239462846FFF739FF00289B
:1029D000E1D0DAE70128D7D0421C01D10120D4E7A9
:1029E0002B78042B19D1EA6AAB69023A93421CD3C3
:1029F00008F10102A2420CD02B78042B08D100234D
:102A0000A2EB090249462846FFF7FEFD0028BCD18B
:102A1000A146EB6AA342BFD8C5E70022414628463B
:102A2000FFF70EFF0028DED0AFE70133AB612B7953
:102A300043F001032B71DBE7F3798BB9B468BC4237
:102A400002D10223F371B4E721463046FFF718FEA6
:102A5000012899D9431CC1D001348442EFD0A8E7A2
:102A6000032BA6D1B368BB42A3D8B2691344BB42BF
:102A70009FD3E6E770B5C3790446032B06D181687E
:102A80008369CD18A94203D10023E371002070BDF2
:102A90004E1C20683246FFF7D3FE0028F7D131469E
:102AA000F0E700002DE9F74305460191FFF70AFD25
:102AB0000446002849D105F14C09019928464FF4F4
:102AC0000072FFF775FB2146A86407464846FFF7EA
:102AD00025F96C896402B4F5004F28BF4FF4004417
:102AE000B4F5007F2FD9204604F04AFC804630B16F
:102AF00022460021640A0026FFF710F909E0640865
:102B0000EEE72346BA194146687803F0C9FF18B9C1
:102B100026446B899E42F4D3404604F041FC688908
:102B2000801B18BF012003B0BDE8F08301366B891C
:102B30009E42F4D20123BA194946687803F0B0FFE7
:102B40000028F3D0EBE70026F1E70120EBE70000D7
:102B5000F8B50446FFF7B6FC0546002842D12378B5
:102B6000032B37D12779012F34D104F14C060146CC
:102B70004FF400723046FFF7D1F8552341227221FD
:102B800084F84A32AA2304F50D7084F84F2084F8A3
:102B90004B32522384F8301284F84C3084F84D3094
:102BA000612384F8311284F84E3084F83332A169FD
:102BB00084F83222FFF7E4FA616904F50E70FFF73A
:102BC000DFFA626B3B46314601326078A26403F063
:102BD00067FF257100226078114603F085FF0038F9
:102BE00018BF0120F8BD000000232DE9F0430B6061
:102BF00085B00F461546FFF71BFB061EC0F2B281DB
:102C0000804B53F82640002C00F0AE813C6005F06C
:102C1000FE0523786BB1607803F01CFFC70708D46A
:102C20001DB110F0040500D00A25284605B0BDE806
:102C3000F0830023F0B22370607003F0F7FEC10749
:102C400000F194810DB14207EED400212046FFF738
:102C500079FC022840F099806E4604F2122304F2B7
:102C60005221324618461033FFF784FA42F8040B1B
:102C70008B42F7D1002556F8041B00297DD0204651
:102C8000FFF760FC012879D80128A26C40F0C080D1
:102C900004F1570304F18C0113F8015B002D7BD183
:102CA0008B42F9D1B4F8B430B3F5807F74D194F885
:102CB000B830092B70D104F19400FFF75DFA4FF0A2
:102CC000FF33171841F10001BB4275EB010363D3D9
:102CD00004F1A000FFF74EFA94F8BA302063012BFC
:102CE000A37059D194F8B99003FA09F91FFA89F33E
:102CF0006381002B50D0444B04F1A800FFF73AFA4F
:102D00000646984248D8831C626304F1A400E3623B
:102D1000FFF730FA00EB020804F19C00C4F8408091
:102D2000FFF728FA10441FFA89F2A06306FB02F3AA
:102D300013EB080345EB05029F4271EB02032BD313
:102D40002E4604F1AC00FFF715FAE06365B963891C
:102D5000B34221D9E16B2046FFF72AFA81192046B8
:102D6000FFF7D6FB98B90136631993F84C30812BE5
:102D700014D02035C5F30805E8E703200135042DFC
:102D80007FF479AF042807D101E0042801D101259F
:102D90004BE701287FF678AF0D2546E705F11400D3
:102DA00004F14C063044FFF7E5F901280546F3D954
:102DB000E36A8342F0D96189821E236C02FB0133EE
:102DC0006364A16B204601EBD511FFF7A1FB00283E
:102DD000DDD105F07F0006EB8000FFF7CBF9431C47
:102DE00003D00135A842ECD0D6E70425C4E905009C
:102DF000064A257000251388E56101339BB21380D4
:102E0000E38012E734360020FDFFFF7F38360020D4
:102E1000B4F85730B3F5007FBED1B4F8626026B97C
:102E200004F17000FFF7A6F9064694F85C302663BB
:102E3000591EA3700129AFD894F859506581002D0F
:102E4000AAD0691E2942A7D1B4F85D8018F00F0FEF
:102E5000A4F80880A0D1B4F85F0018B904F16C00A0
:102E6000FFF788F9B4F85A10002995D006FB03FE45
:102E700001EB181CF44460458ED3A0EB0C00A84273
:102E8000B0FBF5F388D33E48834285D84FF6F57002
:102E900083426DD903259F1C114402EB0C03032DC3
:102EA000E7626263A16323644CD1B4F8763053EADD
:102EB00008037FF471AFBB0004F17800FFF75AF903
:102EC000E06303F2FF13B6EB532FFFF465AF4FF04F
:102ED000FF33032DC4E905334FF08003237187D1FD
:102EE000B4F87C30012B83D1511C2046FFF710FB36
:102EF00000287FF47DAFB4F84A224AF655232071AA
:102F00009A427FF475AF1F4B04F14C00FFF732F982
:102F100098427FF46DAF03F1FF5304F50C70FFF797
:102F200029F903F50053203398427FF461AF04F58B
:102F30000D70FFF71FF9A06104F50E70FFF71AF985
:102F4000606155E7B8F1000F3FF426AF7144022DE0
:102F50004FEA4703E1631EBFD91907F0010303EBF2
:102F60005103AEE70B2560E60C255EE603255CE623
:102F700040F6F575AB428CBF022501258BE700BFFB
:102F8000F5FFFF0F525261412DE9F84F07460568E2
:102F9000884649B96E69C6B1EB6AB34298BF01264B
:102FA000AB69A3B9002405E0FFF76AFB01280446DA
:102FB00003D801242046BDE8F88F421C00F0D280DF
:102FC000EB6A8342F6D84646EAE70126E8E72A7824
:102FD000EB6A042A40F08380A6F1020A023B4FF01C
:102FE000010B9A4528BF4FF0000AD146696C28466C
:102FF00001EB1931FFF78CFA00283BD109F00703E8
:10300000EA6AC9F3C8010BFA03F3901EDBB26A182F
:103010004C4609F1010992F84C20814502EA03026D
:1030200033BF5B0000234FF40071DBB228BF994629
:10303000B2B90234631E0333BCD8012321462846AB
:103040001A46FFF7E1FA0228B3D0012800F08A807F
:10305000B8F1000F13D10223FB710028A9D130E091
:10306000CA450AD0002BD2D10131B1F5007FBDD2C3
:103070000123CCE74FF0FF34DCE70024DAE7FB79EB
:10308000022B07D1731CA342E7D0BB68F31ABB61C4
:103090000323FB7108F10102FB69A24205D113B1C0
:1030A0000133FB61D9E70223FBE70BB90123FB6185
:1030B000224641463846FFF747FC00284FD10123FE
:1030C000FB61EA6AAB69023A6C6193429CBF03F10F
:1030D000FF33AB612B7943F001032B716AE746455F
:1030E00014D1741C3846A34298BF02242146FFF72E
:1030F000C7FA01283FF45DAF431C33D0E0B16B69E0
:10310000012B03D9EA6A934238BF1E463446013484
:10311000EB6AA34203D8012E7FF644AF0224214676
:103120003846FFF7ADFA48B101283FF442AF01300D
:1031300018D0B442EBD135E7002CE7D04FF0FF3286
:1031400021462846FFF77CFB48B9B8F1000FB8D0FC
:10315000224641462846FFF773FB0028B1D00128DC
:103160007FF427AF4FF0FF3424E700002DE9F84348
:1031700006680446076B894633782037042B0CBF5A
:103180004FF080534FF40013BB429CBF0023836376
:10319000836B73B1C7F30808B8F1000F3CD101335A
:1031A000416B836339B93389B3EB571F34D800239C
:1031B000A36304200AE07389013B13EA57232BD150
:1031C000FFF75EFA0128054602D80220BDE8F88321
:1031D000421C01D10120F9E7F36A834216D8B9F104
:1031E000000FE4D0616B2046FFF7CEFE0546C8B164
:1031F0000128EAD0431CEDD001463046FFF752FCCF
:103200000028E7D1E37943F00403E371294630460F
:103210006563FEF7CDFFA0634C360020276346446C
:10322000E663D3E70720D1E7F8B50E460021044650
:103230000768FFF7BDFA98B90546A16B3846FFF756
:1032400067F968B93A78E36B042A1B780CD11B063E
:103250000ED5054601212046FFF788FF0028ECD057
:10326000042808BF072006E0E52B01D0002BF0D191
:103270000135B542EED1F8BDC16C4B1C2DE9F041D2
:1032800004460568066B1FD1E5274FF00108A16BC6
:103290002846FFF73DF998B92A78E36B042A09BF5D
:1032A0001A781F7002F07F021A7085F80380236B72
:1032B000B3420DD200212046FFF758FF0028E6D088
:1032C000042808BF022003E0FFF772FA0028DBD0D1
:1032D000BDE8F0812DE9F04105460068A96B06695B
:1032E000FFF716F9044620B9EB6B1A78852A03D04C
:1032F00002242046BDE8F081324603F1200153F854
:10330000040B8B4242F8040BF9D1777801377F0127
:10331000A7F16003B3F5007FEAD800212846FFF744
:1033200025FF04280446E3D00028E2D1A96B2868D1
:10333000FFF7EEF804460028DBD1EB6B1A78C02AC1
:10334000D6D106F1200203F1200153F8040B8B4281
:1033500042F8040BF9D196F823300F222C33B3FB3B
:10336000F2F3B7EB431FC3D34FF0400800212846C8
:10337000FFF7FCFE04280446BAD00028B9D1A96B97
:103380002868FFF7C5F804460028B2D1EB6B1A781D
:10339000C12AADD1B8F5187F09D206EB080203F1B6
:1033A000200153F8040B8B4242F8040BF9D108F1C9
:1033B00020084745DAD8B8F5187F9AD83046FEF786
:1033C0001FFF7388834294D092E700000B680022AD
:1033D00010B5036004460B6A83604B6AC261C37117
:1033E00023F0FF03896AC0E90432C164FFF7E0F902
:1033F00020B92046BDE81040FFF76CBF10BD0000AB
:10340000F8B50368054601271C692046FEF7F8FE5B
:10341000A070000A6678E0702846E96CFFF7C8F9EA
:1034200020B1022828BF0220C0B2F8BDA96B2868CD
:10343000FFF76EF80028F4D1EB6B04F1200254F88A
:10344000041B944243F8041BF9D12B68DF70002E53
:10345000E7D000212846013EFFF788FEE0E70000A4
:103460002DE9F8434FF0FF08064607680424454657
:103470004FF6FF79B16B11B9002C73D063E0384679
:10348000FFF746F8044600285DD1F06B0378002B67
:103490006ED03A78042A11D1852B4DD1336B30464A
:1034A000F364FFF717FF044600284CD13B691B79F2
:1034B00003F03F03B3712046BDE8F883C27AE52BE1
:1034C00002F03F02B27143D02E2B41D022F02001F6
:1034D00008293DD00F2A40D1590637D503F0BF0542
:1034E000336B90F80D80F364437B434530D1428BBE
:1034F00072BB03780D21FC6823F04003DFF874E011
:10350000013B4B4301211EF801CB30F80CC009B33D
:10351000FF2B1DD824F813C06146013301320D2A58
:10352000F1D10278520605D521B1FF2B10D8002227
:1035300024F81320013DEDB200213046FFF716FEBE
:103540000446002896D00023B363B4E7AB42CBD047
:10355000FF25F1E7CC45E1D0FAE72DB9FEF740FEB3
:10356000404501D10024A6E74FF0FF33F364A2E702
:103570000424E8E7609300082DE9F04F002187B0AC
:103580000446D0F80090FFF713F9804670B999F817
:103590000030042B33D1D9F80C00FEF779FF074631
:1035A0002046FFF75DFF054620B18046404607B044
:1035B000BDE8F08FD9F810309A8CBA42F0D193F868
:1035C00023B040265D4506D1D9F80C3033F81530CC
:1035D000002BE5D1EAE7F106D9F8103008BF023632
:1035E000985B01F04DF8D9F80C30824633F815009D
:1035F00001F046F88245D3D102360135E2E74FF0BB
:10360000FF0A4FF0FF3B5546C4F84CB0A16B48464B
:10361000FEF77EFF00285CD1E66B3778002F77D06D
:10362000F27AE52F02F03F03A37103D0120704D50D
:103630000F2B04D0C4F84CB04FE00F2B54D194F8AA
:103640004B3058063FD4790645D5236B07F0BF07AA
:1036500096F80DA0E364737B53453ED1738B002B2A
:103660003BD135780121D9F80C3005F03F050193A5
:103670000D23013D5D43284B13F8012BB25A71B362
:10368000FF2D059329D81046049200F0F9FF6B1C1A
:1036900003900293019B33F8150000F0F1FF0399AA
:1036A00081421AD1049A029D1146059B1B4A9342FE
:1036B000E2D133785A0604D519B1019B33F815309D
:1036C0005BB97D1EEDB200212046FFF74FFD0028BB
:1036D0009CD080466AE7BD42BDD0FF25F3E74FF698
:1036E000FF708242E2D0F8E72DB93046FEF778FD50
:1036F00050453FF45BAF94F84B30DB079AD40B2274
:1037000004F14001304605F0F1FC002892D14DE76C
:103710004FF004084AE700BF609300086D9300086B
:103720002DE9F04F90F84BB099B004461BF0A0057E
:1037300040F068810668F26832F81530002B4AD1F3
:103740003378042B40F087800F230E352046B5FBDD
:10375000F3F5A91CFFF768FD8146002877D1236B9C
:103760000135A3EB4515E3795A07E56435D523F018
:1037700004032046E371FFF77DF950BB4FF0FF32A1
:10378000616B2046FFF7E0F818BBA3682BB3214616
:1037900004A8FFF71BFEE0B970894FF40071D4E96B
:1037A0000423E0FB01233069C4E904233830FEF729
:1037B000EFFC3069D4E904232830FEF7E9FCE37913
:1037C000326904A843F0010382F82130FFF718FEA4
:1037D00018B181463BE00135AEE7D6E903544022FB
:1037E00000212046FEF79AFA85230121402223700A
:1037F000C0234FF0C10C04EB010884F820300023F3
:103800001E469E46571C04F802C0F0B2023204F86D
:1038100007E021B135F8131009B10133DBB20F0A0B
:10382000A15408F802700232D706F2D135F81370AD
:103830000136002FE6D184F82330831C28466370BC
:10384000FEF726FE84F82400000A84F82500484686
:1038500019B0BDE8F08F04F140070DF1100A1BF01C
:10386000010F97E807008AE8070000F0D3804023A3
:103870004FF0010884F84B30BC46F368B8F1050FEF
:103880009AE80700ACE803002CF8022B4FEA12423A
:103890008CF8002059D9981E424630F8021F0029A2
:1038A00042D10DF10F0C072102F00F0E91461209C3
:1038B0000EF13000392888BF0EF1370001390CF8BD
:1038C000010902D0B9F10F0FEED818AB7E205A18BB
:1038D00002F8580C38460022914206D010F801CB6D
:1038E00002F1010EBCF1200F31D104F13F0C072988
:1038F00002F1010297BF18AB20205818013198BF80
:1039000010F8580C072A0CF80200F0D92046FFF7EF
:1039100033FE8146002878D108F10108B8F1640F20
:10392000AAD14FF0070992E74FF0100C01F0010EF9
:1039300049080EEB4202D30344BF82F4883282F07E
:103940002102BCF1010CF1D1A7E74246A9E772467A
:10395000C2E7216B2046A1EB4511FEF729FF814606
:1039600000287FF474AF4FF6FF783846FEF738FC36
:103970000190A16B3046FEF7CBFD814600287FF415
:1039800066AFE36BE9B2019A4FF00D0CD6F80CE08C
:103990005A734FF00F02DFF8E0A0DA724A1E187374
:1039A0000CFB02F284469876D87640451AF8019BC3
:1039B0000CF1010C18BF3EF8120003EB090B18BF05
:1039C000013203F809004FEA1029002808BF4046D9
:1039D000BCF10D0F8BF80190E7D1404502D03EF8C5
:1039E00012200AB941F0400119700123002120463C
:1039F000F370FFF7BBFB814600287FF428AF013D41
:103A0000B7D11BE04FF0060921E704287FF41FAF70
:103A100084F84BB01BF0020F20461BBF0C350D2164
:103A20000125B5FBF1F518BF01352946FFF7FCFB71
:103A3000814600287FF40BAF013D8AD1A16B30464F
:103A4000FEF766FD814600287FF401AF0146202283
:103A5000E06BFEF763F9E36B03CF18605960BA7847
:103A600039889A72198194F84B30E26B03F018038D
:103A700013730123F370EAE66093000810B504465F
:103A80000A463430FEF776FB886004F13800FEF712
:103A900073FBC2E9040194F8213003F00203D371EF
:103AA0000023D36110BD000003284B8B04BF8A8A1A
:103AB00043EA0243184670472DE9F04F0B7899B05E
:103AC000044689462F2BD0F800B001D05C2B09D1D9
:103AD0004A461378914601322F2BFAD05C2BF8D04E
:103AE000002301E0DBF81C30A3600023E3619BF8B6
:103AF0000030042B1ED1A368E3B1DBF8203021464F
:103B000004A82362DBF824306362DBF82830A36268
:103B1000FFF75CFC0346002854D1DBF8102002F1CB
:103B20003800FEF727FBC4E9040392F8213003F0C4
:103B30000203E37199F800301F2B00F235818023D6
:103B40000021204684F84B3019B0BDE8F04FFEF755
:103B50002FBE49460B78894601312F2BFAD05C2BBA
:103B6000F8D01F2B8CBF00250425012F2FD11388DF
:103B70002E2B31D1002322F8173004F140029F424E
:103B80008CBF2E21202101330B2B02F8011BF6D113
:103B900045F02005204684F84B50FFF7EDFC94F8E3
:103BA0004B30002800F0E78004280BD1990603F081
:103BB000040240F1DC80002A00F0F680802300201F
:103BC00084F84B3019B0BDE8F08F0425CDE7022F03
:103BD00002D153882E2BCAD0911E87BB002322F816
:103BE0001730002F00F0118132F81300194601330D
:103BF0002028F9D009B92E2801D145F00305901EDF
:103C000030F817302E2B01D0013FF9D14FF020337F
:103C10004FF0000A6364D0462364C4F84730082399
:103C2000481C32F811600090F6B1202E03D02E2EE1
:103C30000DD1B84210D045F003050099F0E731F8F6
:103C40001730202B01D02E2BC8D1013FC5E79A4554
:103C500005D20099B9423BD10B2B30D101E00B2B9F
:103C600027D145F003050B2394F84020E52A04BF33
:103C7000052284F84020082B04BF4FEA88085FFA29
:103C800088F808F00C030C2B03D008F00303032B77
:103C900001D145F00205A8073FF57CAF18F0010FF0
:103CA00018BF45F0100518F0040F18BF45F00805BF
:103CB00070E70099B94202D045F00305D4D84FEA25
:103CC00088080B234FF0080A00975FFA88F8B4E7DA
:103CD0007F2E15D9304640F25231CDE9022345F00E
:103CE0000203019300F098FC10F0800F0646DDE916
:103CF000022316D000F07F0646498E5D019D46B333
:103D000031464548CDE9012305F01AFADDE90123E2
:103D1000F8B9A6F1410189B219291ED848F0020864
:103D200010E0FF28EAD9591E8A4503D345F0030560
:103D30009A4682E704EB0A01000A0AF1010A019D92
:103D400081F8400004EB0A010AF1010A81F84060A1
:103D500073E745F003055F26F4E7A6F1610189B238
:103D600019299EBF203E48F00108B6B2EAE7002AB2
:103D700008BF052026E75A073FF524AFA379DB06E5
:103D800045D59BF80000042835D1A3682146E27987
:103D900023622369DBF8100023F0FF0313436362FF
:103DA000E36CA362FFF76AFE23680027DA6819F85C
:103DB000010B00283FF409AF40F25231009200F0AD
:103DC0004BFC054608B31F28009A7FF6FEAE2F284D
:103DD0003FF4BFAE5C283FF4BCAE7F2805D8014657
:103DE0000E4805F0ADF9009A78B9FF2F0DD022F8F2
:103DF00017500137DBE7216B0BF14C03C1F30801CE
:103E00001944FFF751FEA060CEE70620DAE6052050
:103E1000D8E600BFE0920008D9920008D0920008CE
:103E20001FB5CDE9001003A814460391FEF700FA70
:103E3000002815DB0B4A52F820300BB10021197015
:103E4000019B0BB10021197042F820302CB10022E7
:103E500001A96846FEF7C8FE0446204604B010BD1E
:103E60000B24FAE7343600202DE9F04798B090464D
:103E700005460191002800F0528102F03F0603A997
:103E800001A83246FEF7B0FE002840F04681039BB1
:103E90004FF48C60049303F073FA0746002800F097
:103EA0004081039B00F500720199D86004A81A6153
:103EB000FFF702FE044620B99DF95B30002BB8BF26
:103EC000062418F01C0F00F0CD80002C4CD0042CE0
:103ED00040D104A8FFF724FC044600283AD146F05C
:103EE0000806039B1A78042A40F083801869294643
:103EF0002B60FFF7C3FD039B1E22002118690230CF
:103F0000FDF70CFF039C00211A2220692630FDF7E3
:103F100005FF236920221A71246903F06BFA014618
:103F2000012208342046FEF72BF9039B04A81B69E5
:103F300083F82120FFF764FA044658B9A96801B351
:103F400002462846FEF718FDAB68039A0446013B7B
:103F50005361B4B1384603F023FA0CB100232B604F
:103F6000204618B0BDE8F0879DF8163013F0110F09
:103F700040F0848018F0040F40F0C98018F0080F5A
:103F8000AFD1039A31071399936C48BF46F04006AE
:103F9000E964AB641078042872D1069B9DF8171071
:103FA0002B62089B106923F0FF030B4329466B62C9
:103FB000179BAB62FFF762FDDDF80CA00024002226
:103FC00005F15008BAF8063021464046C5F800A071
:103FD000AB80002385F8306085F831406C64C5E91A
:103FE0000E234FF40072FDF799FEB20653D400245D
:103FF000B0E703F0FFF90146009013980E30FEF78A
:10400000BFF8139800991630FEF7BAF8039C13997D
:104010002078FFF749FD202300228046CB722046FE
:104020001399FEF7D1F8139B002201211A775A77D2
:104030009A77DA77039BD970B8F1000FA1D0414687
:1040400004A8D3F84890FEF797FC0446002881D1D5
:1040500049460398FEF75CFA039B044608F1FF30DB
:10406000586176E7002C7FF475AF9DF81630DC06BA
:104070004FD418F0020F84D0D80782D5072469E7FF
:10408000FFF712FD0023A86001F11C00FEF772F893
:104090006B61286190E7D5E9046956EA0903A6D067
:1040A000BAF80AA0A9684FEA4A2AC5E90E69B245DA
:1040B00074EB09031BD300242964002C7FF44AAF5E
:1040C000C6F30803002B92D0039C2046FEF770F83D
:1040D00008B3760A0123414646EAC95682196A6442
:1040E000607802F0B9FC041E18BF012432E72846AC
:1040F000FEF7C6FAB6EB0A06014669F10009012887
:1041000003D9431CD3D10124D6E70224D4E70824E1
:1041100020E704241EE702241CE704461EE70924C6
:104120001EE711241CE700002DE9F04F994685B0E9
:104130000023884603A90446C9F800301646FEF756
:1041400091F8054680BB94F831506DBB94F830303F
:1041500013F00103009300F0A68004F1500AD4E9A3
:104160000432D4E90E011B1A62EB0102B34272F170
:10417000000238BF1E46BEB1D4E90E10C1F30803D9
:10418000002B40F08280039B5A894B0A013A43EA94
:10419000C0531A401BD151EA000309D1A06801287D
:1041A0000DD8022584F83150284605B0BDE8F08FBF
:1041B000216C20460192FEF763FA019AEFE7431C57
:1041C00004D10123009D84F83130EDE72064DDF84F
:1041D0000CB0216C5846FDF7EBFF0028E1D0B6F596
:1041E000007F02EB000731D3BBF80A1002EB562028
:1041F000730A88429BF8010088BF8B1A3A464146F1
:10420000019302F029FC0028DBD194F93020019BB6
:10421000002A0BDA606CC01B984207D24FF4007280
:10422000514608EB4020FDF753FD019B5F02D9F892
:104230000030F61BB8443B44C9F80030D4E90E32D4
:10424000DB1942F10002C4E90E3294E7626CBA4213
:104250001AD094F93030002B0DDA012351469BF827
:10426000010002F01DFC0028ABD194F8303003F0BF
:104270007F0384F83030039801233A465146407852
:1042800002F0EAFB00289CD16764A16B4046C1F3B1
:104290000801C1F500775144B74228BF37463A4676
:1042A000FDF716FDC3E707257EE7000070B596B061
:1042B0000E460022019002A901A8FEF795FC0446D3
:1042C000E0B94FF48C6003F05BF80546D8B1029B6F
:1042D00000F500720199D86002A81A61FFF7ECFBA3
:1042E000044640B99DF95330002B0ADB1EB131461C
:1042F00002A8FDF7EDFF284603F052F8204616B05D
:1043000070BD0624F7E71124F8E7000070B5B8B0D7
:104310000222019003A901A8FEF766FC044608BB2F
:10432000039B4FF48C60109303F02AF80546002895
:1043300066D0039B00F500720199D86010A81A613D
:10434000FFF7BAFB044650B99DF88B30980655D458
:10435000190653D49DF84630DA0706D507242846B7
:1043600003F01EF8204638B070BD039B0493187804
:10437000042814D104A91869FFF780FB069E9DF854
:104380004630DB0610D410A8FEF776FF044600285E
:10439000E5D156BB0398FEF7DBFB0446DFE71F9928
:1043A000FFF782FB0646EAE7039BDA69B242D5D003
:1043B00024930021269624A81B78042B01BFDDE955
:1043C0000823CDE928239DF817308DF89730FEF7A4
:1043D000EFF904460028C2D124A8FFF741F80446AB
:1043E0000028BBD00428BAD1CDE70246314604A844
:1043F000FEF7C2FA04460028B1D1CBE70624AEE7A7
:104400001124AFE7F0B5BDB0CDE900106846FDF767
:104410000FFF022203A901A8FEF7E6FB04460028CD
:1044200041D1039B4FF48C60149302F0A9FF054621
:10443000002800F0EE80039B00F5007214AE019995
:10444000D8601A613046FFF737FB044640BB9DF841
:104450009B3013F0A00F40F0D880039B009F1A7888
:10446000042A68D11B6904AC03F1400C18680833B6
:1044700053F8041C2246634503C21446F6D1502269
:10448000314628A8FDF724FC394628A8FFF714FB7D
:10449000044600284CD12A9A169B9A4206D008243A
:1044A000284602F07DFF20463DB0F0BD349A209BA7
:1044B0009A42F4D128A8FFF733F904460028EFD137
:1044C000039B04AF1B6993F801E093F823C09C8C15
:1044D0003A46083303CAB24243F8080C43F8041CB6
:1044E0001746F5D1039B28A81B6983F801E0039BBD
:1044F0001A6982F823C01A6982F82440240A82F8D3
:1045000025401A691379D9065CBF43F02003137163
:10451000FEF776FF04460028C2D13046FEF7ACFE17
:1045200004460028BCD10398FEF712FB0446B7E707
:104530000428B5D1BEE7239A04AB02F1200C106821
:10454000083252F8041C1C46624503C42346F6D1C7
:104550005022314628A8FDF7BBFB394628A8FFF7B3
:10456000ABFA044600284CD12A9A169B9A4296D15F
:10457000349A209B9A4292D128A8FFF7D1F804469A
:1045800000288DD137990DF11D030DF12D0001F19A
:104590000D0253F8044B834242F8044BF9D11888BA
:1045A000012710809B7893709DF81B30039CDA06DE
:1045B00058BF43F02003CB72E770CB7ADB06ACD553
:1045C000169A2A9B9A42A8D02078FFF76DFA0146E6
:1045D0002046FDF7EDFD0146C8B12046FDF798FFE6
:1045E000044600287FF45CAF039890F86D302E2BC2
:1045F00093D12A9A00F16C01FDF7E6FD039BDF7071
:104600008BE704287FF44CAFB6E7062448E7022482
:1046100046E7112447E700007F2810B501D880B293
:1046200010BDB0F5803F13D240F2523399420FD102
:104630000849002231F8024B93B2844203D103F1BE
:104640008000C0B2ECE70132802AF3D11346F6E7CE
:104650000020E5E7209600087F280DD940F252336C
:10466000994208D1FF2806D800F10040034B80385A
:1046700033F8100070470020704700BF20960008F4
:10468000B0F5803FF0B522D21F4A83B21F49B0F582
:10469000805F28BF0A46141D34F8042C2146AAB1B5
:1046A000934213D334F8025C2E0AEFB252FA85F526
:1046B000A84222DA082E09D8DFE806F0050A10120F
:1046C0001416181A1C00801A34F810301846F0BD61
:1046D000981A00F001001B1A9BB2F7E7103BFBE7AA
:1046E000203BF9E7303BF7E71A3BF5E70833F3E700
:1046F000503BF1E7A3F5E353EEE70434002ECBD1B2
:1047000001EB4702C7E700BF7093000864950008FB
:1047100008B5074B074A196801F03D0199605368D5
:104720000BB190689847BDE8084003F08FB800BF10
:10473000000002403C36002008B5084B1968890982
:1047400001F03D018A019A60054AD3680BB11069F6
:104750009847BDE8084003F079B800BF0000024068
:104760003C36002008B5084B1968090C01F03D01E2
:104770000A049A60054A53690BB190699847BDE8ED
:10478000084003F063B800BF000002403C36002040
:1047900008B5084B1968890D01F03D018A059A603A
:1047A000054AD3690BB1106A9847BDE8084003F089
:1047B0004DB800BF000002403C36002008B5074B52
:1047C000074A596801F03D01D960536A0BB1906AFC
:1047D0009847BDE8084003F039B800BF0000024028
:1047E0003C36002008B5084B5968890901F03D01A5
:1047F0008A01DA60054AD36A0BB1106B9847BDE8AD
:10480000084003F023B800BF000002403C360020FF
:1048100008B5084B5968090C01F03D010A04DA603B
:10482000054A536B0BB1906B9847BDE8084003F005
:104830000DB800BF000002403C36002008B5084B10
:104840005968890D01F03D018A05DA60054AD36B8C
:104850000BB1106C9847BDE8084002F0F7BF00BFED
:10486000000002403C36002008B5074B074A196893
:1048700001F03D019960536C0BB1906C9847BDE815
:10488000084002F0E3BF00BF000402403C360020B5
:1048900008B5084B1968890901F03D018A019A6041
:1048A000054AD36C0BB1106D9847BDE8084002F083
:1048B000CDBF00BF000402403C36002008B5084BC5
:1048C0001968090C01F03D010A049A60054A536D0C
:1048D0000BB1906D9847BDE8084002F0B7BF00BF2C
:1048E000000402403C36002008B5084B1968890DC9
:1048F00001F03D018A059A60054AD36D0BB1106E37
:104900009847BDE8084002F0A1BF00BF0004024084
:104910003C36002008B5074B074A596801F03D01B5
:10492000D960536E0BB1906E9847BDE8084002F015
:104930008DBF00BF000402403C36002008B5084B84
:104940005968890901F03D018A01DA60054AD36E90
:104950000BB1106F9847BDE8084002F077BF00BF69
:10496000000402403C36002008B5084B5968090C89
:1049700001F03D010A04DA60054A536F0BB1906FF4
:104980009847BDE8084002F061BF00BF0004024044
:104990003C36002008B5084B5968890D01F03D01EF
:1049A0008A05DA60054AD36F13B1D2F880009847C0
:1049B000BDE8084002F04ABF000402403C36002037
:1049C00000230C4910B51A460B4C0B6054F8230019
:1049D000026001EB430004334260402BF6D1074AEA
:1049E0004FF0FF339360D360C2F80834C2F80C3440
:1049F00010BD00BF3C360020209700080000024098
:104A00000F28F8B510D9102810D0112811D012286D
:104A100008D10F240720DFF8B4E00126DEF80050AB
:104A2000A04208D9002649E00446F4E70F240020FC
:104A3000F1E70724FBE706FA00F73D4240D1214C9D
:104A40004FEA001C3D4304EB00160EEBC000CEF80D
:104A50000050C0E90123FBB24BB11B48836B43F00C
:104A600001038363036E43F001030366036E17F4CF
:104A70007F4F09D01448836B43F002038363036EB6
:104A800043F002030366036E54F80C00036823F03E
:104A90001F030360056815F00105FBD104EB0C034F
:104AA0003D2493F80CC05F6804FA0CF43C602124A8
:104AB0000560446112B1987B00F052FC3046F8BDAD
:104AC0000130ADE720970008004502583C36002031
:104AD00010B5302484F31188FFF792FF002383F38D
:104AE000118810BD10B50446807B00F04FFC0123F7
:104AF0001049627B03FA02F20B6823EA0203DAB27E
:104B00000B604AB90C4A916B21F001019163116E5F
:104B100021F001011166126E13F47F4F09D1064B8B
:104B20009A6B22F002029A631A6E22F002021A664F
:104B30001B6E10BD3C3600200045025808B53023DE
:104B400083F31188FFF7CEFF002383F3118808BD9C
:104B5000836CC26A8B42506810B506D95A1E4C004D
:104B600002EB4103B3FBF4F3184410BD01F0010361
:104B70008A0748BF43F002034A0748BF43F00803CF
:104B80000A0748BF43F00403CA0648BF43F01003B6
:104B90008A06426B48BF43F02003134343637047C8
:104BA00010B5074C204600F093FF064B0022C4E9E5
:104BB0001023054BA364054BE363054BE36410BD71
:104BC000C03600200070005200B4C4041437002026
:104BD00014390020C36A0BB90E4BC3620379012B51
:104BE0000CD10D4B984209D10C4B5A6B42F48032D8
:104BF0005A63DA6D42F48032DA65DB6D436C002271
:104C00001A65DA621A605A605A624FF0FF329A638C
:104C1000704700BF20980008C036002000450258A9
:104C20000379012B20D0436C00221A65DA621A60E6
:104C30005A605A624FF0FF329A630C4B984213D17C
:104C40000B4BDA6F42F48032DA67DA6F22F480328B
:104C5000DA67DB6F074B5A6B22F480325A63DA6DE6
:104C600022F48032DA65DB6D704700BFC036002069
:104C7000004402580045025810B5446C0649FFF73D
:104C800067FF6060236842F2107043F00303236003
:104C9000BDE8104001F042BD801A06000129F8B5B8
:104CA000466C0B4F09D175680A493D40FFF750FF2C
:104CB000054345F480557560F8BD746806493C406D
:104CC000FFF746FF044344F480547460F4E700BFE8
:104CD00000ECFFFF80F0FA0240787D01436C002277
:104CE0005A601A6070470000426C0129536823F42F
:104CF000404304D0022905D001B95360704743F402
:104D00008043FAE743F40043F7E70000436C41F4C3
:104D100080519A60D9605A6B1206FCD580229A6342
:104D20007047000010B541F48851446CA260E16006
:104D3000616B11F04502FBD0A26311F0040203D0B5
:104D4000FFF714FF012010BD616910461960FAE7F2
:104D500010B541F48851446CA260E160616B11F0C0
:104D60004502FBD0A26311F0050203D0FFF7FEFE5F
:104D7000012010BD616910461960FAE773B513464A
:104D800004460E46302282F31188426CD26B32B157
:104D90004FF0FF314030019301F0CCFC019B606C7F
:104DA00000220265C263C262456B15F4807504D1AE
:104DB00085F31188012002B070BD4FF0FF3181638F
:104DC00082F31188012E06D90C21204602B0BDE8DD
:104DD0007040FFF7BDBF1046EDE7000073B5446CAF
:104DE0000E4600250192616BA1632565E562FFF720
:104DF000BDFE012E07D9019B2A460C2102B0BDE859
:104E00007040FFF7A5BF02B070BD000010B541F4BF
:104E10009851446CA260E160616B11F04502FBD0D7
:104E2000A26311F03F0203D0FFF7A0FE012010BDE6
:104E3000216A10461960E1695960A1699960616948
:104E4000D960F4E72DE9F74304460191006D01A90B
:104E50001746984602F014FC064600284AD0626CB9
:104E60002046DDF804905568C5F3090501356B004F
:104E7000A56CB5FBF3F54FF47A73B5FBF3F55D4321
:104E8000556200F0A7FC50BB636C4FF0FF32012568
:104E90004146C3F8589020461D659A634FF49572B9
:104EA000DA6342F207029F62DA62E36C0A9AFFF762
:104EB0004FFFA0B9E26C104B11680B407BB929463B
:104EC0002046FFF75BFF054648B92E463A46019952
:104ED000206D02F00DFC304603B0BDE8F083E26CBB
:104EE00020460121FFF77AFF3A460199206D02F032
:104EF000FFFBF0E70126EEE708E0FFFD2DE9F743B1
:104F00001F46436C01924FF47A725D6804468846EE
:104F1000C5F3090501356E00856CB5FBF6F5B5FBEB
:104F2000F2F555435D6200F055FC20B1012528469D
:104F300003B0BDE8F0837E0201A9206D324602F085
:104F40009FFB05460028F1D0636C019AD4F84C9081
:104F50009A6501221A654FF0FF329A634FF49572F9
:104F6000DA639E62236BDB064B4658BF4FEA482844
:104F7000012F42461BD912212046FFF7E9FEC0B996
:104F8000D9F80020104B13409BB9636C42F2930296
:104F900039462046DA62E26CFFF7F0FE804640B9FF
:104FA00032460199206D454602F0A2FBBFE7112170
:104FB000E2E7E26C39462046FFF710FF32460199DE
:104FC000206D02F095FBB2E708E0FFFD2DE9F3410B
:104FD0001F46436C01924FF47A725D68044688461E
:104FE000C5F3090501356E00856CB5FBF6F5B5FB1B
:104FF000F2F555435D6200F0EDFB20B10125284636
:1050000002B0BDE8F0817E0201A9206D324602F0B7
:1050100087FB05460028F1D0636C019A9A6501224E
:105020001A654FF0FF329A634FF48D72DA639E6215
:10503000236BE66CDB06334658BF4FEA4828012F46
:10504000424619D919212046FFF782FEB0B93268CD
:105050000F4B134093B9636C42F2910239462046DC
:10506000DA62E26CFFF78AFE064638B901993546E6
:10507000206D02F091FBC2E71821E4E73946204693
:10508000E26CFFF7ABFE0199206D02F085FBB6E7FD
:1050900008E0FFFD12F0030F2DE9F04107460C4632
:1050A00015461E4617D00E44B44202D10020BDE87A
:1050B000F0810123FA6B21463846FFF71FFF0028D5
:1050C000F5D128464FF40072F96B05F500750134EF
:1050D000FCF7FEFDE8E7BDE8F041FFF70FBF000079
:1050E00012F0030F2DE9F04107460C4615461E4607
:1050F00017D00E44B44202D10020BDE8F081294609
:105100004FF40072F86B05F50075FCF7E1FD012323
:10511000FA6B21463846FFF759FF0028EDD10134DC
:10512000E8E7BDE8F041FFF751BF000000207047FD
:10513000302310B583F311880024436C403021469E
:10514000DC6301F005FB84F3118810BD026843683D
:105150001143016003B1184770470000024A136809
:1051600043F0C003136070470078004013B50E4C45
:10517000204600F00DFD04F1140000234FF40072EE
:105180000A49009400F072F9094B4FF40072094982
:1051900004F13800009400F0EBF9074A074BC4E92A
:1051A000172302B010BD00BF183900208439002039
:1051B0005D510008843B00200078004000E1F505C7
:1051C000037C30B5214C002918BF0C46012B0CD1B3
:1051D0001F4B984209D11F4B9A6C42F080429A644F
:1051E0001A6F42F080421A671B6F2268036EC16D0E
:1051F00003EB52038466B3FBF2F36268150442BF0B
:1052000023F0070503F0070343EA4503CB60A368D7
:1052100043F040034B60E36843F001038B6042F4CA
:10522000967343F001030B604FF0FF330B6251059F
:1052300005D512F0102205D0B2F1805F04D080F8BD
:10524000643030BD7F23FAE73F23F8E72898000851
:1052500018390020004502582DE9F047C66D054673
:10526000F469220734621AD014F0080118BF4FF411
:105270008071E3074FF0300348BF41F02001A707DA
:1052800048BF41F04001600748BF41F0800183F30F
:105290001188281DFFF75AFF002383F31188E205C8
:1052A0000AD5302383F311884FF48061281DFFF75E
:1052B0004DFF002383F3118830274FF0000914F0CD
:1052C000200838D137683B0615D54FF0300905F175
:1052D000380A20060FD589F31188504600F07CF972
:1052E000002835DA0821281DFFF730FF27F0800756
:1052F000002383F31188790613D5620611D5302374
:1053000083F31188D5E913239A4207D12B6C2BB173
:1053100027F040071021281DFFF718FF002383F313
:105320001188E306376018D5AA6E1369ABB15069CE
:10533000BDE8F047184787F31188736A284695F847
:105340006410194000F03EFC89F31188F469B6E757
:10535000B06288F31188F469BBE7BDE8F08700000C
:10536000090100F16043012203F56143C9B283F8EA
:10537000001300F01F039A4043099B0003F16043B0
:1053800003F56143C3F880211A60704700F01F03E2
:1053900001229A40430900F160409B0000F5614002
:1053A00003F1604303F56143C3F88020C3F8802113
:1053B000002380F800337047F8B51546826804462C
:1053C0000B46AA4200D28568A1692669761AB542C1
:1053D0000BD218462A46FCF77BFCA3692B44A36139
:1053E0002846A3685B1BA360F8BD0CD9AF1B184609
:1053F0003246FCF76DFC3A46E1683044FCF768FC45
:10540000E3683B44EBE718462A46FCF761FCE36897
:10541000E5E7000083689342F7B50446154600D2DD
:105420008568D4E90460361AB5420BD22A46FCF7E7
:105430004FFC63692B4463612846A3685B1BA36030
:1054400003B0F0BD0DD93246AF1B0191FCF740FC13
:1054500001993A46E0683144FCF73AFCE3683B4482
:10546000E9E72A46FCF734FCE368E4E710B50A44B0
:105470000024C361029B8460C16002610362C0E9D1
:105480000000C0E9051110BD08B5D0E9053293420E
:1054900001D1826882B98268013282605A1C4261FD
:1054A00019700021D0E904329A4224BFC3684361D5
:1054B00001F068F9002008BD4FF0FF30FBE7000065
:1054C00070B5302304460E4683F31188A568A5B154
:1054D000A368A269013BA360531CA36115782269EC
:1054E000934224BFE368A361E3690BB12046984768
:1054F000002383F31188284607E03146204601F057
:1055000031F90028E2DA85F3118870BD2DE9F74FF3
:1055100004460E4617469846D0F81C904FF0300AC5
:105520008AF311884FF0000B154665B12A463146C3
:105530002046FFF741FF034660B94146204601F08F
:1055400011F90028F1D0002383F31188781B03B0F0
:10555000BDE8F08FB9F1000F03D001902046C84795
:10556000019B8BF31188ED1A1E448AF31188DCE746
:10557000C160C361009B82600362C0E905111144F0
:10558000C0E9000001617047F8B504460D461646B3
:10559000302383F31188A768A7B1A368013BA360F8
:1055A00063695A1C62611D70D4E904329A4224BFB7
:1055B000E3686361E3690BB120469847002080F3FC
:1055C000118807E03146204601F0CCF80028E2DAE5
:1055D00087F31188F8BD0000D0E9052310B59A4281
:1055E00001D182687AB982680021013282605A1C36
:1055F00082611C7803699A4224BFC368836101F009
:10560000C1F8204610BD4FF0FF30FBE72DE9F74F02
:1056100004460E4617469846D0F81C904FF0300AC4
:105620008AF311884FF0000B154665B12A463146C2
:105630002046FFF7EFFE034660B94146204601F0E1
:1056400091F80028F1D0002383F31188781B03B070
:10565000BDE8F08FB9F1000F03D001902046C84794
:10566000019B8BF31188ED1A1E448AF31188DCE745
:105670000379052B05BF836A002001204B6004BF1E
:105680004FF400730B60704773B504460D460F4E20
:10569000A26B01AB0D2120468DB1FFF759FB90B9EC
:1056A000019B33420ED1C3F34323042B0BD0053BA4
:1056B000022B07D84FF47A7001F030F8E8E7FFF7D3
:1056C00031FBECE7012002B070BD00BF08E0FFFD38
:1056D000F8B5856A0446A94202D26D1AAB4205D9D3
:1056E000636B012043F080036363F8BD06250571F9
:1056F000FFF7D0FC05232371F7E70000F8B5856AB2
:105700000446A94202D26D1AAB4205D9636B01204F
:1057100043F080036363F8BD07250571FFF7E0FCE4
:1057200005232371F7E7000038B505790446052DF8
:1057300005D108230371FFF7F9FC257138BD01205D
:10574000FCE70000036B03F00F03022BF0B50546E6
:1057500085B00C464FF000070CD10F7003AB1A4A0E
:105760000621FFF7F5FA78B9184B039A13405BB995
:10577000012308E0C66B7E220F7018307F2103F0F2
:1057800009FA20B900232370002005B0F0BD0623DC
:105790004022314628460097FFF754FB0028F1D1FC
:1057A000B3895BBA9B07EFD5094B402231462846A7
:1057B00000930623FFF746FB0028E3D1337C03F078
:1057C0000F030F2BDED0D3E70001B90308E0FFFD84
:1057D000F1FFFF800121FFF757BF000070B53023B4
:1057E000054683F3118803790024022B03D184F347
:1057F0001188204670BD0423037184F311880226AA
:10580000FFF7E8FF04462846FFF768FA2E71F0E735
:105810000021FFF739BF00000323F0B5044687B02D
:10582000002503718DF80F50FFF726FA2A46294606
:105830002046FFF76BFA4FF4D57205AB08212046DE
:10584000FFF786FA0246B8B901232363059BC3F329
:105850000323012B09D105AB37212046FFF778FA46
:1058600018B9934B059A1340ABB120460125FFF7B9
:1058700035FA0223237114E105AB2A46372120466D
:10588000FFF766FA28B98A4A059B1A40002A00F0F9
:10589000AC8002232363236B03F00F03022B40F041
:1058A000AE806425834E42F2107000F037FF05ABE6
:1058B000324601212046FFF735FA0028D5D1059B55
:1058C000002B80F298805B0003D5236B43F010031C
:1058D0002363002204F1080302212046FFF796FA11
:1058E00002460028C1D104F1380303212046FFF706
:1058F0002FFA0028B9D104F11805A26B092120461E
:105900002B46FFF783FA0028AFD104ABA26B072127
:105910002046FFF71DFA0028A7D10DF10F01204600
:10592000FFF710FF0028A0D19DF80F102046FFF7C9
:10593000B5F92046FFF76CFF0646002895D1236B8A
:1059400003F00F03022B40F083807E227F21284644
:1059500003F020F901287BD9E56B42F2107000F0CA
:10596000DDFE08234FF40072294620460096FFF71B
:1059700069FA00287FF479AF284603F059F9A0624C
:105980000DF10F012046FFF7DDFE00287FF46DAF1B
:105990009DF80F102046FFF781F904AB4FF4007219
:1059A00010212046FFF7D4F9054600287FF45DAFAB
:1059B0003F4E049B33427FF458AF236B13F00E0F1E
:1059C00003F00F0248D0022A7FF44FAFE36A197840
:1059D000012969D0022969D0002960D0364F2046BC
:1059E000FFF782F905AB3A464EE0114620462263A6
:1059F000FFF78CF94FE7013D7FF455AF35E72F4DA9
:105A000064262F4A2A4F012B18BF154605AB0022EA
:105A100037212046FFF79CF900287FF426AF059B2D
:105A20003B427FF422AF05AB2A4629212046FFF7EF
:105A300079F900287FF419AF059B002BFFF643AFDF
:105A4000013E3FF412AF42F2107000F067FEDDE756
:105A5000284603F0C1F892E7E36A1978F9B1012901
:105A60007FF403AF2046FFF73FF905ABA26B372168
:105A70002046FFF76DF900287FF4F7AE059B33420F
:105A80007FF4F3AE05AB022206212046FFF760F952
:105A900000287FF4EAAE059B33427FF4E6AE05238F
:105AA0002371284607B0F0BD064F98E7064F96E7EA
:105AB00008E0FFFD0080FFC00000B7030080FF503A
:105AC000000010800001B7030002B703FFF768B8B9
:105AD000044B03600123037100234363C0E90A33CD
:105AE000704700BF4098000810B53023044683F388
:105AF0001188C162FFF76EF802230020237180F342
:105B0000118810BD10B53023044683F31188FFF7C8
:105B100087F800230122E362227183F3118810BD0C
:105B2000026843681143016003B1184770470000E1
:105B30001430FFF7EBBC00004FF0FF331430FFF7D9
:105B4000E5BC00003830FFF761BD00004FF0FF33C7
:105B50003830FFF75BBD00001430FFF7B1BC000028
:105B60004FF0FF311430FFF7ABBC00003830FFF7C7
:105B70000BBD00004FF0FF323830FFF705BD0000CD
:105B8000012914BF6FF0130000207047FFF7EEBA31
:105B9000044B036000234360C0E902330123037414
:105BA000704700BF6498000810B53023044683F3A3
:105BB0001188FFF705FB02230020237480F311886E
:105BC00010BD000038B5C36904460D461BB9042159
:105BD0000844FFF7A5FF294604F11400FFF754FC21
:105BE000002806DA201D4FF40061BDE83840FFF7B9
:105BF00097BF38BD026843681143016003B118477D
:105C00007047000013B5406B00F58054D4F8A438F9
:105C10001A681178042914D1017C022911D119794B
:105C2000012312898B4013420BD101A94C3002F0A1
:105C3000DFFED4F8A4480246019B2179206800F0D9
:105C400005FA02B010BD0000143002F061BE000081
:105C50004FF0FF33143002F05BBE00004C3002F016
:105C600033BF00004FF0FF334C3002F02DBF000077
:105C7000143002F02FBE00004FF0FF31143002F05C
:105C800029BE00004C3002F0FFBE00004FF0FF3292
:105C90004C3002F0F9BE000010B500F58054D4F885
:105CA000A4381A681178042917D1017C022914D16B
:105CB0005979012352898B4013420ED1143002F0DE
:105CC000C3FD024648B1D4F8A4484FF4407361794B
:105CD0002068BDE8104000F0A7B910BD406BFFF789
:105CE000DBBF000000290CBF6FF0130000207047DD
:105CF000704700007FB5124B01250426044603605F
:105D00000023057400F1840243602946C0E9023390
:105D10000C4B0290143001934FF44073009602F044
:105D20006FFD094B04F69442294604F14C0002949D
:105D3000CDE900634FF4407302F036FE04B070BD4D
:105D40008C980008DD5C0008055C0008302383F3B4
:105D500011880B790A680B3342F823004B7913330F
:105D600042F823008B7913B10B3342F8230000F57E
:105D70008053C3F8A41802230374002080F3118811
:105D80007047000038B5037F044613B190F85430D3
:105D9000ABB90125201D0221FFF72CFF04F11400EF
:105DA0006FF00101257700F0F9FC04F14C0084F854
:105DB00054506FF00101BDE8384000F0EFBC38BD31
:105DC00010B5012104460430FFF714FF00232377A8
:105DD00084F8543010BD000038B504460025143056
:105DE00002F026FD04F14C00257702F0F5FD201DA0
:105DF00084F854500121FFF7FDFE2046BDE83840ED
:105E0000FFF74ABF90F8803003F06003202B06D1E3
:105E100090F881200023212A03D81F2A06D80020C9
:105E20007047222AFBD1C0E91D3303E0034A4267D1
:105E300007228267C3670120704700BF3C22002011
:105E400037B500F58055D5F8A4381A6811780429BB
:105E50001AD1017C022917D11979012312898B40AB
:105E6000134211D100F14C04204602F075FE58B1E6
:105E700001A9204602F0BCFDD5F8A4480246019BCA
:105E80002179206800F0E2F803B030BD2DE9F3413C
:105E900004460D4621B301F10B0350F82360FEB117
:105EA000302383F3118800EB810706F14C08FB686F
:105EB0005B691B6833B1404602F0A8FD0821301D24
:105EC000FFF798FE01A9404602F092FD024650B14C
:105ED000019B2946204600F0B9F8002383F311887E
:105EE00002B0BDE8F081FB685A69126832B11B8AC2
:105EF000013B134002D104F18002EAE71021301D7A
:105F0000FFF778FEE9E7000038B509B3133150F820
:105F10002140ECB1302383F3118804F58053D3F88A
:105F2000A4281368527903EB8203DB689B695D68E0
:105F300045B104216018FFF75DFE294604F1140005
:105F400002F08CFC2046FFF7A7FE002383F31188A4
:105F500038BD00007047000010B50446002102F073
:105F600095FA0021204602F085FA63681B6813B198
:105F7000062120469847A36823F00113A36000235D
:105F8000A367062384F8703010BD000001F076BDD1
:105F900001234022002110B5044600F8303BFBF7F6
:105FA000BDFE0023C4E9013310BD000010B530234D
:105FB000044683F311882422416000210C30FBF752
:105FC000ADFE204601F07CFD02230020237080F30B
:105FD000118810BD70B500EB8103054650690E466F
:105FE0001446DA6018B110220021FBF797FEA06971
:105FF00018B110220021FBF791FE31462846BDE87A
:10600000704001F05FBE000083682022002103F091
:10601000011310B5044683601030FBF77FFE204665
:10602000BDE8104001F0DABEF0B4012500EB8104B8
:1060300047898D40E4683D43A4694581236000237E
:10604000A2606360F0BC01F0F7BE0000F0B401256F
:1060500000EB810407898D40E4683D436469058154
:1060600023600023A2606360F0BC01F06DBF0000FC
:1060700070B5022300250446242203702946C0F887
:1060800088500C30C56640F8045CFBF747FE20469C
:1060900084F8705001F0A8FD63681B6823B129469D
:1060A0002046BDE87040184770BD00000378052BFE
:1060B00010B504460AD080F88C300523037043687D
:1060C0001B680BB1042198470023A36010BD00009A
:1060D0000178052906D190F88C20436802701B686E
:1060E00003B118477047000070B590F8703004464F
:1060F0003BB1836823F0011383600023836780F83A
:10610000703004F180020021204601F08BFE6368AC
:106110009B684BB994F8803013F0600528D0204676
:10612000BDE87040FFF718BF204698470028F1D01F
:10613000B4F88630A26F9A4288BFA36794F9803082
:10614000A56F002B4FF0300380F20281002D00F08C
:10615000F180092284F8702083F311880021204601
:10616000D4E91D23FFF772FF002383F3118870BD6C
:1061700094F8812003F07F0343EA022340F20232C5
:10618000934200F0C48021D8B3F5807F47D00DD86A
:10619000012B3ED0022B00F09280002BBFD104F1E6
:1061A000880262670222A267E367C1E7B3F5817FD5
:1061B00000F09A80B3F5407FB1D194F88230012B82
:1061C000ADD1B4F8883043F0020331E0B3F5006F8D
:1061D0004CD017D8B3F5A06F30D0A3F5C063012B16
:1061E0009DD86368204694F882205E6894F88310F6
:1061F000B4F88430B047002891D0436863670368DF
:10620000A36719E0B3F5106F35D040F60242934210
:1062100085D15C4B63670223A3670023C4E794F82E
:106220008230012B7FF47BAFB4F8883023F0020377
:10623000A4F88830C4E91D55E56779E7B4F88030E3
:10624000B3F5A06F0ED194F88230204684F88A30DE
:1062500001F02AFD63681B6813B1012120469847AD
:10626000032323700023C4E91D339DE704F18B034E
:1062700063670123C4E72378042B10D1302383F311
:1062800011882046FFF7C0FE85F31188032163685B
:1062900084F88B5021701B680BB12046984794F806
:1062A0008230002BDED084F88B30042323706368A7
:1062B0001B68002BD6D0022120469847D2E794F8DD
:1062C000843020461D0603F00F010AD501F09CFD25
:1062D000012804D002287FF422AF2B4B9AE72B4BE6
:1062E00098E701F083FDF3E794F88230002B7FF408
:1062F00016AF94F8843013F00F01B3D01A0620467D
:1063000002D502F0DBF8ADE702F0CCF8AAE794F88A
:106310008230002B7FF403AF94F8843013F00F0128
:10632000A0D01B06204602D502F0B0F89AE702F092
:10633000A1F897E7142284F8702083F311882B4684
:106340002A4629462046FFF76FFE85F311880EE79F
:106350005DB1152284F8702083F311880021204656
:10636000D4E91D23FFF760FEFEE60B2284F87020BF
:1063700083F311882B462A4629462046FFF766FEFE
:10638000E3E700BFBC980008B4980008B89800087C
:1063900038B590F8703004460B2B09D80B2B37D842
:1063A000DFE803F00836363636360836360D27373E
:1063B000152B2DD12046BDE83840FFF7CDBD856FA8
:1063C000B0F886309D4214D2C3681B8AB5FBF3F245
:1063D00003FB12556DB9302383F311882B462A46EF
:1063E0002946FFF733FE85F311880A2384F87030BD
:1063F0000EE0142384F87030302383F311880023D7
:1064000020461A461946FFF70FFE002383F3118832
:1064100038BDC36F03B19847A36823F00113A3608D
:106420000023A367E2E7000010B590F8703004463F
:10643000142B1ED00CD8062B05D001D81BB110BDD3
:106440000A3B012BFBD82046BDE81040FFF784BD76
:10645000152BF4D10B2380F87030302383F311888F
:1064600000231A461946FFF7F1FD002383F3118834
:10647000E5E7C3689B695B68002BE0D1C36F03B19C
:106480009847A36823F00113A3600023A36784F84F
:106490007030D4E70023826880F8243083691B6859
:1064A00099689142FBD25A6803604260106058605C
:1064B000704700000023826880F8243083691B68DD
:1064C00099689142FBD85A68036042601060586036
:1064D0007047000008B50846302383F3118891F80F
:1064E0002430032B05D0042B0DD02BB983F3118856
:1064F00008BD8B6A00221A604FF0FF338362FFF7FA
:10650000C9FF0023F2E7D1E9003213605A60F3E7D4
:10651000034610B51B68984203D09C688A68944271
:10652000F8D25A680B604A601160596010BD0000D3
:10653000FFF7B0BF38B50B4B1C68DD6885F8240049
:10654000226853601A600122DC60A36884F824206A
:10655000934201D101F03EF929462046BDE838407A
:10656000F9F750BF883D00200C4B30B5DD684B1C5F
:1065700087B004460FD02B46094A684600F0A2F9BE
:106580002046FFF7D7FF009B13B1684600F0A4F93F
:10659000A86A07B030BDFFF7CDFFF9E7883D0020BE
:1065A000D5640008044B1A68DB6890689B689842C1
:1065B00094BF002001207047883D002038B50C4B67
:1065C0001C68DD68226853601A600122DC6084F870
:1065D0002420AB68934201D101F0FEF82846FFF772
:1065E00069FF01462046BDE83840F9F70BBF00BF00
:1065F000883D0020044B1A68DB6892689B689A42C9
:1066000001D9FFF7DBBF7047883D002038B5012373
:10661000084C00252370656002F032FB02F05CFB41
:106620000549064802F03AFC0223237085F31188DD
:1066300038BD00BF30400020C4980008883D0020CD
:1066400000F080B9034A516853685B1A9842FBD83E
:10665000704700BF001000E08B604B630023CA61ED
:1066600000F128020B6302230A618B8401238861F5
:1066700081F8263001F11003C26A4A611360C362D7
:1066800001F12C030846CB6270470000D0E90131CC
:10669000026841F8183CA1F19C033839CB600369CA
:1066A00041F8243C436941F8203C034B41F8043C49
:1066B000C3680248FFF7D0BF1D040008883D0020D2
:1066C00008B5FFF7E3FFBDE80840FFF731BF000062
:1066D00038B50E4BDC6804F12C05A062E06AA842D4
:1066E0000FD194F826303BB994F825309B0702BFB0
:1066F000D4E9043213605A600F20BDE83840FFF738
:1067000019BF0368E362FFF713FFE7E7883D002046
:10671000302383F31188FFF7DBBF000008B5014683
:10672000302383F311880820FFF71EFF002383F333
:10673000118808BD054BDB6821B103609862032016
:10674000FFF712BF4FF0FF30704700BF883D0020B9
:1067500003682BB10022026018469962FFF7E8BE79
:1067600070470000064BDB6839B1426818605A6018
:10677000136043600420FFF7F7BE4FF0FF3070470F
:10678000883D00200368984206D01A680260506075
:1067900018469962FFF7CCBE7047000038B5044632
:1067A0000D462068844200D138BD036823605C60D8
:1067B0008562FFF7BDFEF4E7036810B59C68A2424E
:1067C0000CD85C688A600B604C60216059609968E5
:1067D0008A1A9A604FF0FF33836010BD121B1B684A
:1067E000ECE700000A2938BF0A2170B504460D46BF
:1067F0000A26601902F040FA02F02CFA041BA542A6
:1068000003D8751C04462E46F3E70A2E04D901204E
:10681000BDE8704002F00ABC70BD0000F8B5144B32
:106820000D460A2A4FF00A07D96103F11001826070
:1068300038BF0A2241601969144601604860186136
:10684000A81802F00BFA02F005FA431B0646A34211
:1068500006D37C1C28192746354602F00DFAF2E7CC
:106860000A2F04D90120BDE8F84002F0DFBBF8BDD3
:10687000883D0020F8B506460D4602F0EBF90F4AB8
:10688000134653F8107F9F4206D12A4601463046F0
:10689000BDE8F840FFF7C2BFD169BB68441A2C19A4
:1068A00028BF2C46A34202D92946FFF79BFF224668
:1068B00031460348BDE8F840FFF77EBF883D002021
:1068C000983D0020C0E90323002310B45DF8044B79
:1068D0004361FFF7CFBF000010B5194C2369984200
:1068E0000DD08168D0E9003213605A609A680A447A
:1068F0009A60002303604FF0FF33A36110BD02686C
:10690000234643F8102F53600022026022699A4206
:1069100003D1BDE8104002F0A9B9936881680B4427
:10692000936002F097F92269E1699268441AA242E1
:10693000E4D91144BDE81040091AFFF753BF00BF66
:10694000883D00202DE9F047DFF8BC8008F11007F2
:106950002C4ED8F8105002F07DF9D8F81C40AA68E7
:10696000031B9A423ED814444FF00009D5E9003287
:10697000C8F81C4013605A60C5F80090D8F8103071
:10698000B34201D102F072F989F31188D5E90331DC
:1069900028469847302383F311886B69002BD8D0A1
:1069A00002F058F96A69A0EB040982464A450DD203
:1069B000022002F03BFB0022D8F81030B34208D18D
:1069C00051462846BDE8F047FFF728BF121A224477
:1069D000F2E712EB09092946384638BF4A46FFF765
:1069E000EBFEB5E7D8F81030B34208D01444C8F82D
:1069F0001C00211AA960BDE8F047FFF7F3BEBDE80F
:106A0000F08700BF983D0020883D002038B502F097
:106A100021F9054AD2E90845031B181945F100017F
:106A2000C2E9080138BD00BF883D002010B560B93B
:106A3000074804790368053C9B6818BF0124984700
:106A400008B144F00404204610BD0124FBE700BF58
:106A5000C0360020FFF7EABF2DE9F0478846174609
:106A60009A460446B0B90D4E3579052D05D003245C
:106A70000DE0013D15F0FF050ED032685346394652
:106A80003046D2F814904246C8470028F1D120463B
:106A9000BDE8F0870424FAE70124F8E7C0360020B7
:106AA0002DE9F047884617469A460446B0B90D4E80
:106AB0003579052D05D003240DE0013D15F0FF05C6
:106AC0000ED03268534639463046D2F818904246C6
:106AD000C8470028F1D12046BDE8F0870424FAE732
:106AE0000124F8E7C036002037B50C46154670B9CA
:106AF00051B101290BD10748694603681B6A9847C1
:106B000010B9019B04462B60204603B030BD04241D
:106B1000FAE700BFC036002000207047FEE7000003
:106B2000704700004FF0FF30704700004B68436033
:106B30008B688360CB68C3600B6943614B690362F8
:106B40008B6943620B6803607047000008B53C4BDB
:106B500040F2FF713B48D3F888200A43C3F88820ED
:106B6000D3F8882022F4FF6222F00702C3F88820BD
:106B7000D3F88830344B1A6C0A431A649A6E0A436D
:106B80009A66324A9B6E1146FFF7D0FF00F580608F
:106B900002F11C01FFF7CAFF00F5806002F1380125
:106BA000FFF7C4FF00F5806002F15401FFF7BEFF5C
:106BB00000F5806002F17001FFF7B8FF00F580601A
:106BC00002F18C01FFF7B2FF00F5806002F1A8012D
:106BD000FFF7ACFF00F5806002F1C401FFF7A6FFEC
:106BE00000F5806002F1E001FFF7A0FF00F5806092
:106BF00002F1FC01FFF79AFF02F58C7100F580604D
:106C0000FFF794FF01F0F2FC114BD3F8902242F011
:106C10000102C3F89022D3F8942242F00102C3F893
:106C200094220522C3F898204FF06052C3F89C20AC
:106C3000084AC3F8A020BDE8084000F0E1BC00BF4E
:106C4000004402580000025800450258D898000835
:106C500000ED00E01F00080308B501F0BDFDFFF7DF
:106C6000D5FC0D4BDA6B42F04002DA635A6E22F02B
:106C700040025A665B6E094B1A6842F008021A60BD
:106C80001A6842F004021A6000F08EFD00F03CFB2E
:106C9000BDE8084000F0B4B80045025800180248AA
:106CA00001207047002070477047000002290CD077
:106CB000032904D00129074818BF00207047032A80
:106CC00005D8054800EBC200704704487047002013
:106CD000704700BFD89A00084C2200208C9A000808
:106CE00070B59AB005460846144601A900F0C2F8EE
:106CF00001A8FBF70BF8431C0022C6B25B0010464C
:106D0000C5E9003423700323023404F8013C01ABCD
:106D1000D1B202348E4201D81AB070BD13F8011BF3
:106D2000013204F8010C04F8021CF1E708B5302325
:106D300083F311880348FFF783F8002383F3118856
:106D400008BD00BF3840002090F8803003F01F02DB
:106D5000012A07D190F881200B2A03D10023C0E932
:106D60001D3315E003F06003202B08D1B0F8843008
:106D70002BB990F88120212A03D81F2A04D8FFF7C5
:106D800041B8222AEBD0FAE7034A4267072282671A
:106D9000C3670120704700BF4322002007B50529C3
:106DA00017D8DFE801F0191603191920302383F3EF
:106DB0001188104A01210190FFF70CF90198022176
:106DC0000D4AFFF707F90D48FFF706F8002383F394
:106DD000118803B05DF804FB302383F31188074862
:106DE000FEF7D0FFF2E7302383F311880348FEF764
:106DF000E7FFEBE72C9A0008509A00083840002083
:106E000038B50C4D0C4C2A460C4904F10800FFF72C
:106E100067FF05F1CA0204F110000949FFF760FF9E
:106E200005F5CA7204F118000649BDE83840FFF7BD
:106E300057BF00BF105900204C2200200C9A0008B8
:106E4000169A0008219A000870B5044608460D46B7
:106E5000FAF75CFFC6B22046013403780BB9184636
:106E600070BD32462946FAF73DFF0028F3D10120D4
:106E7000F6E700002DE9F84F05460C46FAF746FF05
:106E80002A49C6B22846FFF7DFFF08B10136F6B23D
:106E900027492846FFF7D8FF08B11036F6B2632E0F
:106EA0000DD8DFF88890DFF888A0224FDFF88CB08B
:106EB000DFF88C802E7846B92670BDE8F88F294619
:106EC0002046BDE8F84F02F049B9252E2AD1072205
:106ED00049462846FAF706FF50B9D8F8003007357A
:106EE000083444F8083CD8F8043044F8043CE1E79E
:106EF000082251462846FAF7F5FE98B9A21C0E4B17
:106F0000197802320909C95D02F8041C13F8011B43
:106F100001F00F015B45C95D02F8031CF0D1183484
:106F20000835C7E7013504F8016BC3E7F89A000894
:106F3000219A0008099B000800E8F11F0CE8F11FE6
:106F4000009B0008BFF34F8F044B1A695107FCD117
:106F5000D3F810215207F8D1704700BF002000522B
:106F600008B50D4B1B78ABB9FFF7ECFF0B4BDA689C
:106F7000D10704D50A4A5A6002F188325A60D3F820
:106F80000C21D20706D5064AC3F8042102F1883243
:106F9000C3F8042108BD00BF6E5B00200020005232
:106FA0002301674508B5114B1B78F3B9104B1A69DB
:106FB000510703D5DA6842F04002DA60D3F81021B5
:106FC000520705D5D3F80C2142F04002C3F80C213A
:106FD000FFF7B8FF064BDA6842F00102DA60D3F837
:106FE0000C2142F00102C3F80C2108BD6E5B0020A9
:106FF000002000520F289ABF00F580604004002056
:10700000704700004FF400307047000010207047B8
:107010000F2808B50BD8FFF7EDFF00F50033026825
:10702000013204D104308342F9D1012008BD00208F
:10703000FCE700000F2838B505463FD8FFF782FF70
:107040001F4CFFF78DFF4FF0FF3307286361C4F833
:1070500014311DD82361FFF775FF030243F02403A9
:10706000E360E36843F08003E36023695A07FCD4DC
:107070002846FFF767FFFFF7BDFF4FF4003100F030
:107080009BFA2846FFF78EFFBDE83840FFF7C0BFE8
:10709000C4F81031FFF756FFA0F108031B0243F0BC
:1070A0002403C4F80C31D4F80C3143F08003C4F845
:1070B0000C31D4F810315B07FBD4D9E7002038BD80
:1070C000002000522DE9F84F04460D46104644EAD0
:1070D0000203DE0602D00020BDE8F88F20F01F007A
:1070E000DFF8D4B0DFF8D4A0FFF73AFF05EB0008D3
:1070F000454503D10120FFF755FFEDE72022294642
:10710000204601F0F3FF10B920342035F0E7234684
:1071100004F120021F68791CDDD104339342F9D1B8
:1071200004F178432048214EB3F5801F204B38BF2F
:10713000184603F1F80332BFD946D1461E46FFF781
:1071400001FF0760A4EB050C336805F11C0143F057
:10715000020333602B1FD9F8007017F00507FAD12E
:1071600053F8042F8B424CF80320F4D1BFF34F8F18
:10717000FFF7E8FE4FF0FF330360336823F00203AC
:107180003360BFF34F8F0B4BC3F85C42BFF34F8F9D
:10719000BFF36F8F20222946204601F0A7FF002869
:1071A000B2D03846A7E700BF142100520C2000528D
:1071B0001420005200ED00E0102000521021005277
:1071C00010B5084C237828B11BB9FFF7C9FE01237D
:1071D000237010BD002BFCD02070BDE81040FFF7DD
:1071E000E1BE00BF6E5B00202DE9F04F0D4685B07B
:1071F000814658B111F00D0614BF2022082211F06B
:107200000803019304D0431E034269D0002435E0F3
:10721000002E37D009F11F0121F01F094FF001089E
:10722000314F05F00403DFF8CCA005EA080BBBF1F1
:10723000000F32D07869C0072FD408F101080C374D
:10724000B8F1060FF3D19EB9284D4946A81901920D
:1072500001F064FD0446002839D12036019AA02EA1
:10726000F3D1494601F05AFD044600282FD1019A76
:1072700049461F4801F052FD044660BB204605B058
:10728000BDE8F08F0029C9D101462846029201F0DD
:1072900045FD0446D8B9029AC0E713B178694107A1
:1072A000CBD5AC0702D578698007C6D5019911B155
:1072B00078690107C1D549460AEB4810CDE9022398
:1072C00001F02CFD0446DDE902230028B5D04A4632
:1072D0000021204601E04A460021FAF71FFDCDE7D4
:1072E0000246002E96D199E71C9B0008B05B002057
:1072F000705B0020905B00200021FFF775BF00004D
:107300000121FFF771BF000000231A4670B51A6013
:107310000433B3F5806FFAD1104D0124104E06EB03
:10732000441001342A6955F80C1F01F0E3FC062CC7
:10733000F5D137254FF4C0542046FFF7E1FF014651
:1073400028B122460748BDE8704001F0D3BCC4EB29
:10735000C404013D4FEAD404EED170BD1C9B00086B
:10736000905B0020705B00200421FFF73DBF000010
:107370004843FFF7C1BF000008B101F049BD7047A5
:10738000B0F5805F10B5044607D8FFF7EDFF28B9C8
:107390002046BDE81040FFF7AFBF002010BD000041
:1073A000FFF7EABF70B5AAB140EA010313F01F036B
:1073B0000FD1094C0144A5686D0706D52568A84280
:1073C00003D366683544A94204D903330C34122B25
:1073D000F1D10022104670BD1C9B000808B501F0D9
:1073E0002DFE034AD2E90032C01842EB010108BD6C
:1073F000505C0020434BD3E900232DE9F3411343B4
:107400007CD0FFF7EBFF404A00230027F9F714F880
:1074100006460D463D4A0023F9F70EF800231446B0
:1074200030462946394AF9F707F84FF461613C23A1
:10743000ADF80170B4FBF1F5B4FBF3F601FB1541B7
:1074400003FB16464624B1FBF3F1314BF6B28DF83F
:10745000004098423CD84FF0640C4FF4C87EA3071C
:1074600004F26C7225D1B2FBFCF30CFB132313BBAB
:10747000B2FBFEF30EFB1322B2FA82F35B0903F2B6
:107480006D18621C8045D2B217D90FB18DF800403B
:107490000022204C4FF00C0C17460CFB0343D4B2D7
:1074A000013213F804C084450CD8A0EB0C0001276E
:1074B000F5E70023E3E70123E1E7A0EB080014462A
:1074C0000127CCE70FB18DF80140431C8DF8023045
:1074D0009DF80100431C9DF800005038400640EA2A
:1074E00043509DF8023040EA034040EA560040EA2B
:1074F000C52040EA411002B0BDE8F0814FF404100D
:10750000F9E700BF505C002040420F0080510100AD
:1075100090230B00649B00080244074BD2B210B5C5
:10752000904200D110BD441C00B253F8200041F835
:10753000040BE0B2F4E700BF504000580E4B30B5EA
:107540001C6F240405D41C6F1C671C6F44F400449A
:107550001C670A4C02442368D2B243F48073236050
:10756000074B904200D130BD441C51F8045B00B27F
:1075700043F82050E0B2F4E70044025800480258B3
:107580005040005807B5012201A90020FFF7C4FFB1
:10759000019803B05DF804FB13B50446FFF7F2FF52
:1075A000A04205D0012201A900200194FFF7C6FFE7
:1075B00002B010BD704700000144BFF34F8F064B6F
:1075C000884204D3BFF34F8FBFF36F8F7047C3F868
:1075D0005C022030F4E700BF00ED00E00144BFF39F
:1075E0004F8F064B884204D3BFF34F8FBFF36F8F8B
:1075F0007047C3F870022030F4E700BF00ED00E0F0
:10760000114BDA6952021ED59A69D00704D50F4A88
:107610009A6002F144329A600B4BDA69D107FCD4CC
:107620001A6A22F480021A629A6942F002029A618E
:10763000DA69D207FCD49A6942F001029A61024ADF
:10764000D369DB07FCD47047002000523B2A19089D
:1076500070B5054616460C4601201021FFF788FE3E
:10766000286046733CB1204636B1FFF77DFE2B689B
:10767000186000B19C6070BDFFF742FEF7E70000A4
:10768000F8B50F461546044648B905F11F01012615
:10769000386821F01F01FFF78FFF3046F8BD427BAD
:1076A00029463868FFF77EFE06460028EDD13B6884
:1076B0006360A368AB4210D213B12068FFF75CFE91
:1076C000637B28462BB1FFF74FFE206020B9A060F6
:1076D000E3E7FFF715FEF8E7A560206805F11F0155
:1076E000012621F01F013860FFF766FF2673D4E7FB
:1076F00070B50E4602F11F010446154621F01F0128
:107700003046FFF76BFF4CB12168B14206D160688B
:1077100010B12A46FAF7DCFA0023237370BD00008B
:10772000F8B50F461446054648B904F11F01012675
:10773000386821F01F01FFF751FF3046F8BD427B4A
:1077400021463868FFF72EFE06460028EDD1AB68CB
:10775000A34210D213B12868FFF70EFE6B7B2046C0
:107760002BB1FFF701FE286020B9A860E5E7FFF71D
:10777000C7FDF8E7AC60396819B122462868FAF706
:10778000A7FA286804F11F01012621F01F013860C3
:10779000FFF724FF2E73D0E720B103688B4204BFAC
:1077A0000023037370470000034B1A681AB9034A99
:1077B000D2F8D0241A607047585C0020004002586C
:1077C00008B5FFF7F1FF024B1868C0F3806008BDF1
:1077D000585C00207047000070470000EFF30983F9
:1077E000054968334A6B22F001024A6383F3098832
:1077F000002383F31188704700EF00E0302080F30E
:10780000118862B60D4B0E4AD96821F4E061090473
:10781000090C0A430B49DA60D3F8FC2042F080726D
:10782000C3F8FC20084AC2F8B01F116841F00101FA
:1078300011602022DA7783F82200704700ED00E023
:107840000003FA0555CEACC5001000E0302310B59A
:1078500083F311880E4B5B6813F4006314D0F1EED0
:10786000103AEFF309844FF08073683CE361094BF1
:10787000DB6B236684F30988FEF794FE10B1064B98
:10788000A36110BD054BFBE783F31188F9E700BF47
:1078900000ED00E000EF00E02F04000832040008D3
:1078A00070B5BFF34F8FBFF36F8F1A4A0021C2F834
:1078B0005012BFF34F8FBFF36F8F536943F4003300
:1078C0005361BFF34F8FBFF36F8FC2F88410BFF3C4
:1078D0004F8FD2F8803043F6E074C3F3C900C3F38E
:1078E0004E335B0103EA0406014646EA817501391D
:1078F000C2F86052F9D2203B13F1200FF2D1BFF34E
:107900004F8F536943F480335361BFF34F8FBFF3FD
:107910006F8F70BD00ED00E0FEE70000214B2248B4
:10792000224A70B5904237D3214BC11EDA1C121A7D
:1079300022F003028B4238BF00220021FAF7EEF951
:107940001C4A0023C2F88430BFF34F8FD2F8803036
:1079500043F6E074C3F3C900C3F34E335B0103EA9B
:107960000406014646EA81750139C2F86C52F9D223
:10797000203B13F1200FF2D1BFF34F8FBFF36F8F76
:10798000BFF34F8FBFF36F8F0023C2F85032BFF3A6
:107990004F8FBFF36F8F70BD53F8041B40F8041B6B
:1079A000C0E700BF649C0008D45D0020D45D0020C7
:1079B000D45D002000ED00E0054B996B21EA000149
:1079C00099631A6E22EA00021A661B6E704700BFA6
:1079D0000045025870B5D0E9244300224FF0FF352E
:1079E0009E6804EB42135101D3F80009002805DA20
:1079F000D3F8000940F08040C3F80009D3F8000B29
:107A0000002805DAD3F8000B40F08040C3F8000BE3
:107A1000013263189642C3F80859C3F8085BE0D2F4
:107A20004FF00113C4F81C3870BD0000F0B5D0E968
:107A3000246301250C309F6800231A4650F8041B6C
:107A400059B18C6924B103F1100405FA04F42243FE
:107A5000496911B105FA03F10A4301339F42EDD29E
:107A6000C6F81C28F0BD0000890141F02001016129
:107A700003699B06FCD41220FEF7E4BD10B50A4C46
:107A80002046FEF785FA094BC4F89030084BC4F83D
:107A90009430084C2046FEF77BFA074BC4F8903030
:107AA000064BC4F8943010BD5C5C00200000084018
:107AB000A09B0008F85C002000000440AC9B00087C
:107AC00070B503780546012B58D13F4BD0F8904054
:107AD000984254D13D4B0E2165209A6B42F00062D2
:107AE0009A631A6E42F000621A661B6E384BD3F826
:107AF000802042F00062C3F88020D3F8802022F07A
:107B00000062C3F88020D3F88030FDF729FC314BA8
:107B1000E360314BC4F800380023D5F89060C4F816
:107B2000003EC02323604FF40413A3633369002B8A
:107B3000FCDA01230C203361FEF784FD3369DB0797
:107B4000FCD41220FEF77EFD3369002BFCDA002600
:107B50002846A660FFF73EFF6B68C4F81068DB6834
:107B6000C4F81468C4F81C6863BB1C4BA3614FF0D5
:107B7000FF336361A36843F00103A36070BD184B3A
:107B80009842C9D1114B4FF080609A6B42F000725D
:107B90009A631A6E42F000721A661B6E0C4BD3F891
:107BA000802042F00072C3F88020D3F8802022F0B9
:107BB0000072C3F88020D3F88030FFF7FDFE0E215D
:107BC0004D20A2E7074BD1E75C5C0020004502583E
:107BD000004402584014004003002002003C30C022
:107BE000F85C0020083C30C0F8B5D0F8904005465D
:107BF00000214FF000662046FFF736FFD5F89410BD
:107C000000234FF001128F684FF0FF30C4F8343872
:107C1000C4F81C2804EB431201339F42C2F80069E8
:107C2000C2F8006BC2F80809C2F8080BF2D20B6860
:107C3000D5F89020C5F89830636210231361166957
:107C400016F01006FBD11220FEF7FCFCD4F8003829
:107C500023F4FE63C4F80038A36943F4402343F0DF
:107C60001003A3610123C4F810380923C4F81438A1
:107C70000B4BEB604FF0C043C4F8103B094BC4F80A
:107C8000003BC4F81069C4F80039D5F8983003F106
:107C9000100243F48013C5F89820A362F8BD00BF1A
:107CA0007C9B000840800010D0F8902090F88A104B
:107CB000D2F8003823F4FE6343EA0113C2F8003817
:107CC000704700002DE9F84300EB8103D0F8905095
:107CD0000C468046DA680FFA81F94801166806F00A
:107CE0000306731E022B05EB41134FF0000194BFF6
:107CF000B604384EC3F8101B4FF0010104F1100315
:107D000098BF06F1805601FA03F3916998BF06F512
:107D1000004600293AD0578A04F1580137434901F7
:107D20006F50D5F81C180B430021C5F81C382B18D0
:107D30000127C3F81019A7405369611E9BB3138A2A
:107D4000928B9B08012A88BF5343D8F89820981833
:107D500042EA034301F140022146C8F89800284650
:107D600005EB82025360FFF77FFE08EB8900C368D2
:107D70001B8A43EA845348341E4364012E51D5F8CC
:107D80001C381F43C5F81C78BDE8F88305EB49177C
:107D9000D7F8001B21F40041C7F8001BD5F81C18C8
:107DA00021EA0303C0E704F13F030B4A28462146BA
:107DB00005EB83035A60FFF757FE05EB4910D0F837
:107DC000003923F40043C0F80039D5F81C3823EA01
:107DD0000707D7E70080001000040002D0F89420C5
:107DE0001268C0F89820FFF7F5BD00005831D0F8B0
:107DF000903049015B5813F4004004D013F4001F85
:107E00000CBF0220012070474831D0F89030490162
:107E10005B5813F4004004D013F4001F0CBF022081
:107E20000120704700EB8101CB68196A0B68136071
:107E30004B6853607047000000EB810330B5DD688C
:107E4000AA691368D36019B9402B84BF402313601B
:107E50006B8A1468D0F890201C4402EB4110013C5E
:107E600009B2B4FBF3F46343033323F0030343EA9F
:107E7000C44343F0C043C0F8103B2B6803F0030336
:107E8000012B0ED1D2F8083802EB411013F4807F99
:107E9000D0F8003B14BF43F0805343F00053C0F8C8
:107EA000003B02EB4112D2F8003B43F00443C2F81E
:107EB000003B30BD2DE9F041D0F8906005460C46FE
:107EC00006EB4113D3F8087B3A07C3F8087B08D5C3
:107ED000D6F814381B0704D500EB8103DB685B6818
:107EE0009847FA071FD5D6F81438DB071BD505EBE2
:107EF0008403D968CCB98B69488A5A68B2FBF0F61A
:107F000000FB16228AB91868DA6890420DD2121A5C
:107F1000C3E90024302383F3118821462846FFF764
:107F20008BFF84F31188BDE8F081012303FA04F28A
:107F30006B8923EA02036B81CB68002BF3D02146C7
:107F40002846BDE8F041184700EB81034A0170B5AF
:107F5000DD68D0F890306C692668E66056BB1A443C
:107F60004FF40020C2F810092A6802F00302012A27
:107F70000AB20ED1D3F8080803EB421410F4807F44
:107F8000D4F8000914BF40F0805040F00050C4F80D
:107F9000000903EB4212D2F8000940F00440C2F895
:107FA00000090122D3F8340802FA01F10143C3F8B1
:107FB000341870BD19B9402E84BF4020206020685D
:107FC0001A442E8A8419013CB4FBF6F440EAC440FA
:107FD00040F00050C6E700002DE9F84FD0F890605F
:107FE00005460C464F0106EB4113D3F8088918F0FB
:107FF000010FC3F808891CD0D6F81038DB0718D554
:1080000000EB8103D3F80CC0DCF81430D3F800E0A7
:10801000DA68964533D2A2EB0E024FF000091A60DF
:10802000C3F80490302383F31188FFF78DFF89F3A1
:10803000118818F0800F20D0D6F834380126A640D9
:1080400033421AD005EB84030134D5F890506FF019
:108050000308D3F80CC0E4B22F44DCF8140005EB9D
:108060000434D0F800E0D0F80490F14514D3D5F8EA
:10807000343823EA0606C5F83468BDE8F88F0123D2
:1080800003FA01F2038923EA02030381DCF80830D2
:10809000002BCED09847CCE7AEEB0903BCF81020FC
:1080A000934228BF1346D7F8182992B2B3EB820F38
:1080B000E3D88268194602EB030B0329ABEB010AF4
:1080C0001CD84FEA930A23F0030B08FB0A319344B0
:1080D00079B1022918D0032918D19BF8021009049C
:1080E0009BF801B041EA0B2112F82AA04AEA0101EB
:1080F00021601A444B4482604360B4E7DAF800A080
:108100000439C4F800A0D8E70021E9E70021EBE733
:108110002DE9F74F0446D0F890504FF040094FF04A
:10812000010A6F69AB691F4017F480586F6105D071
:10813000204603B0BDE8F04FFDF79ABF002F15DAD7
:10814000D5F8003E9E0705D0D5F8003E23F0030386
:10815000C5F8003E2046FFF769FCD5F804382046F4
:1081600023F00103C5F80438FDF7B2FF380505D543
:108170002046FFF72FFC2046FDF798FFB9040CD5E9
:10818000D5F8083813F0060FEB6823F470530CBFD2
:1081900043F4105343F4A053EB603A071AD56368D5
:1081A000DB681BB9AB6923F00803AB612378052BAF
:1081B00008D1D5F8003E204623F00303C5F8003E61
:1081C000FDF786FF2046FFF731FC6368DB680BB1E3
:1081D00020469847FB026ED4BE0209D5D4F8902001
:1081E0000026D4F89430F1B29B68994240F29B800B
:1081F0003803D5F8186800F1B4807A0335D5F30751
:1082000003D500212046FFF7E7FEB00703D5012183
:108210002046FFF7E1FE710703D502212046FFF754
:10822000DBFE320703D503212046FFF7D5FEF30618
:1082300003D504212046FFF7CFFEB00603D5052164
:108240002046FFF7C9FE710603D506212046FFF739
:10825000C3FE320603D507212046FFF7BDFEF30516
:1082600003D508212046FFF7B7FEFE0619D5D4F83E
:108270009060336AC3F30A1203F00F0003F4F013A3
:10828000B3F5802F00F0B280B3F5402F09D104EB95
:108290008000002106F58056C3681B6A8A4240F0C0
:1082A0009880694B1F4203D0B9F101097FF439AFBF
:1082B00003B0BDE8F08FD4F890604FF0000BD4F815
:1082C00094205FFA8BF19268914285D806EB4112B7
:1082D000D2F8000900F44020B0F5802F20D1D2F868
:1082E000000900281CDAD2F8000940F09040C2F8DA
:1082F0000009D2F800090028FBDBD4F890000191B6
:10830000FFF7B2FB019920890AFA01F220EA020282
:10831000228104EB8102D26892680AB1204690471C
:108320000BF1010BCBE702EB4110D0F8003B03F45B
:108330004023B3F5802F12D1D0F8003B002B0EDA8A
:1083400060890AFA01F320EA0303638104EB8103E5
:10835000DB68DB681BB1204601929847019A013621
:108360003FE7F10303D500212046FFF7A3FDB20349
:1083700003D501212046FFF79DFD730303D502219C
:108380002046FFF797FD300303D503212046FFF772
:1083900091FDF10203D504212046FFF78BFDB202C7
:1083A00003D505212046FFF785FD730203D506217D
:1083B0002046FFF77FFD300203D507212046FFF757
:1083C00079FDF1017FF519AF08212046FFF772FD15
:1083D00013E7880701D1D6F80080072901F10101D0
:1083E0009CBF03F8018B4FEA182857E704EB800E77
:1083F0004FF0000C06F58056DEF80C309969D1E993
:1084000000038968C31A624510D1DEF80C1093424C
:108410008869D0E901168BBFB618F61852185B1898
:1084200087BF86604260866043603AE71CF0030FB6
:1084300001D1D6F8008063450CF1010C84BF01F82E
:10844000018B4FEA1828DEE73000000408B5034826
:10845000FFF75EFEBDE80840FFF7F8B95C5C00205E
:1084600008B50348FFF754FEBDE80840FFF7EEB932
:10847000F85C0020D0F8903003EB4111D1F8003BBC
:1084800043F40013C1F8003B70470000D0F890306F
:1084900003EB4111D1F8003943F40013C1F800395E
:1084A00070470000D0F8903003EB4111D1F8003B49
:1084B00023F40013C1F8003B70470000D0F890305F
:1084C00003EB4111D1F8003923F40013C1F800394E
:1084D00070470000044BDA6B0243DA635A6E1043B4
:1084E00058665B6E704700BF0045025808B53E4BAA
:1084F0004FF0FF31D3F8802062F00042C3F88020B3
:10850000D3F8802002F00042C3F88020D3F8802006
:10851000D3F88420C3F88410D3F884200022C3F851
:108520008420D3F88400D86F40F0FF4040F4FF006F
:1085300040F4DF4040F07F00D867D86F20F0FF4064
:1085400020F4FF0020F4DF4020F07F00D867D86FD0
:10855000D3F888006FEA40506FEA5050C3F88800A3
:10856000D3F88800C0F30A00C3F88800D3F8880065
:10857000D3F89000C3F89010D3F89000C3F890207F
:10858000D3F89000D3F89400C3F89410D3F8940073
:10859000C3F89420D3F89400D3F89800C3F8981047
:1085A000D3F89800C3F89820D3F89800D3F88C003B
:1085B000C3F88C10D3F88C10C3F88C20D3F88C201F
:1085C000D3F89C2062F00202C3F89C20D3F89C20D0
:1085D00002F00202C3F89C20D3F89C30FCF7F0F9BB
:1085E000BDE8084000F0E4B80044025808B5012294
:1085F000504BC3F80821504B5A6D42F002025A65A5
:10860000DA6F42F00202DA670222DB6F4B4BDA606C
:108610005A689104FCD54A4A1A6001229A60494A74
:10862000DA6000221A614FF440429A61434B9A6922
:108630009204FCD51A6842F480721A60424B1A6F99
:1086400012F4407F04D04FF480321A6700221A6778
:108650001A6842F001021A603B4B1A685007FCD5B9
:1086600000221A611A6912F03802FBD10121196047
:108670004FF0804159605A67344ADA62344A1A61CD
:108680001A6842F480321A602F4B1A689103FCD5A5
:108690001A6842F480521A601A689204FCD52D4A76
:1086A0002D499A6200225A63196301F57C01DA634D
:1086B00001F50E7199635A64284A1A64284ADA62ED
:1086C0001A6842F0A8521A601F4B1A6802F028522A
:1086D000B2F1285FF9D148229A614FF48862DA61D9
:1086E00040221A621F4ADA641F4A1A651F4A5A65F5
:1086F0001F4A9A6532231F4A1360136803F00F0361
:10870000022BFAD1104A136943F003031361136972
:1087100003F03803182BFAD14FF00050FFF7DAFEC0
:108720004FF08040FFF7D6FE4FF00040BDE8084014
:10873000FFF7D0BE008000510045025800480258A3
:1087400000C000F002000001004402580000FF01D8
:1087500000889008225050003F0209012F0E0407A4
:108760009D0BBF0120000020000001100910E00057
:10877000000101100020005208B50348FCF7D8FCA6
:10878000BDE80840FFF762B8C036002008B50348CE
:10879000FCF762FDBDE80840FFF758B81839002023
:1087A00008B500F08DFCBDE80840FFF74FB80000A9
:1087B00008B509217A20FCF7D3FD09213120FCF707
:1087C000CFFD07211C20FCF7CBFD0C215220BDE87A
:1087D0000840FCF7C5BD000008B5FFF787FE00F0B4
:1087E00049FCFDF7D3F9FDF771F9FDF7CFFBFDF774
:1087F0007FFAFEF759FABDE8084000F029BA0000F8
:1088000030B50433039C0172002103FB0425C160D1
:10881000C0E90653049B0363059BC0E90000C0E95F
:108820000422C0E90842C0E90A11436330BD0000D8
:108830000022416AC260C0E90411C0E90A226FF057
:108840000101FDF7ABBF0000D0E90432934201D132
:10885000C2680AB9181D7047002070470369196083
:108860000021C2680132C260C26913448269934226
:10887000036124BF436A0361FDF784BF38B5044632
:108880000D46E3683BB162690020131D1268A362C4
:108890001344E36207E0237A33B929462046FDF703
:1088A00061FF0028EDDA38BD6FF00100FBE7000042
:1088B000C368C269013BC360436913448269934240
:1088C000436124BF436A436100238362036B03B1A6
:1088D0001847704770B53023044683F31188866AC1
:1088E0003EB9FFF7CBFF054618B186F3118828463D
:1088F00070BDA36AE26A13F8015B9342A36202D3DC
:108900002046FFF7D5FF002383F31188EFE700002F
:108910002DE9F84F04460E46174698464FF03009A9
:1089200089F311880025AA46D4F828B0BBF1000FBE
:1089300009D141462046FFF7A1FF20B18BF31188F2
:108940002846BDE8F88FD4E90A12A7EB050B521AA6
:10895000934528BF9346BBF1400F1BD9334601F125
:10896000400251F8040B914243F8040BF9D1A36A79
:10897000403640354033A362D4E90A239A4202D3F9
:108980002046FFF795FF8AF31188BD42D8D289F3BC
:108990001188C9E730465A46F9F79AF9A36A5E4446
:1089A0005D445B44A362E7E710B5029C04330172A7
:1089B00003FB0421C460C0E906130023C0E90A33A5
:1089C000039B0363049BC0E90000C0E90422C0E9E3
:1089D0000842436310BD0000026A6FF00101C260EB
:1089E000426AC0E904220022C0E90A22FDF7D6BE8D
:1089F000D0E904239A4201D1C26822B9184650F83E
:108A0000043B0B60704700231846FAE7C368002157
:108A1000C2690133C360436913448269934243616D
:108A200024BF436A4361FDF7ADBE000038B504467C
:108A30000D46E3683BB1236900201A1DA262E2697A
:108A40001344E36207E0237A33B929462046FDF751
:108A500089FE0028EDDA38BD6FF00100FBE7000069
:108A600003691960C268013AC260C269134482692D
:108A70009342036124BF436A036100238362036B53
:108A800003B118477047000070B530230D46044607
:108A9000114683F31188866A2EB9FFF7C7FF10B11C
:108AA00086F3118870BDA36A1D70A36AE26A013360
:108AB0009342A36204D3E16920460439FFF7D0FF53
:108AC000002080F31188EDE72DE9F84F04460D46AC
:108AD000904699464FF0300A8AF311880026B34633
:108AE000A76A4FB949462046FFF7A0FF20B187F398
:108AF00011883046BDE8F88FD4E90A073A1AA8EB86
:108B00000607974228BF1746402F1BD905F140039F
:108B100055F8042B9D4240F8042BF9D1A36A403646
:108B20004033A362D4E90A239A4204D3E169204680
:108B30000439FFF795FF8BF311884645D9D28AF3A4
:108B40001188CDE729463A46F9F7C2F8A36A3D44B1
:108B50003E443B44A362E5E7D0E904239A4217D19F
:108B6000C3689BB1836A8BB1043B9B1A0ED0136020
:108B7000C368013BC360C3691A4483699A420261B6
:108B800024BF436A036100238362012318467047B0
:108B90000023FBE701F01F03F0B502F01F045609A4
:108BA0005A1C0123B6EB511F50F8265003FA02F36A
:108BB0004FEA511703F1FF333DBF50F82720C4F1AE
:108BC0002000134003EA05003BBF03FA00F225FA38
:108BD00004F0E0401043F0BD70B57E227F210546D1
:108BE000FFF7D8FF18B1012819D0002070BD3E2230
:108BF00049212846FFF7CEFF2F220446312128467F
:108C0000FFF7C8FF0646013450220236532128469A
:108C1000B440FFF7BFFF093804FA00F0E6E730225E
:108C200045212846FFF7B6FF01308002DEE700004D
:108C300090F8D63090F8D7201B0403EB026390F82D
:108C4000D42090F8D500134403EB002070470000B7
:108C500000F012BA4FF08043586A70474FF08043DB
:108C6000002258631A610222DA6070474FF0804395
:108C70000022DA60704700004FF08043586370476D
:108C8000024B034A1A60034A5A607047AC5D0020E9
:108C9000D85D002000000220094B70B5D3E90054D4
:108CA000661BB04209D8201A49420840821A9542F0
:108CB00003D8944201D35A6070BD0020FCE700BF86
:108CC000AC5D002008B5302383F31188FFF7E4FF83
:108CD000002383F3118808BD0448054B036000237B
:108CE000C0E901330C3000F01FB900BFB45D0020B3
:108CF000C58C0008CB1D083A23F00703591A521AF5
:108D000010B4D2080024C0E9004384600C301C6019
:108D10005A605DF8044B00F007B900002DE9F74FE9
:108D2000CC1D3A4F0E4624F00703002818BF074613
:108D3000994204D90024204603B0BDE8F08F082AE8
:108D400007F10C004FEAD40438BF08220190904686
:108D500000F02CF93A1D019808F1070EC8F100093E
:108D60009446126872B900F02BF93B68002BE1D0F1
:108D7000E00008224146984704460028DBD040E93D
:108D80000276D8E702EB0E01D2F804A001EA09014D
:108D90000AF10105A1F1080302EBC5059D42DFD9E7
:108DA000691AB4EBE10F4FEAE10BD9D89A4219D214
:108DB00002F10801A345A3EB01014FEAE101516073
:108DC00009D9651CE44303EBC5015C444C6014689D
:108DD00043F8354011601C465E6044F8087B00F0A3
:108DE000EFF8A8E7A245116803D1CCF800101346AC
:108DF000F1E7013402EBC40342F8341003F1080137
:108E00006D1AED105D60CCF80030F0E7B45D002025
:108E100073B50446A0F1080550F8080C54F8043C5A
:108E2000061D0C3007330190DB0844F8043C00F0C9
:108E3000BDF8334601989E421A6801D0AB4228D251
:108E40000AB1954225D244F8082C54F8042C1D6030
:108E5000013254F8081C05EBC206B14206D14E6837
:108E6000324444F8042C0A6844F8082C5E68711CEB
:108E700003EBC1018D4207D154F8042C0132324476
:108E80005A6054F8082C1A6002B0BDE8704000F037
:108E900097B81346CFE70000FEE7000070B51E4B01
:108EA0000025044686B058600E4605638163FEF7D0
:108EB000A5FC04F12803A5606563C4E90A3304F145
:108EC0001003C4E904334FF0FF33C4E90044C4E99C
:108ED0000635FFF7BFFE2B46024604F13C01204653
:108EE000C4E9082380230D4A6567FDF7B5FB736865
:108EF000E0600B4A03620123009280F82430684648
:108F0000F26801923269CDE90223064BCDE90435BE
:108F1000FDF7D6FB06B070BD30400020C09B0008B6
:108F2000B89B0008998E00080023C0E90000836008
:108F30000361704770B51C4B05468468DE685CB3FE
:108F4000B44213D103690133036170BDA36094F887
:108F5000243083B1062B15D1A06A2146D4E9003212
:108F600013605A60FDF7D4FAA36A9C68B368A268DC
:108F70009A42EBD306E0D4E90032204613605A60EF
:108F8000FDF7D6FA28463146FDF7C2FAB56206204B
:108F9000BDE87040FDF7CEBA036986600133036116
:108FA000336BC3603063D0E7883D002008B53023C1
:108FB00083F31188FFF7BEFF002383F3118808BDF8
:108FC000194BD96883688B4210B520D1302383F3C5
:108FD00011880269013A0261B2B90468C368A0420B
:108FE0000B631ED04A6B9BB901238A60036103683F
:108FF0001A68026050601A6B8360C260186318467A
:10900000FDF796FAFDF7F6FA002383F3118810BDF9
:109010001C68A34203D0A468A24238BF2246DB6882
:10902000E1E78260F0E700BF883D0020024A536B11
:1090300018435063704700BF883D002038B5EFF3F8
:1090400011859DB9EFF30584C4F30804302334B1CE
:1090500083F31188FDF7DAFC85F3118838BD83F3BB
:109060001188FDF7D3FC84F3118838BDBDE8384082
:10907000FDF7CCBC704700000F4B9A6C42F0010228
:109080009A641A6F42F001021A670C4A1B6FD36B85
:1090900043F00103D3634FF08043C7229A624FF03D
:1090A000FF32DA6200229A615A63DA605A60012262
:1090B0005A611A60704700BF004502580010005CFA
:1090C0004FF0804208B51169D3680B40D9B29B07B5
:1090D0006FEA0101116107D5302383F31188FDF791
:1090E000AFFA002383F3118808BD000010B50139E1
:1090F0000244904201D1002005E0037811F8014FAD
:10910000A34201D0181B10BD0130F2E7884210B510
:1091100001EB020402D98442234607D8431EA14230
:1091200008D011F8012B03F8012FF8E7024401469B
:109130008A4200D110BD13F8014D02F8014DF7E746
:10914000C9B2034610F8012B1AB18A42F9D1184668
:109150007047002918BF0023F9E70000034611F803
:10916000012B03F8012B002AF9D1704710B5013902
:10917000034632B111F8014F03F8014B013A002CBC
:10918000F7D11A440021934200D110BD03F8011B0E
:10919000F9E7000062366534616636303463353095
:1091A0006364383800000000121000001211000043
:1091B000121300004D4435002D2D0A002F617264FA
:1091C0007570696C6F742E6162696E002F617264D4
:1091D0007570696C6F742D7665726966792E61623F
:1091E000696E002F6172647570696C6F742D666CA6
:1091F0006173682E6162696E002F617264757069B7
:109200006C6F742D666C61736865642E6162696E43
:10921000000000000000000000000000FD0E00083B
:10922000C10F000811110008010F0008B90F000854
:109230000000000000000000F90E0008CD0F00083B
:1092400049110008F50E0008290F000853544D334A
:109250003248373F3F3F0053544D3332483733781D
:109260002F3732780053544D3332483734332F3749
:1092700035332F373530000001105A0003105900E4
:1092800001205800032056002F000000537563632F
:1092900065737366756C6C79206D6F756E7465643B
:1092A000205344436172642028736C6F77646F7736
:1092B0006E3D2575290A0000EB76904558464154CD
:1092C000202020004641543332202020000000009E
:1092D0002A3A3C3E7C223F7F002B2C3B3D5B5D00CD
:1092E000435545414141414345454549494941412E
:1092F0004592924F4F4F5555594F554F9C4F9E9FFA
:1093000041494F55A5A5A6A7A8A9AAABACADAEAF3C
:10931000B0B1B2B3B4414141B8B9BABBBCBDBEBF34
:10932000C0C1C2C3C4C54141C8C9CACBCCCDCECFD0
:10933000D1D145454549494949D9DADBDCDD49DF29
:109340004FE14F4F4F4FE6E8E85555555959EEEF6D
:10935000F0F1F2F3F4F5F6F7F8F9FAFBFCFDFEFF95
:1093600001030507090E10121416181C1E00000038
:1093700061001A03E0001703F8000703FF00010073
:1093800078010001300132010601390110014A0162
:109390002E017901060180014D0043028101820105
:1093A00082018401840186018701870189018A0184
:1093B0008B018B018D018E018F0190019101910133
:1093C00093019401F60196019701980198013D02DD
:1093D0009B019C019D0120029F01A001A001A2010F
:1093E000A201A401A401A601A701A701A901AA0144
:1093F000AB01AC01AC01AE01AF01AF01B101B201F3
:10940000B301B301B501B501B701B801B801BA01A3
:10941000BB01BC01BC01BE01F701C001C101C20119
:10942000C301C401C501C401C701C801C701CA0104
:10943000CB01CA01CD011001DD0101008E01DE0169
:109440001201F3010300F101F401F401F801280114
:10945000220212013A020900652C3B023B023D0246
:10946000662C3F0240024102410246020A015302B9
:10947000400081018601550289018A0158028F014D
:109480005A0290015C025D025E025F02930161027A
:109490006202940164026502660267029701960106
:1094A0006A02622C6C026D026E029C0170027102F3
:1094B0009D01730274029F0176027702780279029D
:1094C0007A027B027C02642C7E027F02A60181026A
:1094D0008202A9018402850286028702AE0144024B
:1094E000B101B20145028D028E028F0290029102FB
:1094F000B7017B030300FD03FE03FF03AC0304007D
:109500008603880389038A03B1031103C20302009F
:10951000A303A303C4030803CC0303008C038E033B
:109520008F03D8031801F2030A00F903F303F403CD
:10953000F503F603F703F703F903FA03FA0330041C
:10954000200350041007600422018A043601C1047C
:109550000E01CF040100C004D004440161052604BB
:10956000000000007D1D0100632C001E9601A01E5E
:109570005A01001F0806101F0606201F0806301F8C
:109580000806401F0606511F0700591F521F5B1F88
:10959000541F5D1F561F5F1F601F0806701F0E00BF
:1095A000BA1FBB1FC81FC91FCA1FCB1FDA1FDB1F73
:1095B000F81FF91FEA1FEB1FFA1FFB1F801F080689
:1095C000901F0806A01F0806B01F0400B81FB91F8F
:1095D000B21FBC1FCC1F0100C31FD01F0206E01F1B
:1095E0000206E51F0100EC1FF31F0100FC1F4E21C6
:1095F0000100322170211002842101008321D02436
:109600001A05302C2F04602C0201672C0601752CE2
:109610000201802C6401002D260841FF1A0300007E
:10962000C700FC00E900E200E400E000E500E7001C
:10963000EA00EB00E800EF00EE00EC00C400C5001B
:10964000C900E600C600F400F600F200FB00F900D5
:10965000FF00D600DC00F800A300D800D70092017C
:10966000E100ED00F300FA00F100D100AA00BA0019
:10967000BF00AE00AC00BD00BC00A100AB00BB0051
:1096800091259225932502252425C100C200C00002
:10969000A9006325512557255D25A200A5001025A9
:1096A000142534252C251C2500253C25E300C3006A
:1096B0005A25542569256625602550256C25A4006A
:1096C000F000D000CA00CB00C8003101CD00CE00B0
:1096D000CF0018250C2588258425A600CC008025E0
:1096E000D300DF00D400D200F500D500B500FE00A5
:1096F000DE00DA00DB00D900FD00DD00AF00B400C1
:10970000AD00B1001720BE00B600A700F700B800FA
:10971000B000A800B700B900B300B200A025A000B7
:1097200010000240080002400008024000000B0048
:1097300028000240080002400408024006010C0014
:1097400040000240080002400808024010020D00DC
:1097500058000240080002400C08024016030E00A8
:10976000700002400C0002401008024000040F008C
:10977000880002400C000240140802400605100058
:10978000A00002400C000240180802401006110020
:10979000B80002400C0002401C08024016072F00CF
:1097A000100402400804024020080240000838006B
:1097B0002804024008040240240802400609390037
:1097C000400402400804024028080240100A3A00FF
:1097D00058040240080402402C080240160B3B00CB
:1097E000700402400C04024030080240000C3C00AF
:1097F000880402400C04024034080240060D440074
:10980000A00402400C04024038080240100E45003B
:10981000B80402400C0402403C080240160F460007
:1098200001000000000000000096000000000000A1
:109830000000000000000000000000000000000028
:1098400000000000A16C0008A56C00081958000871
:10985000DD570008D1560008FD56000829570008BA
:1098600071560008000000004D5B0008395B0008DD
:10987000755B0008615B00086D5B0008595B0008C0
:10988000455B0008315B0008815B000800000000B8
:10989000655C0008515C00088D5C0008795C00087C
:1098A000855C0008715C00085D5C0008495C00088C
:1098B000E55C00080000000001000000000000005E
:1098C00063300000C09800080000000000000000A5
:1098D000003E0020304000200000802A00000000F0
:1098E000AAAAAAAA00000024FFFF000000000000AE
:1098F00000A00A000000000000000000AAAAAAAA16
:1099000000000000FFFF0000000000000000000059
:109910000000AA0200000000AAAAAAAA000055009E
:10992000FFFF000000000000CCCC0C002000000075
:1099300000000000AAAAAAAA10000000FFFF000071
:10994000000C000000000000000002000000000009
:10995000AAAAAAAA00000100FFFF00000000000060
:109960000700000050241000000000002AA28AAA6C
:1099700050141000FFFF000000000007000000006E
:109980000000100000000000AAAAAAAA000010000F
:10999000FFFF0000000000000000000000000000C9
:1099A00000000000AAAAAAAA00000000FFFF000011
:1099B000000000000000000000540101E000000071
:1099C000AAAAAAA800000101FFFF000000000000F1
:1099D000000000000000000000000000AAAAAAAADF
:1099E00000000000FFFF0000000000000000000079
:1099F0000000000000000000AAAAAAAA00000000BF
:109A0000FFFF0000000000000000000041726475CC
:109A100050696C6F740025424F415244252D424CD1
:109A2000002553455249414C25000000020000002A
:109A3000000000008D5E0008095F00084000400043
:109A4000E0580020F0580020020000000000000054
:109A50000300000000000000555F00080000000047
:109A6000100000000059002000000000010000006C
:109A7000000000005C5C0020010102009D6D0008F8
:109A8000AD6C0008496D00082D6D00084300000012
:109A9000949A000809024300020100C03209040040
:109AA000000102020100052400100105240100014B
:109AB000042402020524060001070582030800FFB2
:109AC00009040100020A000000070501024000002D
:109AD000070581024000000012000000E09A000823
:109AE0001201100102000040091241570002010258
:109AF000030100000403090425424F41524425009C
:109B000042424C2D45692D310030313233343536E7
:109B100037383941424344454600000000000020E8
:109B200000000200020000000000003000000400FD
:109B300008000000000000240000080004000000ED
:109B40000004000000FC00000200000000000430DF
:109B50000080000008000000000000380000010044
:109B6000010000001F1C1F1E1F1E1F1F1E1F1E1F87
:109B70001F1D1F1E1F1E1F1F1E1F1E1F0000000077
:109B8000E960000891630008296400084000400073
:109B9000945D0020945D002001000000A45D002081
:109BA00080000000400100000800000000010000EB
:109BB000001000000800000069646C6500000000EF
:109BC0006D61696E002C0638040438080C10141CF2
:109BD0002024252600000000000064040100040089
:109BE00000000000000C0010283034007C68FF7F6B
:109BF00001000000FFFFFFFFD11600000000000081
:109C000000001E0000000000FF000000384000209F
:109C100018390020000000004C9200088304000066
:109C200057920008500400006592000801000000EF
:109C300000000000009600000000080096000000F0
:109C40000008000004000000F49A00080000000072
:109C50000000000000000000000000000000000004
:049C60000000000000
:00000001FF
