:020000040800F2
:10000000406B0024ED240008E7F00008D924000824
:10001000D9240008D9240008D924000800000000D1
:10002000000000000000000000000000352500086E
:10003000D924000800000000812700081975000875
:100040002D2800082D2800082D2800082D2800083C
:100050002D2800082D2800082D2800082D2800082C
:100060002D2800082D2800082D2800082D2800081C
:100070002D2800082D2800082D2800082D2800080C
:100080002D2800082D2800082D2800082D280008FC
:100090002D2800082D2800082D2800082D280008EC
:1000A0002D2800082D2800082D2800082D280008DC
:1000B0002D2800082D2800082D2800082D280008CC
:1000C0002D2800082D2800082D2800082D280008BC
:1000D0002D2800082D2800082D2800082D280008AC
:1000E0002D2800082D2800082D2800082D2800089C
:1000F0002D2800082D2800082D2800082D2800088C
:100100002D2800082D2800082D2800082D2800087B
:100110002D2800082D2800082D2800082D2800086B
:100120002D2800082D2800082D2800082D2800085B
:100130002D2800082D2800082D2800082D2800084B
:100140002D2800082D2800082D2800082D2800083B
:100150002D2800082D2800082D2800082D2800082B
:100160002D2800082D2800082D2800082D2800081B
:100170002D2800082D2800082D2800082D2800080B
:100180002D2800082D2800082D2800082D280008FB
:100190002D2800082D2800082D2800082D280008EB
:1001A0002D2800082D2800082D2800082D280008DB
:1001B0002D2800082D2800082D2800082D280008CB
:1001C0002D2800082D2800082D2800082D280008BB
:0801D0002D2800082D2800086D
:1001D80053B94AB9002908BF00281CBF4FF0FF31A6
:1001E8004FF0FF3000F00CB8ADF1080C6DE904CE0B
:1001F80000F022F8DDF804E0DDE9022304B07047DE
:10020800704700BF10F8012B11F8013B012A28BFE5
:100218009A42F7D0D01A7047034611F8012B03F819
:10022800012B002AF9D17047034613F8012B002A45
:10023800FBD1181A013870472DE9F0478C468E46D5
:10024800089E154604461946002B40F0D08072459A
:1002580047D9B2FA82F74FB1C7F120030EFA07FC6B
:1002680020FA03F3BD4043EA0C0CBC404FEA154E9C
:10027800A8B2BCFBFEF8230C0EFB18CC08FB00F957
:1002880043EA0C43994528D9EB1808F1FF3204D208
:10029800994502D9A8F102022B44A3EB0903A4B2A1
:1002A800B3FBFEFC0EFB1C330CFB00F044EA0344DA
:1002B800A04214D92C190CF1FF3304D2A04202D960
:1002C800ACF102032C44241A43EA02401EB1FC405C
:1002D800002334607360BDE8F0874246DDE763467B
:1002E800F1E7002A79D0B2FA82F3002B3FD0194601
:1002F800C1F1200302FA01F52EFA03F20EFA01FE0B
:1003080020FA03F343EA0E034FEA154E00FA01F40C
:10031800B2FBFEFCAFB20EFB1C201A0C0CFB07F85C
:1003280042EA004290455AD9AA180CF1FF3004D28B
:10033800904502D9ACF102002A44A2EB08029BB214
:10034800B2FBFEFC0EFB1C220CFB07F743EA024340
:100358009F4246D9EB180CF1FF3204D29F4202D9D2
:10036800ACF102022B44DB1B42EA004202E0AEEB96
:10037800020301224FEA154EAFB2B3FBFEFC200C7C
:100388000EFB1C330CFB07F840EA034398452AD9B7
:10039800EB180CF1FF3004D2984502D9ACF10200F9
:1003A8002B44A3EB0803A4B2B3FBFEFC0EFB1C33E7
:1003B8000CFB07F744EA0344A74216D92C190CF1A1
:1003C800FF3304D2A74202D9ACF102032C44E41B48
:1003D80043EA00400F46114678E71F2188E7604648
:1003E800ABE76246BFE76046DBE76346EFE7734586
:1003F80006D916B9002108466DE7C6E9000EF9E7E7
:10040800B3FA83F787B9734501D3824207D8841AB0
:100418006EEB030301209C461EB900215BE73846BA
:10042800FAE7C6E9004CF8E7C7F1200CBB4022FA0E
:100438000CF51D4320FA0CF12EFA0CF30EFA07FE08
:1004480041EA0E014FEA154900FA07F4B3FBF9F83F
:100458001FFA85FE09FB18300B0C08FB0EFA43EA5D
:1004680000439A4502FA07F240D9EB1808F1FF3029
:1004780004D29A4502D9A8F102002B44A3EB0A033F
:1004880089B2B3FBF9F809FB183308FB0EFE41EA01
:1004980003418E452CD9691808F1FF3304D28E45E3
:1004A80002D9A8F10203294443EA0040A0FB0298BC
:1004B800A1EB0E014145CE46434602D306D14C4539
:1004C80004D2B9EB020E68EB05030138002EA4D064
:1004D800B4EB0E0261EB030101FA0CFC22FA07F3FC
:1004E8004CEA0303F940C6E9003196E74046C5E700
:1004F8004346D9E7000000002DE9F04F8FB0AF4820
:10050800DFF844A308AF0EF0ABF8AD4BAD481C685C
:10051800AD4D214613F091FE204613F089FEAB4BFA
:100528004FF0AA321A60AA4BCAF8003001232B6098
:10053800A84C204613F059F950B122692046A16809
:10054800136843F480531360A34A0B680C2198473F
:1005580002232B600B232B60A04BDA6842F08072D9
:10056800DA60DA6842F00072DA600C232B600D233F
:100578002B609B4A03219B480EF09AFC9A4B9B4C9C
:10058800D3F8A8249A4B1A602368990416D42368D0
:1005980040F2E93643F48053236023689A0405D473
:1005A800013E03D0012013F0F9F8F6E723689B0415
:1005B80004D4904A02218B480EF07AFC8B4C636D70
:1005C80043F440136365884BD3F8A8248A4B1A6018
:1005D800636D8A4A03F4401313600E232B600F23C4
:1005E8002B6097232B60D4F8D83023F08053C4F8BD
:1005F800D83098232B60D4F8D83023F00063C4F89F
:10060800D83099232B60D4F8803043F00063C4F8C5
:1006180080309A232B604FF4FA7013F0BFF89B23B5
:1006280044F61F622B60D4F8803023F00063C4F8CE
:1006380080309C232B6000233B613B6993427FD928
:100648009D234FF00A0B6E492B60684B6D48D3F819
:10065800D820DFF8B09142F00062DFF8F0816A4EEE
:10066800C3F8D820D3F8D83003F000637B617B69E6
:100678009E232B609F232B6010232B6011232B605C
:10068800C5F800B00EF05BFF044600285DD0C8F83E
:1006980000B030605D4A0346012152480DF035FA3A
:1006A800CAF8004003236C468AB02B6008AADAF81F
:1006B8000030574902F114000DF029FA02F1180030
:1006C80054490DF024FAD3614FF400731384524B4C
:1006D800FB6042F8103F00234FF41351414801F0EA
:1006E8009FF84E4BA5461A69BFF35B8FD2F8A0302E
:1006F800BFF35B8F4A4903F001030B60BFF35B8FC5
:10070800D2F8A030BFF35B8F464AC3F34003464C90
:1007180000251360206813F068F828B92379434A44
:10072800022130480DF0F1F901350834052DF1D1D9
:10073800002108460CF0DEF91C37BD46BDE8F08FF5
:1007480000BF3B6901333B6177E74FF0140B384931
:100758004846C5F800B00EF0F2FE044628B1C8F8C5
:1007680000B03060334A034696E74FF01E0B32491B
:100778004846C5F800B00EF0E2FE044628B1C8F8B5
:1007880000B030602D4A034686E74FF0230B4846F9
:10079800C5F800B00EF032FE0128014671D178602C
:1007A8004846274A03F052FD7968044600284FD08E
:1007B800C8F800B03060234A03466EE74653010884
:1007C8007C4B0108605301083C230024900200245C
:1007D8001AFCFFFF4045010807000A0000480258BC
:1007E800785301086449010800400258004402583F
:1007F8002423002498530108202300241C230024C8
:1008080078020024240900242C230024B253010870
:100818007F5501088B55010804000001AC4601080A
:100828003823002434230024944901089E550108E4
:1008380060020024D553010848020024F753010838
:10084800D80100241D5401089402002430230024F8
:100858004FF0240B0A466C4B48467960C5F800B047
:1008680003F06AFE7968044628B1C8F800B0306021
:10087800664A034611E70223EF22484600910EF02C
:10088800C4FD4FF0280B624A00216248C5F800B049
:1008980003F0DCFC044628B1C8F800B030605E4ABA
:1008A8000346F9E64FF0320B0146574B01225948EF
:1008B800C5F800B003F040FE044628B1C8F800B0FF
:1008C8003060564A0346E7E64FF0010B0223EF2259
:1008D8000146CDF800B04F480EF097FD59464D48F7
:1008E8000EF0B7FD3C234E494A482B600EF027FE18
:1008F8003C23044628B1C8F800303060494A034612
:10090800CAE64623484943482B600FF019F94623A5
:10091800044628B1C8F800303060444A0346BBE6B4
:1009280050236FF0730B2B60414BC3F800B0414864
:100938000BF01CF80022002304943F493F48CDE9FE
:10094800062308234FF40062CDE90243CDE9009461
:100958003B4B0BF0B9FADFF804910446002833D07A
:1009680027A3D3E9002333480AF0DAFFB8B9304B9C
:100978001C68C9F80040C4B95A234FF064092548D7
:100988002B60C5F8009002F0A7FA2E4B04461860B9
:1009980030B3C8F8009030602B4A03467CE6204606
:1009A8005C4601F0D3FEC9F800B0502314F1740F6F
:1009B800C8F8003034600CD155232B60234A01213C
:1009C80023480EF075FA6BE66FF00B04C9F8004087
:1009D800EBE7204A234601211D480DF096F8CBE7A6
:1009E8001D4AD2F8043823F00203C2F804386E23F3
:1009F8002B60C8F80000306052E600BFAFF30080FB
:100A080080C3C90100000000BC4901084154010825
:100A180004020024240900246454010888540108AD
:100A280030020024A8540108690A0008CD540108BE
:100A380018230024AC08002400310024E00D002411
:100A48003D0B00084023002465550108F6540108B1
:100A58006449010833550108000008404423002474
:100A6800F0B583B02A4B05460C460A7800AF6E46AF
:100A78001A6088B00B780B2B96BF264A264B52F883
:100A880023306A46254905A80DF041F819464FF468
:100A9800007306A80DF03BF8ADF81C30204B7B60C6
:100AA80042F8103F00234FF4E6511E4800F0B8FE0C
:100AB8002378B546092B0DD1002360687B608368D5
:100AC8001B6D13B13A1D042198477B6813B1164872
:100AD8000AF0EAFE28460EF0D1FCB0B1237843B9FB
:100AE800284602F0F9F920B1104A01210D480EF00C
:100AF800DFF92478012C08D1284602F041FA20B108
:100B08000B4A214607480EF0D3F90C37BD46F0BD15
:100B180028230024C4490108EA520108EC520108BC
:100B2800030000016449010864080024FD5201081B
:100B38002153010838B50F4C0546D4F8803443F0EA
:100B48000063C4F880340A2012F028FED4F88034F8
:100B580023F00063C4F88034642012F01FFE284696
:100B680002F082F9044B18600448BDE838400AF0E6
:100B78009BBE00BF0040025818230024AC08002484
:100B8800024B0020024A1A60704700BF5C23002411
:100B9800E845010838B50C4D0446286898B112F0AC
:100BA80024FE80B1013C14F8011F286841B90D21C9
:100BB8000CF0AFFF28680A21BDE838400CF0A9BF47
:100BC8000CF0A7FFEFE738BD5C23002470B5194C83
:100BD80005460E46206860B312F007FE48B3013D93
:100BE80015F8011F206809BB30211C250CF091FF66
:100BF800782120680CF08DFF26FA05F3043D206863
:100C080003F00F03092B94BF03F1300103F13701FF
:100C18000CF07FFF2B1DEFD120680D210CF079FF20
:100C280020680A21BDE870400CF073BF0CF071FF1A
:100C3800D6E770BD5C23002408B52A4B05460C4650
:100C48001860294B002949D08A691A604B69274ADC
:100C580013604FF0E023D3F8282D254B1A60BFF31B
:100C68004F8F244A2448136801331360FFF792FF1B
:100C780029462248FFF7AAFF7CB1A1692048FFF75F
:100C8800A5FF61691F48FFF7A1FF21681E48FFF70C
:100C98009DFFE1691D48FFF799FF4FF0E0241C48CC
:100CA800D4F8281DFFF792FFD4F82C1D1948FFF738
:100CB8008DFFD4F8341D1848FFF788FFD4F8381D85
:100CC8001648FFF783FF1648FFF764FFEFF3118319
:100CD800102383F31288BFF36F8FFEE719600B466A
:100CE800B5E700BF582300245423002450230024D0
:100CF8004C23002448230024A5560108B9560108AE
:100D0800C1560108C5560108C9560108CD56010843
:100D1800D3560108D9560108DF560108E6560108DE
:100D2800EC5601082DE9F843884600AF002900F089
:100D380085800468012220460DF044F801460546E6
:100D480020460CF0ECFF10EA020616D1E94688B0FE
:100D58006A463C4BCDE90538032342F8103F4FF46F
:100D6800C2513346384800F05BFDCD4686F3118802
:100D7800BFF36F8F0423184602DF294620460CF084
:100D8800E4FF2E180022204631460CF0C8FF361A20
:100D9800B54218D06E4688B069462C4BCDE9053867
:100DA800032341F8103F284813460A464FF4C2511E
:100DB80000F036FD0023B54683F31188BFF36F8F2B
:100DC8000423184602DF0022294620460CF0C3FF00
:100DD80029460CF0EAFF636929461B1A204663611D
:100DE8000CF0B3FF2E180122204631460CF097FF75
:100DF800C20708D4314620460DF02EF8324629465F
:100E080020460DF0A0F80022294620460CF087FF66
:100E18002E1A0122204631460CF081FFC30709D45F
:100E2800314620460DF018F82A4635463146204608
:100E38000DF089F8294620460DF0A3F8BD46BDE817
:100E4800F88300BF59570108BC480108305701080A
:100E58000E4A0346904202D30D4A904211D30D4ADE
:100E680022B1934202D30C4A93420AD30B4A52B19D
:100E78000B48834234BF01200020934238BF002032
:100E88007047012070471046704700BF4043010873
:100E98004875010800000000000000000000000084
:100EA800000000002DE9F04F9BB004468B4600AFD0
:100EB800D7F890A0FA637B6349B9037846788078BD
:100EC80000EB830020445E4522D8A0EB040B0AF017
:100ED800010394F80280FB62B8F1000F0CBF4FF0D9
:100EE80000090AF00109E3783B6313B11AF0020F15
:100EF80017D1B9F1000F14D1FB6B1BB17A6B5946AE
:100F0800204698475D4628466C37BD46BDE8F08FB9
:100F1800451C0BF1010B2846FFF786F901302844E0
:100F2800D1E7CAF3C003FB612378BB629B00BB61B6
:100F380063683B62BB6A04EB8301FB6B002B7ED1C9
:100F48005D468844B9F1000F1DD08B469946A94EDD
:100F58001BF8013B54F82300002808BF3046FFF770
:100F680063F9D7F8943001304BB1D7F898304B4536
:100F780082BFD7F8943023F8190009F10109C34555
:100F88000544E5D1D8461AF0050F0AF002034FF0E0
:100F980000060CBF4FF0020B4FF0010BFB633B6BDD
:100FA8009E42B0D298F8013008F1020854F823A004
:100FB8005046FFF74DFFFA69034602B3B86318F8C5
:100FC800021C386A0DF02DFBBB6BC0B1EA468AB033
:100FD8006A46894B05933B6ACDE906314FF40073A5
:100FE800ADF82030854B42F8103F00234FF41251E2
:100FF8008348023D00F014FCD5460136CFE723B103
:10100800FB6A2BB9A5EB0B05F7E7FB6B002BF4D0BC
:101018007848BAF1000F18BF5046FFF705F9D7F81E
:10102800943053B1D7F8983099453FBF431CD7F84F
:10103800942022F8193009F101090544DDE7B9F1D6
:10104800000F6CD0434607F148000026102B28BF3C
:101058001023BB6397F83890BA6B796213F084F861
:10106800796A002201EB08037A620AF002027B61C6
:1010780002333A610AF00402FA607A6A396B8A42EA
:1010880066D363781AF0020FF96A7B624B440CBF8F
:1010980072080022DBB2002940F0A9801AF0040F80
:1010A80014BF3146002163702046A170E270B9690F
:1010B8007A6BFB6B9847051EFFF625AFBB6A314676
:1010C8007A6B07F1580023707B6A84F8028063709A
:1010D8003B6BE370FB6B9847061EC0F2C5803A6B0A
:1010E800BB69386B03EB4203ABEB0301D7E90D2374
:1010F800C91A7B6903EB4000FB6B98470028C0F2D4
:10110800B5802E444FF0000807F1480A3518C84545
:1011180078D300217A6BFB6B08469847F3E6B8F161
:10112800000F0CD01AF0040F0ED0434607F15800F8
:10113800102B28BF1023BB6397F838608CE746460E
:10114800C146C7F838808CE74E46C7F8388088E72C
:1011580013F8015C13F8021C54F82500BB60FFF774
:1011680077FE0246F869BB6838B1386AC7E90132C8
:101178000DF057FAD7E90132F0B912B3FA6A72B131
:10118800B9F10F0F18D809F1280107F1400009F14A
:10119800010201445FFA82F901F8205C0CE0FA6868
:1011A80052B10F2E08D806F1280107F14000721C31
:1011B8000E1806F8105CD6B27A6A023301327A62E7
:1011C8005BE73A69002ADBD10F2EF5D806F1280033
:1011D80007F1400C721C02366044F6B200F8101C8D
:1011E80007F1680151FA82F202F8105CE4E7002185
:1011F80059E700BF865701088D5701080400000110
:101208004C48010818F80A3054F823B087F84730DA
:10121800D7F8943033B3D7F89830984522D2D7F816
:10122800943033F818607A6B012107F14700FB6BA3
:10123800984700281ADB0E4B0544BBF1000F08BF86
:101248009B4626B95846FEF7EFFF461CB6B27A6BA6
:1012580031465846FB6B9847002807DB054408F1E0
:10126800010854E70026DEE735464CE605464AE61F
:1012780086570108014B1860704700BF9802002488
:10128800054B00205A6842F002025A605A6842F040
:1012980001025A60704700BF0010005C08B5416841
:1012A80005480C3183681B681BB1984700EAE07059
:1012B80008BD6FF05700F9E7604401080A2810B527
:1012C80002D90024204610BD044B53F82040204684
:1012D80012F08BFA0028F5D1F3E700BFD04A0108D5
:1012E80008B501F02DFB01F0B5FA0C4B0C4A1A6059
:1012F8000C4AD36823F0070343F00203D3600A4B78
:101308001A6841F20303B3EB124F06D1074AD2F829
:10131800083143F00103C2F8083108BD5006002423
:101328000090D003004802580010005C0080005173
:101338002DE9F047044607464FF00109DFF84C80D5
:1013480094FAA4F5B5FA85F509FA05F32E0108EB28
:1013580005156FEA030A24EA03042B7B63B158F8E6
:1013680006301B696BB946440422284607EA0A0777
:10137800736819680DF02CFD002CE1D13846BDE8E2
:10138800F087284698470028F6D1ECE76C49010811
:1013980010B5002288B00E490E4812F007FE002250
:1013A800002300240C490D480094CDE906230923A5
:1013B8004FF44072CDE90334CDE90144084B0AF0FB
:1013C80083FD084905480AF0DDFC204608B010BD39
:1013D800F1130008B817002400390024C80E0024AF
:1013E800D11600081459010801480AF05DBA00BF77
:1013F8007C0800242DE9F047804621480F460DF06F
:10140800BEFC0646002833D000252846BDE8F087F4
:10141800237B83B12368DB680BB120469847636858
:1014280083F8069023681B69D3B9636804222046B1
:1014380019680DF0CDFC013610345445E8D3B8F1E5
:10144800000FE2D0002DDFD02846FFF771FF0546D8
:10145800002FF7D0002142F2107012F040FDF1E7A2
:10146800204698470028E0D009FA06F31D43E2E732
:10147800044C0546DFF810A04FF00109DDE700BF76
:10148800202400246C4901087C490108014B53F8C9
:1014980020007047104B010808B5034608462BB1D9
:1014A800044A136000F02CFC002008BD6FF0150002
:1014B800FBE700BF9C02002410B5044C237813B945
:1014C80003480AF0F1F90123237010BDE02C002431
:1014D8007C08002410B504460B480DF050FC5CB1A4
:1014E8000A4BBFF35B8F53E8001F013943E8001232
:1014F800002AF8D1BFF35B8F05480BF087FA05483F
:10150800BDE810400AF0D0B9182400241C24002497
:10151800B81700247C080024064B0022BFF35B8F19
:1015280053E8000F43E800210029F9D1BFF35B8F8E
:10153800704700BF1824002470B5FFF7EDFF084C72
:101548000546084EB44200D370BD63685B792BB181
:1015580023685B6813B12946204698471034F1E7A1
:101568006C4901087C49010810B5044C044920461F
:101578000DF082F9034B1C6010BD00BF5C0700240E
:10158800FC4A01081024002400230D4A4FF47A7104
:101598000C4810B513700C4A13600C4A1360FFF71F
:1015A8007BFFFFF7E1FF0A4B0A4918468B4200D33D
:1015B80010BD1A1A5C681033121101322271F5E756
:1015C800E12C0024A1ED0008182400241C24002488
:1015D8006C4901087C4901080146002200230148A2
:1015E8000DF06BB95C07002401480DF002BA00BF8A
:1015F8005C070024024B014618680DF055BA00BF7D
:101608001024002401480DF08ABA00BF5C070024AA
:10161800274B70B51B78002B48D0FFF7E5FF044631
:10162800002840D1234B244D1B68002B13DD12F0FA
:1016380075FC4FF47A720023FEF7CAFDD5E9003233
:10164800C01A40F2E93361EB0201984271F10001DE
:1016580001D3FFF771FFD5E9003213F57A7342F130
:101668000002C5E900320CB3BDE87040FFF7CABFFD
:101678006B685B7923B12B68214628461B6898471D
:101688001035B542F4D32046FFF7B4FF0B4BBFF338
:101698005B8F53E8001F013943E80012002AF8D194
:1016A800BFF35B8FBEE7064D064EEAE7002070BD2C
:1016B800E02C002418240024B01700241C24002443
:1016C8006C4901087C49010800212DE9F8430846C6
:1016D800FFF790FE044648B34CF250384FF000092B
:1016E8001B4B01F0B1F81B4A1B58136033B11A4B5E
:1016F8001B68092B02DD19480AF0D6F80025184F97
:1017080044B12046FFF714FE044618B94FF0FF38DD
:101718004FF0FF39FFF77CFF064628B9B5B90F48E7
:1017280042464B460AF0FCF83546E9E74FF0FF38E9
:101738004FF0FF39D4E72B689B691BB1002228467C
:10174800114698471035BD42F5D3E8E7054DFAE74D
:1017580008000000142400241C2400247C08002411
:101768007C4901086C49010813B517480DF007FBBF
:10177800164B1B7873B1EFF31184102383F312888F
:10178800BFF36F8FFFF744FF84F31188BFF36F8FA8
:1017980002B010BD0E4B1B68002BF9D048B90022CF
:1017A80000230C48CDE900230B4A00230BF008F96D
:1017B800EEE70928ECD107480BF028F9074802B0F2
:1017C800BDE810400AF070B81C240024E12C002465
:1017D80014240024B817002440420F007C08002479
:1017E800064B10B504461B6898472146A06004487C
:1017F8000DF0E0F8BDE81040FFF7B6BF9C020024EA
:101808005C070024044A054B9B1AB1EBD30F34BF85
:1018180052F83100002070474C4801086C49010813
:101828002DE9F04F8FB0C1F34A260D46904604AF1C
:101838000C0DB8607B60002E61D04FF000090A23C0
:101848004FF0040B07F1140AFE604A46C7F82490CB
:101858004046C7E90799009307F11C03CDF808B083
:10186800CDF804A0F968FFF71DFBB0F5006F03463B
:101878001CD36C468AB0D8F8041004AB24481A4626
:10188800C3E9050140F2FF71D9614FF40071198471
:10189800204B42F8103F4FF412514B461E48FFF7B9
:1018A800BFFFA5462C37BD46BDE8F08FC0F30A063A
:1018B80004F117003B60184466F3532520F0070035
:1018C8008008FFF789FE044680B13B6800F11001EB
:1018D800124A4046F961C7E908390A23009307F11B
:1018E8001C03CDE901ABF968FFF7DCFA66F3532571
:1018F8007B68B96820462A460DF08AFAD2E704F1D7
:10190800170020F007008008FFF766FE0446EDE7A1
:1019180029590108040000018C480108EBED000872
:101928002DE9F04F87B00546884614469946DDE90B
:10193800127ADDE9106BBFB110213B465A460020F0
:10194800CDF800A0CDF814A00CF091FCB0F5006F14
:1019580001460BD340F2FF73184A0221184807B01A
:10196800BDE8F04F0DF0ADBA3946384604F007032C
:1019780005F00704E40044EA831444EA402444EAF6
:10198800065406F117000391084420F00700800868
:10199800FFF722FE054640B13FB13B465A46039940
:1019A8001030CDF800A00CF062FC4B4622464146B0
:1019B800284607B0BDE8F04F0DF02ABA685901086B
:1019C8008C480108406820B1034BC01A40F3CF008F
:1019D80070474FF0FF3070474C4801080EB403B50C
:1019E80003AB0146054853F8042B019300F0C2FFEE
:1019F80002B05DF804EB03B0704700BF2DEF00089C
:101A0800CA0605D48B064CBF02490349FFF7E6BF57
:101A1800704700BFA1590108A05901082DE9F04FEE
:101A28008BB0994604460D46179B9DF8588007933E
:101A38001A9F0692DDE918A30593B8F1000F00F08C
:101A4800BC80834B07F0020B13F80830089307F4A7
:101A5800807309930DF0BAF9024600287AD07D49BF
:101A68002046FFF7BBFF0646BBF1000F08D017F072
:101A7800440F71D12A4678492046FFF7AFFF064444
:101A880007F0010353B1754B2046754953F82820D8
:101A9800744B002A08BF1A46FFF7A0FF07F48073AB
:101AA800002B07F0080318BF4FF00009002B7FD068
:101AB8006D4B20466D4953F82820FFF78FFF0546E8
:101AC800069B2BB11A466A492046FFF787FF054453
:101AD800B9F1000F0DD0089B002B6CD06549664BFF
:101AE800B8F1040F18BF19464A462046FFF776FF9B
:101AF800054435446148079B1BB1224660490CF0F8
:101B08005FFD059B002B00F08E80059B0026394663
:101B18002046102B28BF10239946FFF771FFB542C6
:101B280052DC002633461AF8032020465549FFF7B1
:101B380055FF0136102E4DD0710703D1524920466A
:101B4800FFF74CFF4E453346EDD350492046FFF78B
:101B580045FFEEE7064687E74D4B186800288ED00C
:101B68004C4B4FF47A7B4FF03C0C1B68B5FBF3F5FC
:101B7800B5FBF0F100FB11554FF461630BFB05F564
:101B8800B1FBF3F2B5FBF0FE03FB121100FB1E558F
:101B9800B1FBFCF30BFB05F50CFB1311B5FBF0F5E2
:101BA800009120463C49CDE901E5FFF717FF66E7BC
:101BB80007F0080584E7304996E7B9F1010F454673
:101BC8000CBF2E48354896E72F4920460136FFF7C7
:101BD80005FFA4E7002632492046FFF7FFFE3346FB
:101BE8001AF8032020462F49A2F120035F2B28BFB3
:101BF8002E22FFF7F3FE0136102E0DD0720703D107
:101C080021492046FFF7EAFEB1453346E8D81E4988
:101C18002046FFF7E3FEEEE7059BCA44B3EB090352
:101C280005937FF472AFB8F1000F0AD0FB0704D513
:101C38000C4A20460A49FFF7D1FE39462046FFF7ED
:101C4800DFFE20460BB0BDE8F04F0DF05EB900BFD7
:101C580032710108B1590108B5590108204B010832
:101C6800FA520108A3590108344B0108DA5901084E
:101C7800E0590108A8590108AC5901082DEF0008DE
:101C88007D290008E4590108D26F0108D06F0108C6
:101C98002824002424240024BE59010863EF0008E6
:101CA800EA590108EC59010842F20F73114A8B42B4
:101CB80073B5044628BF0B460568052168460BF036
:101CC800B5FC636806460B2228465B680A490DF096
:101CD8000EF963683246694628465B680DF007F9D5
:101CE80063681B2205495B6828460DF000F902B0BD
:101CF80070BD00BFF6680108267101080A71010865
:101D080000210123064A904206D8064A01B9012358
:101D18001360054B18607047400801215B00F2E72B
:101D280040420F002424002428240024F8B50D463E
:101D380004464618054FB44201D12846F8BD14F8A8
:101D4800011BBB6801485B689847F4E7E845010850
:101D58002DE9F8430646FEF767FA0546EFF31188C2
:101D6800102383F31288BFF36F8F114B1C68D3F8CD
:101D780004909C4208BF002434B988F31188BFF34B
:101D88006F8F2046BDE8F883A7683846FEF74CFAFF
:101D9800A84206D12A463946304612F018FA0028D9
:101DA800EBD04C4501D02468E6E70024E5E700BF06
:101DB800A80200242DE9F0410E461546FFF7C8FF9A
:101DC800044628B3C3681BB35F690FB3062E07D058
:101DD800072E20D02A4631463B46BDE8F041184739
:101DE800838A3BB92A463146B84750B9A38A01339A
:101DF800A38206E04FF6FF72934204D00133A38218
:101E08000020BDE8F081124A012112480DF050F877
:101E18006FF01500F5E745B12A7832B10022314656
:101E280082822A465B699847EAE7A38A012B08D190
:101E38002A4607212046B8470028E2D1A38A013B59
:101E4800D6E70BB1013BDAE7034A0221DDE700BF21
:101E5800295A0108544801084B5A010810B504468C
:101E680008B1806838B9104A104801210DF020F8EF
:101E78006FF0150010BDFFF76BFF08B10C4AF3E7D0
:101E8800A082EFF31181102383F31288BFF36F8FC1
:101E9800084B5A68C4E9003214605C6081F3118809
:101EA800BFF36F8FE6E700BF695A0108544801087D
:101EB800825A0108A802002480B505460E46174636
:101EC80098460AF045FBDFF82090034600F0BCFC7A
:101ED8000446424649F8003039463046A84754F887
:101EE800090000F033FC00BF08000000034800218F
:101EF800034A08B5121A0DF0EAF808BDE0090024F3
:101F0800002D00240748084A0849121A08B50DF0A0
:101F1800E0F80748074A0849121ABDE808400DF0DA
:101F2800D8B800BF00010024D4090024487601086D
:101F38000000002400010024487501082DE9F84F2D
:101F4800804600AF0C46002965D0E9468AB0A368F0
:101F58006D46D1E9001239484FF0050A6E46CDE9C1
:101F68000501CDE9072346F810AF002332464FF4A8
:101F780021513348FFF754FCCD466369AD46D4E997
:101F880003123048C5F810A0C5E90501C5E90723C3
:101F9800002332464FF421512948FFF741FCCD4632
:101FA800E36900252646DFF8B0B04FF00A0A264A52
:101FB800012123480CF085FFE9468EB0D6E908C018
:101FC800D6E90A136A46CDF81CC005F1010CCDE923
:101FD80008C0A81CCDE90A01E91CCDE905B5CDE981
:101FE8000C1342F810AF0435002345F240011448A1
:101FF800FFF716FC102D06F11006CD46DCD1236E36
:10200800124A01210E480CF05CFFA369104A012115
:102018000B480CF056FFB8F1010F07D1EFF3058319
:102028000C4A103B414606480CF04BFF21464046FF
:1020380009F06AF8BD46BDE8F88F00BFB15A01083B
:10204800B4480108E05A01080F5B0108615B010808
:10205800705B01089E5B01081E5B010830BFFFF73B
:10206800FDBF00BF2DE9F0410B4E0546DFF830807B
:10207800324606EB0807CC1B0849204612F074F8D4
:10208800A019083C4246002112F07CF807F108002C
:10209800C5F89440BDE8F081000000007C490108C3
:1020A8000800000010B5204C204921480DF01EF80A
:1020B800A36A990136D51E481E490DF017F81E204F
:1020C800A36ADA0104D51A481B490DF00FF81F203E
:1020D800154CA36A1B0304D5154818490DF006F8DA
:1020E8002120A36A590304D5114815490CF0FEFFB5
:1020F80022200D4CA36A9A0304D50D4811490CF00F
:10210800F5FF2320A36ADB0304D509480E490CF028
:10211800EDFF2420044A936A6FEA03436FEA1343EE
:10212800936210BD1D20CBE700ED00E0B15B010814
:10213800B4480108C95B0108DC5B0108F65B0108CB
:10214800145C0108395C0108535C010870B5064647
:102158000D46294C29492A480CF0C8FFA36ADB061A
:1021680047D5274827490CF0C1FF1120A36A1C074F
:1021780004D5234824490CF0B9FF12201E4CA36A49
:10218800990712D521491E480CF0B0FF636BA26A6B
:10219800120609D51E4A012119480CF092FE1EB1FB
:1021A800A36A23F08003A3621320134CA36ADE07FB
:1021B80004D5134817490CF099FF1420A36A9C060C
:1021C80004D50F4814490CF091FF15200A4B9A6A60
:1021D800D10600D49A6A9A6A920603D55A6A22F4FA
:1021E80000525A629A6A42F0FF029A6200232B70E8
:1021F80070BD1020BAE700BF00ED00E07E5C01086A
:10220800B4480108945C0108C75C0108DA5C01085D
:10221800F25C0108085D0108275D010870B50646F3
:102228000D46284C284929480CF060FFA36AD904B8
:102238003CD5264826490CF059FF1720A36A1A05F1
:1022480004D5224823490CF051FF18201D4CA36ADD
:102258009B0512D51D4820490CF048FFA36BA26AC4
:10226800100409D51D4A012118480CF02AFE1EB198
:10227800A36A23F40043A3621920124CA36A5905E8
:1022880004D5124816490CF031FF1A20A36ADA0562
:102298000ED50E4813490CF029FF1B20094A936AF2
:1022A80043F47F43936200232B7070BD1620C5E76B
:1022B800A36A9B04F2D505480B490CF017FF1C20B4
:1022C800ECE700BF00ED00E0565D0108B4480108E6
:1022D8006C5D0108C75C01087D5D0108965D010819
:1022E800AB5D0108C65D0108275D01082DE9F041D5
:1022F800644B9CB005460026D3F8048000AFC8F3B1
:10230800080486F31188BFF36F8F02F07F43B3F19F
:102318007F4F07D102F00C03082B12D15A495B48B2
:102328000CF0E4FE002635460023FB71E31E092B62
:1023380000F28880DFE803F00A7E817A8686868646
:10234800868410074CBF0D460126EDE750494F48DB
:102358000CF0CCFE4B4C0023FB71E36A9A0705D5C1
:102368004C494A480CF0C2FE00242DE0E36A002BD9
:1023780001DA4949F5E7E36A5B00F5D5474943487F
:102388000CF0B4FE6369AA6943F480736361BFF318
:102398004F8FBFF36F8F32F8023C626922F480726C
:1023A8006261BFF34F8FBFF36F8F03F47F42B2F5C3
:1023B8005F4F25D1DBB2022B22D12B68384A01218D
:1023C80032480CF07EFD2C68FB79ABB968222946AF
:1023D80007F1080011F0C8FE7B6A002E4FD0C3F346
:1023E800080222B96FEA53236FEA43237B6207F19D
:1023F80008012046FFF7A2FD7037BD46BDE8F08111
:10240800204B9A6AD2B222B1F91D0120FFF79EFE35
:102418000EE09A6A12F47F4F04D0F91D0120FFF7ED
:10242800FDFE05E09B6AB3F5803F9DD3FFF73AFEBA
:102438000446C9E7F91D0020E8E7F91D0020EEE78A
:1024480018498EE718F4F87F174AE8468AB0174B00
:1024580008BF13466A461649103CCDE905134FF4E8
:1024680000730794ADF82030124B42F8103F002358
:102478004FF411510548FFF7D3F9C54674E76FF3D8
:102488000803B3E700ED00E00C5E0108B44801085A
:10249800375E01084E5E01086F5E01087D5E010827
:1024A8009C5E0108B85E0108DE5D0108F35D010865
:1024B800DC5E010804000001044B5A6942F0100276
:1024C8005A615A6922F008025A61704700ED00E02B
:1024D800EFF30880EFF3098101B57246FFF706FFB5
:1024E80001BD00BF0F4880F308880CF035FC1020B0
:1024F80080F311880C484FF0AA014FF400620CF0E9
:10250800E6FD09484FF40061401880F30988EFF3AD
:1025180014800221084380F31488BFF36F8F00F002
:102528006BF80000406B0024004200241EF0040FEA
:102538000CBFEFF30880EFF30980816911F8021CE2
:102548000229FFD001B572460CF0C5FD01BD00BFE0
:1025580000B2002807DB0123410900F01F00024AEE
:10256800834042F82130704700E100E000B20028C3
:102578000CDB4309012200F01F000549203382408B
:1025880041F82320BFF34F8FBFF36F8F704700BF11
:1025980000E100E04209054B00F01F0053F822203B
:1025A800012303FA00F01040704700BF00E100E08B
:1025B80000B2013100284FEA0111C9B206DB00F16F
:1025C800604000F5614080F80013704700F00F008C
:1025D800014B1954704700BF14ED00E0044B054A45
:1025E80023F07F039360BFF34F8FBFF36F8F704764
:1025F8000000000800ED00E008B5FFF7EFFF114B01
:10260800D3F8882022F47002C3F88820D3F88820F1
:1026180042F4A002C3F888204FF04042C3F83422A5
:10262800BFF34F8FBFF36F8F0023E1EE103AFFF730
:102638005DFCFFF767FC00F0E9F80CF079FD08F0A5
:102648009FFE00BF00ED00E08189203A41F00201C1
:1026580081814FF47D41C0F8E0101360009B084968
:102668005360019B21F001019360029B9161D3604B
:102678004FF08073D36100230265C0F8983070472B
:10268800C11E0008104B9B6883421AD1EFF30580E6
:10269800B8B9EFF31181102282F31288BFF36F8F5C
:1026A8009A8922F002029A81EFF3148323F004033B
:1026B80083F31488BFF36F8F81F31188BFF36F8F93
:1026C80070476FF015007047602800240E461546C5
:1026D800002300B5E1EE103AEFF3148323F004036E
:1026E80083F31488BFF36F8FBFF36F8F0A4BD0F853
:1026F80094209860094B1A602C4686F309880020BC
:10270800034B98472046002100220023014C204714
:1027180009F10008C11E000860280024582400247C
:10272800014B10221A61704700ED00E0054B9A69D1
:102738009B689A4204D0044A536843F0805353601C
:10274800704700BF6028002400ED00E0084B9B683C
:1027580083420BD1EFF3058343B1064B5A6842F02D
:1027680080525A605A6A22F400425A6211F0B8BA8A
:102778006028002400ED00E021498A6882F8E1E041
:102788004FF030001044EFF3098C80E8F01F1EF082
:10279800100F03D102F1A00080EC108A102080F302
:1027A8001288BFF36F8F174F4FF000668A698A60EF
:1027B8003E60D2F89400144C206092F9E1E0D2F81F
:1027C80098000023C2F8983080F311881EF0100F8B
:1027D80003D00023E1EE103A03E002F1A00090ECF0
:1027E800108AEFF3148323F0040383F31488BFF3F0
:1027F8006F8F02F1300090E8F01F8CF30988704762
:102808006028002404ED00E0582400240023044834
:102818001021C2180133662B82F80013F9D17047D2
:1028280000E100E008B5EFF30583064A103B02EB30
:10283800C30152F8330049688847BDE80840FFF7EC
:1028480075BF00BF18720108014800687047000092
:1028580058240024154A70B5536913F4803323D1E2
:10286800C2F88430BFF34F8FD2F8803043F6E0745B
:10287800C3F3C900C3F34E335B0103EA0406014600
:1028880046EA81750139C2F86052F9D2203B13F14A
:10289800200FF2D1BFF34F8F536943F48033536154
:1028A800BFF34F8FBFF36F8F70BD00BF00ED00E027
:1028B800002910DD00F01F030B44BFF34F8F0749B9
:1028C8000344C1F8680220301A1A002AF9DCBFF361
:1028D8004F8FBFF36F8F0020704700BF00ED00E0FF
:1028E800002910DD00F01F030B44BFF34F8F074989
:1028F8000344C1F85C0220301A1A002AF9DCBFF33D
:102908004F8FBFF36F8F0020704700BF00ED00E0CE
:10291800002910DD00F01F030B44BFF34F8F074958
:102928000344C1F8700220301A1A002AF9DCBFF3F8
:102938004F8FBFF36F8F0020704700BF00ED00E09E
:102948000B4B5A6912F4003211D1BFF34F8FBFF30A
:102958006F8FC3F85022BFF34F8FBFF36F8F5A6941
:1029680042F400325A61BFF34F8FBFF36F8F704745
:1029780000ED00E0F0B587B007460E46144600218A
:10298800102268461D4611F0FDFB02232A46214607
:102998008DF802306846044BCDE9047601930AF0BD
:1029A8006FFE07B0F0BD00BF3BF1000808B5024B51
:1029B8001B689847002008BD5C240024034B044A88
:1029C8001860937843F00203937070475C240024E6
:1029D800B00200240649074821F00701C1F110524E
:1029E80008B502F500220BF0EBFB002008BD00BF84
:1029F800338000246024002470B541690446867A37
:102A08000A4D59B1437ADB0706D4302303FB06533A
:102A18009B6A1B689B6898470023636130202146A6
:102A280000FB0650BDE8704011F07EB8C4080024D1
:102A38003022024B02FB0030704700BFC40800245C
:102A4800827A3021064B01FB0233DA6A93F822308E
:102A5800801A1B3323F00303B0FBF3F0704700BF69
:102A6800C408002438B53024827A064B04FB0233AC
:102A78009B6AD3E901240C601568FFF7E1FF04FBAA
:102A8800005038BDC40800242DE9F04385B0054640
:102A980090461C466846039111F042FADDE900674A
:102AA800EFF31189102383F31288BFF36F8F2B8CF8
:102AB800002B43D0EA8B9A4225D9002200232846CE
:102AC80008F0BEFE0446F0B189F31188BFF36F8F9A
:102AD800039B002B43D032463B46684611F045FA2B
:102AE800A27A3021264B204601FB023303A99B6AB8
:102AF8001B681D68DDE90023A847606180BB20468C
:102B0800FFF77AFF26E0298C4B1E2B8489F3118866
:102B1800BFF36F8F95F82230EA8B1B33EC6A521A99
:102B280023F0030302FB0344154B164AEB1A1B114F
:102B38005343A37295F82230E372C9E789F31188E9
:102B4800BFF36F8F23464246284608F079FE0446B5
:102B58000028BDD10024204605B0BDE8F08363619C
:102B680001230025E27A04F1180023812946039BFA
:102B78006560638211F006FB63692582E360EAE71A
:102B8800C4080024ABAAAAAAF8B50024114D30261F
:102B980000B9F8BD00F108024768BFF35B8F52E83F
:102BA800003F591E42E8001CBCF1000FF7D1DBB210
:102BB800BFF35B8F012BECD1837AC46006FB035310
:102BC80044605B6A13B198473846E1E7FFF714FFA2
:102BD800FAE700BFC4080024084B0246596811B13F
:102BE8001968884207D0D86830B1996804488A4281
:102BF80018BF002070471846704700BF6C24002497
:102C08007424002402460B46014808F057BD00BF53
:102C18001C080024014808F0C3BD00BF1C0800249C
:102C280038B504460D464FF0FF304FF0FF31FFF73F
:102C3800E9FF2046FFF7D0FF08B143687BB90B4B8B
:102C48005A6812B1DA686AB9012243F8324003EBD4
:102C5800C20300245D60FFF7DDFF204638BD6FF03A
:102C68007704F8E76FF01B04F5E700BF6C24002435
:102C78001328DABF024B18566FF00400704700BFE4
:102C88003C71010801490020FFF7CABF8C4B0108BD
:102C980030B50122C168ADF5057D044611440069CF
:102CA80007F0D2FD0D2818D194F820309A0721D4C6
:102CB800DB0719D4124B0FCB8DE80F00E0684FF4F7
:102CC800007304AA6946013007F0E2FD60B9E168C3
:102CD80001222069114407F0B7FD28B994F8203083
:102CE80043F0080384F820300DF5057DBDE8304039
:102CF800FFF7BEBF6FF01D000DF5057D30BD00BFAD
:102D08007C49010838B50446006810F0D9FA054630
:102D18002168044810F0FFFD2846BDE83840FFF759
:102D2800A7BF00BFA407002473B5002206460D46BE
:102D3800002301A90F4808F0C3FB0446B0B90146B7
:102D48003022019811F01EFA0198691C306010F0C9
:102D580086FA054620B10199064810F0DCFD34607A
:102D6800284602B0BDE87040FFF782BF6FF00B0045
:102D780002B070BDA407002438B50446006810F0FE
:102D8800D6F905462168054810F0C5FD00232846F8
:102D98002360BDE83840FFF76BBF00BFC4070024BD
:102DA800F7B5002306460D46174601A9002211482B
:102DB80008F086FB0446C0B901462822019811F0A4
:102DC800E1F90198691C07F0130230600FF04BFF1E
:102DD800054620B10199074810F09DFD346028464A
:102DE80003B0BDE8F040FFF743BF6FF00B0003B03E
:102DF800F0BD00BFC407002437B50022C1680546EE
:102E0800013110468DF8072007F01EFD044658B121
:102E1800114A0346012111480CF053F8204603B02B
:102E2800BDE83040FFF724BF2B690DF107020521EB
:102E3800587808F0BDF8044648B1094A034601210C
:102E480006480CF03EF8042C03D8064B185703B07C
:102E580030BD6FF00400FAE7095F01087C480108FB
:102E68001D5F01083771010838B5044609F04CFBAD
:102E780020460CF0B5FAA06958B194F87030DB0719
:102E880023D410F0B2FC68B9114A012111480CF0A2
:102E98000FF86FF01205201D0CF0A9FA09F048FB95
:102EA800284638BD204600F0DFFF05460028F2D14D
:102EB8000146242204F12C0011F064F994F87030D2
:102EC80043F0010384F87030E5E76FF07705E2E737
:102ED800475F01083C49010870B5044609F014FB36
:102EE80020460CF07DFA94F87030DA073CD5C3F32D
:102EF80040019B073BD4A0690DF053FC0646A0692E
:102F08000DF0DFFC054658B11A4A01211A480BF0AA
:102F1800CFFF201D0CF06BFA09F00AFB284670BDA4
:102F2800E36F4BB1314620460CF03FFC0546A0B19B
:102F3800A0690DF0F2FCECE7A0690DF06AFCE0670F
:102F48000028EFD10D4A01210B486FF00B050BF05B
:102F5800AFFFA0690DF0E1FCDBE794F8703043F0B7
:102F6800020384F87030D4E74FF0FF35D1E76FF0F3
:102F78007705CEE76A5F01083C490108865F0108CA
:102F880038B590F8703004469B0720D50CF028FA25
:102F98000021204601F002F920B10E4A01210E4815
:102FA8000BF086FFA0690DF0B8FC054620B10B4A6E
:102FB800012109480BF07CFF94F87030201D23F0A4
:102FC800020384F870300CF012FA284638BD6FF00E
:102FD8007705FAE7A25F01083C490108C05F0108CC
:102FE80038B58021044680690DF036FC054678B175
:102FF8000146204601F086FB044638B10648012107
:10300800064A0BF055FF2846FFF7BEFD204638BD9F
:103018006FF00B04FAE700BF1C490108F05F0108D4
:1030280038B50446C06F0CF0A5F805460CF099F8C1
:103038002046294601F066FB044638B104480121C0
:10304800044A0BF035FF2846FFF79EFD204638BDA1
:103058001C490108136001082DE9F04F994685B015
:103068000746884615460CF0C4F90446B9F1000F26
:1030780007D038460CF0C2F9012810D1B4FA84F40C
:103088006409013521463846EAB20CF0A7FB06462A
:1030980050B92C4A2B4601212B480BF012FF6FF038
:1030A800850005B0BDE8F08F4568B9F1000F09D07B
:1030B800286801AB696803C32A7A01AD1A7007232F
:1030C8008DF8053008F10C0948460CF0CAFA2A7840
:1030D8002946824228BF024648460CF064F8D6F8D2
:1030E8000CA0BAF1000F0AD1B8F810107B8E9942E3
:1030F80003D9C91A48460CF071F80020D1E7DAF86C
:10310800040083681B6B13B9DAF800A0E9E72146CD
:1031180098470028F8D0051F55F804BFBBF1000FE9
:10312800F2D09BF80060002EEED048460CF099FAD9
:10313800864259468CBF82B2324648460CF033F874
:10314800EAE700BF326001081C4901082DE9F04F89
:103158000B7E95B004460F4633F0800615460AD01C
:103168006FF00406B04A0121B0480BF0A1FE3046CA
:1031780015B0BDE8F08F82B10846FFF705FD7B7EEC
:10318800DA0704D49D07F2D53B7E002BEFD1204609
:1031980015B0BDE8F04FFFF743BF4A7E00F12C0998
:1031A800900705D5802B09D13846FFF7EDFCDEE7FF
:1031B800910700F05C84002B40F05984D6073FD576
:1031C8003B8A082B14D1FA68394600201368E36259
:1031D8005368C9F804300BF0D4FF064690B1944AFE
:1031E800012192480BF064FE3046FFF7CDFC6FE0FA
:1031F8008E4801218F4A0BF05BFE3846FFF7C4FC6E
:10320800002665E048460CF034FA38B1618E29B1E1
:1032180020460CF044FC06460028F1D094F82C8097
:103228000023FFF711FB844A18F0600F8350C8F39E
:10323800411307D0032B40F0B4816FF085053BE0C4
:103248003E46EBE748460CF014FA94F82D30002877
:1032580040F04C81013B0A2BEFD801A252F823F031
:10326800DB330008433200086934000843320008A1
:103278009532000843320008433200084332000800
:1032880029330008433200089F330008A069E18D04
:1032980003697F2993F88030CFD8228E002ACCD1B9
:1032A800628E002AC9D118F01F0FC6D194F83420B5
:1032B800022A18D14FF0FF355F4BFFF7C5FA1B58AC
:1032C800002B00F09D83002D00F06A83002E8BD127
:1032D80048460CF0CEF90346A069002B00F00284A2
:1032E800802100F007BC1D070BD5C9B20CF0FAF914
:1032F800054648B1E38D514A01214C480BF0E1FDE8
:10330800DAE7012384F83D3094F83430012B05D1F5
:10331800E38D1BB984F834300025CDE70123F9E7A4
:1033280020460CF066F8E28D0146FF2A85D8638EA8
:10333800002B82D194F82C30D8067FF47EAF94F815
:103348003430002BB6D092B9E18D94F83C308B42E2
:10335800E2D0C9B2204600F021FFE38D054668B1EE
:10336800374A0121009031480BF0B5FDA4E7D2B2ED
:1033780020460CF059FA0028E6D19BE7002B4FF0C5
:103388000501204614BF0222012284F834201A467F
:103398000CF0F0FBC0E708F01F08B8F1010F7FF44C
:1033A8004CAF638E002B7FF448AFE28DFF2A3FF6C7
:1033B80044AF218EFF293FF640AF94F83430022BFA
:1033C8007FF478AFD2B22046C9B20CF0EDFA0546C8
:1033D80072E7638E218E002B7FF42FAF94F8343080
:1033E800002B3FF467AF012B02D100297FF462AFB5
:1033F80018F01F0826D0B8F1020F8DD1B4F82EA00E
:10340800BAF1000F88D15FFA81F8204641460CF0E6
:103418007EFB431C05463FF44FAF524641462046CB
:103428000CF02DF948E700BF586001081C49010855
:1034380090600108796001080C000000B260010882
:10344800D460010800297FF435AFE38D012B7FF4A8
:1034580063AF94F8703061F3C30384F870305BE7AE
:10346800238E628E5FFA83FA002A7FF4E6AEE28D3D
:10347800022A11D108F01F08190A5AEA08087FF42D
:10348800DCAE0122A0690CF00AF900287FF4D5AE61
:10349800012384F83D303FE794F8341000293FF4C5
:1034A80009AF012902D1002B7FF404AF18F01F08DF
:1034B80011D0B8F1020F7FF42FAF002A7FF42CAFA0
:1034C800514620460CF00FFB0546681C3FF4F4AE4D
:1034D80001225146A3E7002B7FF4ECAE012A7FF4CA
:1034E8001BAF94F8703043F00803B6E70A2B3FF699
:1034F800A4AE01A252F823F02D350008433200088B
:1035080043320008433200084332000843320008BF
:103518009D3500084332000821390008433200086D
:1035280051390008638E218E022B7FF486AE94F801
:103538003430002B3FF4BEAE012B02D100297FF4BA
:10354800B9AE18F01F080ED0B8F1020F17D0002539
:1035580006F10C0840460CF084F8638E984214D2A9
:103568006FF00B05A8E600297FF4A4AE94F870303C
:103578009D08C3F3001305F002051D43E8E7C9B22F
:1035880020460CF0D3FA0546E2E7294640460BF000
:103598001BFEC1E6E28D18F01F0F4FEA1223D2B2CC
:1035A80004D0314620460CF0B9F810E7013B0E2B49
:1035B8003FF643AE01A151F823F000BF01360008E1
:1035C80041360008513600084332000843320008EB
:1035D8009B3700084D360008433200084332000884
:1035E80043320008433200084332000843320008DF
:1035F800433200082B38000806F10C05B4F8328075
:1036080028460CF02EF8824620460BF0F2FE20B138
:1036180001287FF412AEA16F00E0616F002900F06D
:10362800B081D0450A78284628BFD046424528BFF1
:1036380042460BF0B8FD6FE6002331462046FFF7FF
:103648000BFDC4E60123F8E7032120460BF05DFFDC
:10365800039000283FF4F1AD0BF0FEFF039BB4F894
:1036680032B05A7DB8B91D7D06F10C088DF83120AD
:103678008DF8305040461B691B88ADF832300BF08E
:10368800F0FF5D450CA928BF5D4685422A4628BF44
:1036980002464046CDE799684FF0000A8DF81D2094
:1036A800B94A8DF81CA00A40B8498A4261D1102154
:1036B80008A803F0B9FBB0F1000840DBB8F1100F1F
:1036C80008AB0CAAB24828BF4FF01008C24502F157
:1036D80002023ED34FEA88080CAB08F102085FFAF1
:1036E80088F88DF81C8006F10C0A049350460BF0FC
:1036F800B8FFD84507A928BFD846804528BF8046C7
:103708005046B8F1020FC34628BF4FF0020BA8EB92
:103718000B085A460BF047FD4FEA58030393049BE6
:103728009B4603EB58025A4529D118F0010F3FF484
:10373800C3AD039A5046995C0BF03EFDBCE518F109
:10374800580F7FF47AAD934A012193480BF0B0FBF0
:1037580073E513F8011B0AF1010A4FEA111C01F085
:103768000F0110F80CC0415C02F802CC02F8011CF1
:10377800ACE793F814801B698DF81C80B3E71BF83D
:10378800011B5046CDE904320BF01EFDDDE9043281
:10379800C9E720460BF02DFED4E91D83002808BF99
:1037A800984600232046CDF83230CDF836300A232B
:1037B8008DF8303006238DF831300BF01FFE0128CC
:1037C8007FF43BADB8F1000F00F0DB80B8F80230B1
:1037D800ADF8323098F804308DF8343098F8053068
:1037E8008DF8353098F806308DF8363098F807306F
:1037F8008DF8373098F8113006F10C0840468DF8EE
:1038080038300BF02EFF628E9DF830300CA99A42AA
:1038180028BF1A46824228BF024640460BF0C3FC26
:103828004AE520460BF0E5FD20B101287FF405ADFF
:10383800A36F00E0636F002B00F0A3805B88B3F5F3
:10384800007F7FF6FAAC554B226D0C9300238DF860
:10385800343004F15003934208BF0022BDF832A06F
:1038680092B1517D0F2908D1117D5144ADF8321024
:103878009DF8341001318DF83410616D8A4201D001
:103888001268EBE7BDF832A006F10C0B039358461B
:103898000BF0E7FEB4F832800CA9D04528BFD0461B
:1038A800804528BF80465846B8F1050FC24628BF54
:1038B8004FF0050A52460BF076FCB8EB0A083FF4C5
:1038C800FBACD4F850A0039B9A453FF4F5ACBAF191
:1038D800000F3FF4F1AC9AF815300F2B15D19AF878
:1038E80014205846DAF81010424528BF42460BF01B
:1038F8005AFC9AF81430434594BFA8EB0308A8EB88
:103908000808B8F1000F3FF4D7AC636D9A453FF44F
:10391800D3ACDAF800A0DAE794F8343094F83C80B5
:10392800002B3FF4C7AC638E012B7FF486AC06F105
:103938000C0528460BF095FE00283FF411AE4146D1
:1039480028460BF039FCE7E408F01F08B8F1010F2E
:103958007FF4B0AC20460BF055FF00283FF4AAAC2A
:10396800238E4268FF2B3FF668AC12799A42FFF427
:1039780064ACDAB20F2A3FF660AC234493F83E8079
:10398800D1E76FF0150597E400FF0200000302007D
:1039980050710108F76001081C490108050F05006E
:1039A80010F0BCFA4FF47A720023FCF711FC664A57
:1039B800BFF35B8F1168BFF35B8F41F28733A0EBD6
:1039C800010C9C45614B36D9BFF35B8F52E800CFA1
:1039D8008C4504D142E8000EBEF1000FF6D1BFF3CA
:1039E8005B8F28D1BFF35B8F53E8002F43E800516A
:1039F8000029F9D1564BBFF35B8FFEF725FF1D5801
:103A0800002D7FF463AC7B7E628ED9071DD54846B6
:103A18000BF02FFE002871D1C2B12946A0690CF025
:103A280007FF014600283FF4EBAB204615B0BDE880
:103A3800F04F00F067BEBFF35B8F53E8001F013102
:103A480043E80012002AD5D0F7E73AB92046FFF735
:103A5800C7FA00287FF43CACFFF799BB48460BF047
:103A680008FE00284CD13046FFF78EF8EEE75207E3
:103A78007FF5C6AB002B3FF497AB3846FFF784F8C9
:103A880094F83D30002B3FF472AB94F82D30052BA1
:103A98000CD1E18DA069C9B20BF024FE054628B10E
:103AA800E38D2C4A01212C480BF00BFA94F82D30A9
:103AB800032B11D1E38D022B0ED1218E0022A06998
:103AC8000E0A31460BF0EBFD054628B1234A334672
:103AD800012121480BF0F5F900232E4684F83D30EA
:103AE800FFF745BB638E002B3FF4FAAB311E18BFBE
:103AF8000121C9010CF0AEFDFFF749BB002AA5D092
:103B08003146204600F0FEFD00287FF46DABA06929
:103B1800036993F8801011F004017FF438AB0CF0BE
:103B28009BFE054600283FF4D3AB0146204600F033
:103B3800E9FD00283FF42BAB07480121084A0BF0A8
:103B4800B7F92846FFF751BB802400247C240024C1
:103B58000C000000B26001081C4901083D61010821
:103B6800196101080B78062B10B414D10369D3F836
:103B78009C20EFF31184102383F31288BFF36F8F17
:103B880000204B681860506A60B9C2E9083384F3B2
:103B98001188BFF36F8F0022002304485DF8044B9F
:103BA8000FF01DBF03605362F1E700BF3008002427
:103BB80030B589B00022002300241E491E48009415
:103BC800CDE906236FF007034FF48062CDE9033493
:103BD800CDE90144194B08F077F91949164808F05E
:103BE800D1F8184B18498B4207D3184B00201849B5
:103BF8008B4210D3002009B030BD03F11402BFF38B
:103C08005B8F52E8000F42E80045002DF9D11833C8
:103C1800BFF35B8FE7E703F11402BFF35B8F52E852
:103C2800004F42E80005002DF9D11833BFF35B8F30
:103C3800DEE700BF003C0024F0170024B53C000874
:103C4800C5550108A4090024BC090024BC090024A6
:103C5800D409002438B50D460BF0D4FD30B9114A0B
:103C680001211148BDE838400BF022B9C46804B9F5
:103C780038BD2B78032B05D0052B0ED0022B08D08E
:103C88002468F4E7606883685B69002BF8D098477C
:103C9800F6E7606883689B69F7E760688368DB69B3
:103CA800F3E700BF646101082C4901082DE9FF41D1
:103CB80010274FF0FF334FF0FF3201A9654807F096
:103CC80099FC039B1B69D3F89C40236A93B1EFF3DB
:103CD800118287F31288BFF36F8F216A29B1606A56
:103CE8000B688142236208BF636282F31188BFF3C5
:103CF8006F8FC9B99DF80430062BDAD0072BD8D8B6
:103D080001A252F823F000BF553D0008493D0008C4
:103D18007D3D00085B3D0008B13D00089F3D00085F
:103D2800BB3C00084B3E00080B7E2046D1F81E2005
:103D38005D0602D1FFF70AFAC7E70BF0C3FDC4E737
:103D48000022012120460BF015FFB2E700221146A0
:103D5800F8E794F8703043F0040384F8703094F86E
:103D68003430022B03D101A92046FFF773FF00224C
:103D78000321E7E794F8703023F0040384F87030E7
:103D880094F83430022B03D101A92046FFF762FFD3
:103D980000220221D6E794F83430022B89D101A9F8
:103DA8002046FFF757FF84E794F87030A66923F0A0
:103DB800040384F87030D6F808803369BFF35B8F4A
:103DC800D3F8A030BFF35B8F9A071ED5D8F83C30E4
:103DD80030469847D8F824300021304698470546A1
:103DE800D8F840303046984795B11B4A01211B4806
:103DF8000BF05EF80022042120460BF0BBFE002DDC
:103E08003FF457AF2A4607219CE74FF0FF35ECE710
:103E18002946204600F0C2F9054608B1104AE5E7F0
:103E2800A0690CF038FD831E84F83450584258417C
:103E380094F8703023F0680343EA401384F8703034
:103E4800D8E7084A012105480BF032F8029A062102
:103E580078E700BF30080024936101082C49010865
:103E6800C1610108ED61010838B5024605460C49F3
:103E780080690CF076FD044630B10A4A01210A48EF
:103E88000BF016F8204638BD85F83C00284600F0AF
:103E980043F904460028F5D0A8690CF095FDF1E730
:103EA8006D3B0008FD6101082C490108F8B50123A4
:103EB8001D460C68002C35D063F07F02D6B202F0A4
:103EC8007F02103224FA02F7FF0716D5046824FA95
:103ED80002F7FF0708D4334613480121134A0AF0B2
:103EE800F0FF6FF01500F8BD05FA02F224EA0204AB
:103EF80004600C6824EA02040C60DC40E6070ED576
:103F0800026822FA03F4E40700D4E5E705FA03F4AB
:103F180022EA040202600A6822EA04020A60013303
:103F2800102BC6D10020DEE754490108246201089D
:103F38002DE9F04F002691B05368D4680A90089193
:103F4800069202930E96039674B9039B029A09335C
:103F580016719BB293701B0AD370069BDC68002C09
:103F680040F0C680A346ADE060684FF0000A836861
:103F7800CDF83CA01B6B002B00F0AB80089998474C
:103F8800002800F0A680A0F104093546C4E903AA78
:103F980059F8043F0BB11A789AB9B54240F29680A5
:103FA800E3680F9A1343E360606883689B6A002B99
:103FB80000F0918098478346002800F08F80534A8C
:103FC8007CE05A780B2A08BF9D70D9F800305A78DF
:103FD800042A10D1E2680F990A43E260DA78002ACD
:103FE8005BD101229D702369AA4001351343EDB2CC
:103FF8002361CDF83CA0D9F800707B78052BC7D198
:104008000A9B6FF0120B4FF001089B6909937979AD
:104018003A790E9B42EA01225FFA88F10493ADF8DF
:10402800362097F90220002AB3BF41F080014FFAE9
:1040380088F342464BB2B7BF21F080020793103293
:104048000793049B23FA02F0C0072DD40F9B23FA91
:1040580002F20593D30727D4BB79FA78099800931D
:104068000DF136030B910CF06BFA0B998346D8B916
:10407800079BB970002B4FF001030498B8BF21F0DB
:104088008001BDF83620B8BF1031BA808B40059941
:1040980018431943CDE90E017AE76A1E0FA90EA845
:1040A8009A70FFF703FFA4E708F10108B8F1100FB1
:1040B800ADD1BBF1000F3FF46BAF154A0121154894
:1040C8000AF0F6FE584611B0BDE8F08F6FF0150BF8
:1040D800F3E7354668E76FF0850B70E760682E46B2
:1040E80008990BF0BFFB039B2468034403932BE759
:1040F800E36804F10C010EA8A360FFF7D7FE08B926
:1041080024682CE76FF0150BDCE700BF6562010837
:10411800416201085449010870B583690546426F38
:104128001B6993F88030C3F34113022B0CD0032B87
:104138000CD0012B0CBF10230823D3712E6E3EB96F
:10414800AE6DBEB9344611E02023F6E74023F4E70C
:10415800324601212846FFF7EBFE044640B173685A
:104168005B790B4A01210B480AF0ABFE204670BD73
:104178003668E4E7324600212846FFF7D9FE0446B0
:1041880018B173685B79044AECE73668D9E700BF71
:104198008962010854490108AC6201082DE9F0411F
:1041A80005460E460BF025F9804695F83C3033B3AA
:1041B80028460BF027FB0746F0B1014628460BF0CE
:1041C800A1FB10220446002105F13E000FF0DAFFA2
:1041D800002385F83C30FF683FB984B119491A4873
:1041E8000BF0EFFA2046BDE8F081786883685B6AD7
:1041F80003B198473F68EFE76FF03C04EEE71EB95C
:1042080085F83C600024EDE73246414628460BF02D
:10421800E5FA074690B1024628460BF09DFB044696
:104228000028DFD185F83C60FC68002CEAD0606883
:1042380083681B6A03B198472468F6E76FF03C046B
:10424800D0E700BFA25F0108144901082DE9F04139
:1042580005460F461446D2F804800BF0B6FA95F8D6
:104268007030D9070BD56FF00F07434943480BF05F
:10427800A8FA281D0BF0B0FA3846BDE8F081012FE6
:104288000AD128460BF0BAF830B93D493B486FF0DF
:1042980085070BF096FAECE798F807309A0607D5E9
:1042A800AB691B6993F880309B0701D43549EDE76A
:1042B8001FB1012F06D03449E8E72B6E2BBB05F15F
:1042C800580603E0AB6DABB905F160063368002210
:1042D8000BBBD5E91D23002F08BF134662685B7C22
:1042E80003F10103DBB25371D5E91D1208BF0A4679
:1042F80053741BE09C4206D1244920486FF01507EF
:104308000BF05FFAB5E71B68DDE79C4201D1204955
:10431800F3E71B68D2E79C421AD1236892B9726806
:104328003360944200D1736000232360A168B9B15F
:1043380028460BF004F9074668B116490F480BF0F8
:1043480040FA96E7136073689C4208BF7260EBE717
:104358001A461B68BCE7A0680BF07EF988F80600CF
:104368000023236073681BB9C6E90044002780E76F
:104378001C607460FAE700BFFD6201081449010877
:104388001F630108D96201083D6301085D630108E4
:104398007A63010897630108F8B5054600AF29B3A9
:1043A80001290BD1184C194E2BE06368284619686F
:1043B800FBF728FFB8B11834B442F6D36C4688B07E
:1043C8006A46134BCDE905354FF40073ADF81C3040
:1043D800104B42F8103F00234FF4E2510E48FDF70E
:1043E8001FFAA54600242046BD46F8BD0B4C0C4ECE
:1043F800E2E7636828461968FBF704FF0028F2D053
:104408001834B442F5D3D9E7BC090024D4090024F0
:10441800CE6301080300000124490108A40900240F
:10442800BC09002401F07F0311F0800F70B518BF9C
:104438001033012504469D4090F83430022B06D0F5
:104448000C4A01210C480AF033FD002070BD90F899
:104458003C600AF0CEFF0146204632460BF0BEF91A
:104468000028F2D0C0680028EFD083681D42EDD143
:104478000068F8E7EC630108244901082DE9F843CE
:1044880005460846114616461F46FFF785FF0446AF
:10449800002848D028460BF0DEF995F87030DA0786
:1044A80005D5224A012122480AF002FD0AE0D4F883
:1044B800048004F11409BFF35B8F6369BFF35B8F5A
:1044C800DB0707D56FF00F04281D07F069F92046B0
:1044D800BDE8F883D8F804301BB19D4201D0154AD5
:1044E800E0E73A46314628460BF078F9C0B1002398
:1044F800236003698BB9C0E90344BFF35B8F59E8B4
:10450800003F43F0010349E80032002AF7D1BFF326
:104518005B8F0024C8F80450D6E71C600461ECE700
:104528006FF03C04D0E76FF01204D0E7FD62010899
:10453800244901081164010801292DE9F047814641
:1045480000AF1646984633D12C4DDFF8C8A028E0B6
:10455800B8F1000F04D0414628460BF06CF9F8B9C1
:1045680069683346012248460968FFF787FF044611
:10457800B0B16B686D468AB01B686A462049D6613F
:10458800C2E905134FF4007313841E4B42F8103F21
:1045980000234FF411511C48FDF742F9AD4603E0E2
:1045A80018355545D4D300242046BD46BDE8F087CC
:1045B800F9B16FF08504F7E718355545F3D2B8F12E
:1045C800000F05D0414628460BF035F90028F3D1F5
:1045D80069683346002248460968FFF74FFF0446DA
:1045E8000028E9D06B686D468AB01B686A4607499F
:1045F800C5E7074DDFF820A0DFE700BFBC090024AE
:104608004664010804000001244901087364010894
:10461800A4090024D4090024BC0900242DE9F04F82
:1046280083B00E468146904600AF4C687B6097F891
:1046380030303B600AF0DDFEA36801461B6B33B9DE
:104648006FF0150420460C37BD46BDE8F08F2046B4
:1046580098470028F4D0051F002406F10C0A55F8E5
:10466800041F09B10B782BB9002C14BF00246FF07C
:104678003C04E7E74B78042B0ED1002C3CD18B7817
:104688007A689342EBD1CB783A689342E7D10B79B9
:10469800002BD7D00124E2E7052BE0D1002CDED097
:1046A800B8F1010F91F802B009D0B8F1020FF1D1B9
:1046B80052465946D9F818000BF0DBF904E0524687
:1046C800D9F818000BF0BAF904460028E2D06D4674
:1046D8008AB0F3686A4609490990CDE907B3062309
:1046E800CDE9051842F8103F00234FF44151044822
:1046F800FDF796F8AD46A5E70024A3E7AB640108EB
:104708004C4901082DE9F0410B7E0C460546590637
:1047180037D16BB30AF0ADFE40B11B4801211B4AEB
:104728000AF0C6FB4FF0FF30BDE8F0812846D5F807
:104738007480268A6F8E0AF05CFEF8B1421E5342DE
:1047480053419B01228A9AB1BE423246698E28BFE4
:104758003A4691420CD9B2FBF3F103FB11223AB964
:1047680094F91830002BBEBF637E43F008036376CC
:104778002146A869BDE8F0410BF0CCBF98F8073096
:10478800E0E76FF01500CFE744490108E764010846
:1047980070B50646EFF31181102383F31288BFF337
:1047A8006F8F1C4D2A6881F31188BFF36F8F526891
:1047B80092F87020D20706D44FF47A720023BDE82D
:1047C800704007F0D9BAEFF3118283F31288BFF370
:1047D8006F8F2C682CB1696823688C422B6008BFE6
:1047E8006B6082F31188BFF36F8F44B1606804F186
:1047F8000801C3699847214607480FF08CF82B68D1
:1048080033B1304600220023BDE8704007F07CBA7F
:1048180070BD00BF84240024E407002430B585B0AF
:10482800054600231548CDE90012002203A906F029
:1048380047FE0246E8B9039BDDE900015D600833E5
:1048480083E80300EFF31180102383F31288BFF38A
:104858006F8F039B1A600A4A516861B9C2E9003335
:1048680080F31188BFF36F8F00220023054807F0FB
:104878004BFA05B030BD0B605360F1E7E407002444
:10488800842400240001002473B5102504698DF8E0
:104898000710EFF3118685F31288BFF36F8F01229B
:1048A8000DF10701206C0AF0A1F986F31188BFF316
:1048B8006F8F012810D00FF00BFAC0B1104B0122F6
:1048C800BFF35B8F53E8001F002903D143E80020A2
:1048D8000028F7D1BFF35B8F237F33B14FF47A728F
:1048E800002304F1480007F00FFA02B070BDA37E60
:1048F800002BE3D000214FF47A700FF0F0FAC8E7EC
:104908008C2400242DE9F041036906460D46D0F8B1
:1049180004801C690F7E3AB30BF0C8F9B84208D17D
:1049280004F1880004210BF0F1FA04F1780007F093
:104938007BF92F7E30460BF0C7F9874204D1052159
:1049480004F188000BF0E2FA2F7E30460BF0A0F954
:10495800874203D104F18C0007F008F82946404645
:10496800BDE8F0410BF0BCB80BF0A0F9B84214D187
:104978002A8AE968A06B0AF039F928B1236A1BB1C1
:1049880004F1280007F050F904F1880004210BF025
:10499800BDFA04F1780007F047F92F7E30460BF096
:1049A80093F9874214D1236A1BB104F1280007F058
:1049B8003BF9052104F188000BF0A8FA237F93B98D
:1049C80000230F4A04F1480007F09EF901232377DA
:1049D8002F7E30460BF05CF98742BFD104F18C0082
:1049E80006F062FFBAE7236CDA885B899A42EFD057
:1049F8000022002304F1480007F086F9E8E700BF29
:104A0800A086010038B5056900240E492B6C05F114
:104A18004800C3E90144DC60AB6BC3E90144DC60D6
:104A28000FF04AF905F1780007490FF019F907491D
:104A380005F128000FF014F928460BF0C0F82046BD
:104A480038BD00BF594A00084D4B0008B9FF00089F
:104A58002DE9F04750F8483C00F140070546002191
:104A68005B683846D3F800900BF009F9002864D049
:104A7800012138460BF003F9804600285DD155F82E
:104A8800083CDA885B899A4203D115F82D3C002B43
:104A980053D0BFF35B8F57E8004F44F0200347E83B
:104AA8000032002AF7D114F02004BFF35B8F44D101
:104AB80048460BF009F900228246002320480AF0F4
:104AC80055FB064658B9384605210BF01FFA28460B
:104AD8004FF47A720023BDE8F04707F015B980F863
:104AE80018A015F82C3C33B1428AC16855F8080C57
:104AF8000AF09CF80446214606F10C000AF04DFB2A
:104B08005CB1D9F804000BF082F9B4FBF0F303FBB5
:104B18001044B4FA84F84FEA58183146484605F864
:104B28002D8C0AF0C5FF40B13046FEF72DF8384607
:104B38000521BDE8F0470BF0E9B9BDE8F08700BFF3
:104B4800C4080024F8B550F8782C00F11005034685
:104B580000215268284616680BF091F8002846D0C4
:104B6800012128460BF08BF8002840D153F8402C3F
:104B780070689388918914695B1A9BB2E41A0BF0E8
:104B880046F9A04233D8BFF35B8F55E8003F43F0A6
:104B9800100245E800210029F7D1DB06BFF35B8F3F
:104BA80025D430460BF082F800220746002310482F
:104BB8000AF0DCFA044628B928460421BDE8F84082
:104BC8000BF0A4B9077670680BF021F9638A984254
:104BD80003D270680BF01BF983B22146304663821A
:104BE8000AF066FF18B12046FDF7CEFFE4E7F8BDEE
:104BF800C408002407B5084A92E80300CDE900017B
:104C080006488268126822B16946904703B05DF889
:104C180004FB6FF05700F9E78C490108604401086C
:104C280000F01F0201215F2801FA02F208B50346CD
:104C380005D90C480C4A0AF044F9002008BD1F2881
:104C48004FF0B04106D8D1F888309A430CBF012004
:104C58000020F3E73F2802D8D1F89830F5E7D1F8DB
:104C6800A830F2E7644801081F65010800F01F0238
:104C780001215F2801FA02F208B5034606D90B485C
:104C88000B4A0AF01EF96FF0150008BD1F284FF0F7
:104C9800B04103D8C1F888200020F6E73F2802D8A1
:104CA800C1F89820F8E7C1F8A820F5E7644801089A
:104CB8001F650108044B03EB40000023013320F873
:104CC800022B8B42FADB7047680600242DE9F0417D
:104CD800054600260F4F4FF00108F4B26B78A34247
:104CE80001D8BDE8F0812B781C442046FFF798FFD7
:104CF80068B12046FFF7BAFF57F834303BB107EBED
:104D0800C40204F01F04516808FA04F098470136F9
:104D1800E3E700BF90240024034680B1B0FA80F294
:104D2800C2F11F02D2B2074931F912004FF0B04266
:104D3800D2F880100B43C2F88030FDF709BCFF227F
:104D4800F1E700BF6806002430B5B0B1B0FA80F3CF
:104D5800C3F11F03DBB20B4850F833408C4204D137
:104D680000EBC3056D68954205D044B940F833108F
:104D780000EBC3004260002030BDFF23EBE76FF07B
:104D88000F00F9E79024002460B1B0FA80F3C3F172
:104D98001F03DBB2044A002142F8331002EBC302BE
:104DA80051607047FF23F5E79024002400F00302C8
:104DB8000F23043292009340094A43EA900000F01E
:104DC8000303023352F82320030C02EA104293FA39
:104DD800A3F008B1B0FA80F022FA00F0704700BFE3
:104DE800000400582DE9F0470546894690461F46BD
:104DF800D0F808A00BF0DAFA0446D8B190F8206091
:104E0800F3070AD590F8243019480121194A0AF005
:104E180058F86FF07700BDE8F0873B4642464946B0
:104E28000BF05CFA48B994F82430134A0121104871
:104E38000AF047F86FF01200EDE79DF8203026F0F1
:104E4800060684F825802146E784284684F8283019
:104E580084F82060DAF818309847B0FA80F394F8AC
:104E680020205B0963F3000284F82020D3E700BF09
:104E7800044901085F6501087965010870B50546B0
:104E880086680BF093FA0446F8B190F82030DB07F7
:104E980009D490F824300E4801210E4A0AF011F87E
:104EA8006FF0770070BD0146F3692846984750B106
:104EB80094F8203003F0010394F8202063F30002F3
:104EC80084F82020EEE70346F6E76FF01200E9E7E2
:104ED800044901089B6501082DE9F341D0F80880D1
:104EE800174605460E46D8F83C309847002200235E
:104EF80039460B48FDF7C8FD044670B9094A3B46D8
:104F080001210948009609F0E6FF2846D8F8403004
:104F18009847204602B0BDE8F0810676F5E700BF65
:104F2800F4080024B66501080449010813B50369AB
:104F38000C4691F82410D3F8A4000CF058FC94F80F
:104F4800243048B10A4A012100900A4809F0C3FFF9
:104F58006FF0040002B010BD5B0601D10020F9E734
:104F680094F8203043F0020384F82030F6E700BFBD
:104F7800E46501080C490108F8B591F9243091F865
:104F88002460002B01DB0020F8BD7306FBD04768C6
:104F9800CC8CB7F84830C4F30A040069A34295BF23
:104FA800033303349B08A308D0F8A440402BD4F85B
:104FB800E80498BF5B009D0092B9A8424FF0000238
:104FC80024BF401BC4F8E804204691F8241001F0DF
:104FD8007F010CF0A1FC0028D5D06FF00400D3E7C6
:104FE800BA68121AAA4207D20A4832460A490BF08E
:104FF80057FD6FF00B00C7E79AB206F07F01204615
:105008000CF08AFC0028E8D1D4F8E8342B44C4F822
:10501800E834B8E70C49010812660108F7B5466894
:10502800074603697468D3F8A45064002846983486
:10503800A1B2A4000CF08FFC1022C5F8E8440021AE
:10504800284601240CF068FCD5F8E8344033C5F84C
:10505800E83473689C420ED328460CF0D2FA054611
:1050680080B16FF004040246154916480BF018FD8C
:10507800204603B0F0BDE1B20022284601340CF00E
:105088004BFCE6E702460146009040233846FFF70E
:10509800A9FE044628B12A460B490A480BF000FD30
:1050A800E6E702460090402380213846FFF79AFE43
:1050B800044608B18022EFE73069FDF749FAD7E7DF
:1050C800356601080C4901084A66010838B50369C4
:1050D8000446D3F8A45043681869FDF747FA00213D
:1050E8002046FFF7CBFE38B10C490D480BF0DDFC2C
:1050F8006FF00404204638BD20468021FFF7BEFE2D
:1051080004460028F0D128460CF09BFA02460028F5
:10511800F0D0044902480BF0C3FCE9E764660108D3
:105128000C4901088766010838B503690546D3F8B4
:10513800A44020460CF0EAFB024630B10E490F4865
:105148000BF0AEFC6FF0040038BD00214FF4FA609C
:105158000EF0C5FE20460CF0DCFB04460028F1D119
:10516800014628460BF002F92246022128460BF098
:105178005AF92046E8E700BF9B6601080C49010878
:1051880070B5036904464568D3F8A4000CF024FA06
:10519800024618B11A491B480BF082FC6668F06990
:1051A800D8B1436898470446B8B11749024615482C
:1051B8000BF076FC002C19DB00F01EFC024618B13F
:1051C800124910480BF06CFC2869FDF7E3F910B19F
:1051D8002869FDF7CBF9002070BD0D487169836817
:1051E8005B6843B90B4907480BF05FFC0A4905485F
:1051F8000BF05BFCE0E798470028DDD0F2E700BF42
:10520800BB6601080C490108D1660108246701083A
:1052180060440108EF6601080B6701082DE9F341B6
:10522800036906464768D3F8A45000F0AFFB04466C
:1052380040B13B4902463B480BF032FC204602B0E5
:10524800BDE8F0817668384896F84A30D0F808808A
:10525800012B13D97169D8F81830083153B933497B
:1052680030480BF022FC32492E480BF01EFC6FF040
:105278000404E3E7224698470028F0D1D8F8003024
:1052880071690BB92B49EBE7274898470446002872
:10529800F8D196F84A30012B14D97169D8F80C3036
:1052A80008310BB92449DBE701AA1F4898470028B1
:1052B800F8D1019A214B9A4204D0214919480BF0A0
:1052C800EFFBD0E7F06950B103689847064630B164
:1052D8001C49024613480BF0E3FB002EC3DB40F2E7
:1052E800E442002128460EF04DFF3B6828462B601B
:1052F8007B682B7140232B723B6B6B727B6BEB7162
:105308000CF0FCF8024620B10F4906480BF0C8FB28
:10531800ADE728460CF095F900288FD0A7E700BF25
:10532800426701080C490108604401085F670108E9
:10533800F9670108816701089C670108006CDC02B5
:10534800C0670108DC670108116801082DE9F04F02
:10535800D0F810908BB006464568D9F8A48000278D
:105368004FF02C0A4FF0400B6B68BB4256D8002711
:105378004FF02C0A4FF0400B6B68BB4200F285805F
:1053880099F8803023F06A0343F06A0389F8803083
:105398006B6B2BB999F8803043F0010389F88030A2
:1053A80008F20C6108F5BB60C8F8E464082304221D
:1053B80008F59E680EF0FFFAD5E910124FF0000AC2
:1053C8004FF0000B6FF00703012000270096CDE98E
:1053D8000330CDE906AB524B4046CDE9017706F0E4
:1053E80073FD3168404606F0CDFCEB68984709AA82
:1053F8003946A8690BF06EFE041E07DB099B3A4686
:10540800197918680BF078FE041E6BDAA31C69D0B2
:105418004449224644480BF043FB30E0EB6B0AFB5F
:1054280007F117F0800F07F07F000B449A7F83F88D
:1054380024700CBF42F0400242F020029A779A7F13
:1054480050B942F001029A77EB6B5FB1EB6BB5F89C
:1054580048200B449A8307E022F00E0242F00E0225
:105468009A77F3E7A3F81CB0EB6B304619440AF0BF
:10547800B2FF044638B12D492B480BF016FB2046E5
:105488000BB0BDE8F08F01376EE7AB6B0AFB07F195
:1054980067F07F027C060B4483F824209A7F42F051
:1054A80020029A770BD1D2B242F001029A77AB6B05
:1054B80067B1AB6BB5F848200B449A8308E09A7F34
:1054C80022F00E0242F00E029A77F2E7A3F81CB01F
:1054D800AB6B304619440AF07EFF04460028CAD157
:1054E800013749E7A86A08B90024C8E728350EF04B
:1054F8007CF930B90E496FF015040B480BF0D5FA5A
:10550800BDE74FF4B01128460BF089FA0028EBD01C
:1055180008496FF0040404480BF0C7FAAFE700BF6E
:1055280009560008416801080C4901082568010866
:105538005F6801087B68010873B5D0F8A460084665
:105548000C4615460AF03BFF18BB94F82430298A0C
:10555800802BEA680B4602D1402928BF4023D01887
:10556800C91AE8603046298294F824100CF025F90D
:1055780058B194F82430084A01210090074809F0EE
:10558800AAFC6FF0040002B070BD012120460AF0A9
:105598001BFF0020F7E700BF986801080C490108C5
:1055A80013B591F824300C46D0F8A400DBB9537E2B
:1055B800DB071ED4538AC0F8EC34538A402B28BF2B
:1055C8004023D26894F824100CF0D2F868B194F80B
:1055D8002430094A01210090084809F07CFC6FF04A
:1055E800040002B010BD538AEBE7012120460AF0FF
:1055F800EBFE0020F5E700BFC96801080C49010867
:105608002DE9F34703690746D3F8A4604FF0FF3349
:105618004FF0FF3201A906F5BB6005F0EBFF9DF8DE
:105628000430012B60D0022B07D0002BEED106F2FC
:105638009C4138460AF02AFFE8E79DF80590D6F81D
:10564800E48449F0800A404651460AF0AFFE054618
:1056580000210AF0B9FE28460AF0D8FE04460028C0
:10566800D4D019F07F0F19D1038ABBB1402BC2687F
:105678004FF08001304628BF40231D460CF09DF8AE
:10568800024620B13F4940480BF00AFABEE7238A98
:105698005B1B2382E3682B44E360B7E720460AF0EC
:1056A800B9FE814660B120460AF0B8FEE2680023E0
:1056B800514630460CF081F802460028A6D0E1E7B2
:1056C80028460AF09FFE4A46014640460AF0B7FEC1
:1056D80028460AF09BFE0246002897D02946D8F8AB
:1056E8001000FFF729FF91E79DF80590D6F8E484AC
:1056F8004946BDF806A040460AF058FE05460AF09D
:1057080085FE044648B921494A461F480BF0C8F9A6
:10571800214628460AF058FE78E751460C3009F031
:105728003CFDB9F1000F17D1BAF1400F14D1228A0C
:10573800D6F8EC349A420FD2E068638A61699B1A02
:105748000244411A30465B1A95F82410402B28BFB2
:1057580040230CF00DF859E728460AF053FE0022C2
:10576800014640460AF06BFE28460AF04FFE024604
:1057780028B12946D8F81000FFF712FF46E701467E
:10578800C7E700BFF96801080C4901082269010848
:10579800F7B591F82550012203690C4605F0030579
:1057A800D3F8A4706B1E022B88BF0025FFF7E4FB1B
:1057B800064698B9E28C2B4694F824103846C2F372
:1057C8000A020BF077FF48B194F824306FF0040612
:1057D8000090044A0121044809F07DFB304603B0DB
:1057E800F0BD00BF3B6901080C49010813B5036906
:1057F8000C46D3F8A4000BF04AFF40B1054A2346F3
:1058080000900121044809F066FB6FF0040002B023
:1058180010BD00BF646901080C49010837B5036968
:1058280005460C4691F82410D3F8A4000BF077FF36
:10583800024630B92146284603B0BDE83040FFF79C
:105848009BBB94F82430054A01210090044809F0D4
:1058580042FB6FF0040003B030BD00BF926901083D
:105868000C49010873B5036905460C4691F82410E4
:10587800D3F8A4000BF0F2FF58B194F82430184A7A
:1058880001210090174809F026FB6FF0040002B0D0
:1058980070BD94F8203060F34103204684F820302E
:1058A8000AF0B4FD064608B90020F0E720460AF0E1
:1058B80086FD94F92430002B07DA0028F4D132460B
:1058C80021462869FFF738FEEEE70028ECD132467A
:1058D8002146286902B0BDE87040FFF761BE00BFED
:1058E800BC6901080C49010837B50D4604460BF0A0
:1058F8005CFF01238DF805508DF80430ADF80600E3
:105908000022002301A904F5BB600EF068F818B165
:10591800024903480BF0C9F803B030BDEC6901082F
:105928000C490108002307B5ADF8063002238DF8AD
:1059380005108DF804300022002301A900F5BB6092
:105948000EF04DF818B1034903480BF0AEF803B058
:105958005DF804FBEC6901080C490108002307B550
:1059680001930022002301A900F5BB600EF037F86F
:10597800002803DA034904480BF097F803B05DF8F0
:1059880004FB00BFEC6901080C49010838B54FF069
:10599800FF324FF0FF33124805F0C2FF0546E8B961
:1059A800104A1368591C1160ABB90F4CE36843F0F7
:1059B8008073E360E36823F00073E360E3685B01EE
:1059C80009D40A4A03210A4809F072FA0021094851
:1059D8000EF085FAF2E7024805F066FF284638BD62
:1059E8009408002428280024004802581D6A010849
:1059F800EC480108A086010010B54FF0FF324FF0C7
:105A0800FF330A4805F08CFF044660B9084A13685A
:105A1800013B136023B9074AD36823F08073D3602E
:105A2800024805F041FF204610BD00BF940800243D
:105A38002828002400480258044A81680020D2F827
:105A4800003123EA0103C2F80031704700440258CC
:105A5800074A82B083680020D2F800111943C2F8BF
:105A68000011D2F8002113400193019B02B0704746
:105A780000440258334B10B518680B88C3F30B0366
:105A8800132B37D813B96FF0850032E0013B122B86
:105A9800F9D801A454F823F0395B00088F5A00089C
:105AA8008F5A0008ED5A0008295B00088F5A000831
:105AB8008F5A0008395B00082D5B0008395B000825
:105AC800315B0008295B0008295B0008315B00088E
:105AD800295B0008355B00088F5A0008215B000825
:105AE800215B0008184810600968B1F5805F21D271
:105AF800002010BDD42B0FD003F62873C3F30B037B
:105B08001C2BC0D8012404FA03F3104C234205D1FE
:105B180040F211142342B6D04008E4E78008E2E7D7
:105B28000B48E0E70B48DEE70B48DCE70B48DAE711
:105B38000B48D8E7C1F313310131B0FBF1F313601F
:105B4800D6E700BF5006002400366E010010111180
:105B5800006CDC02000E2707001C4E0E0048E8010E
:105B680000389C1C1FB5AB4BD3F8E02042F0007204
:105B7800C3F8E020D3F8E02002F000720292029A03
:105B88001A6822F480221A601A6842F480321A6075
:105B98001A689203FCD51A6842F480521A609D4B29
:105BA8001A689404FCD5D3F8F42042F00202C3F832
:105BB800F420D3F8F43003F002030393039B00238B
:105BC8000193954B9A6942F440429A619A6902F4AA
:105BD80040420192914AD16A41F00101D162D26AF0
:105BE80002F001020192019A9A699004FCD5894B4E
:105BF8001A691A6902F03802182A16D11A68510768
:105C080006D41A6842F001021A601A685207FCD5D5
:105C1800804B1A6922F007021A611A6912F0380FCC
:105C2800FBD19A6922F00F029A617A4B1A6822F026
:105C380080721A601A6822F080621A601A6822F06C
:105C480080521A609A6A22F0030242F002029A62B3
:105C58009A6A22F47C7242F030029A62DA6A22F07E
:105C68000C0242F00802DA62DA6A22F00202DA6210
:105C78001A6B6FF3080242F077021A63DA6A22F0AD
:105C88000102DA621A6B22F47E4242F400721A634D
:105C9800DA6A42F48032DA621A6B22F4FE0242F4C3
:105CA800E0221A63DA6A42F40032DA621A6B22F0EE
:105CB800FE4242F080721A63DA6A42F48022DA62A3
:105CC8001A6842F080721A601A689401FCD59A6AC0
:105CD80022F47C3242F440529A62DA6A22F0C0021C
:105CE80042F08002DA62DA6A22F02002DA629A6B03
:105CF8006FF3080242F03B029A63DA6A22F010025C
:105D0800DA629A6B22F47E4242F400729A63DA6A8B
:105D180042F40022DA629A6B22F4FE0242F4102264
:105D28009A63DA6A42F48012DA629A6B22F0FE42CF
:105D380042F010629A63DA6A42F40012DA621A6870
:105D480042F080621A60334B1A681001FCD59A6AD7
:105D5800304C22F07C7242F440129A62DA6A22F4E1
:105D6800406242F40062DA62DA6A22F40072DA62AD
:105D78001A6C6FF3080242F03B021A64DA6A22F4E2
:105D88008072DA621A6C22F47E4242F400721A645B
:105D9800DA6A42F48002DA621A6C22F4FE0242F4F1
:105DA80010221A64DA6A42F40002DA621A6C22F0EB
:105DB800FE4242F060621A64DA6A42F08072DA6285
:105DC8001A6842F080521A6023689900FCD514487A
:105DD80003F046FFA3690F4A23F47063A361A36924
:105DE80023F00F0343F00803A361E36923F0700372
:105DF80043F04003E361E36923F4E06343F4806321
:105E0800E361A36923F0700343F04003A361236AAD
:105E180008E000BF00440258004802580004005837
:105E2800001C4E0E23F0700343F0400323622369E5
:105E380023F0070343F003032361136903F03803D6
:105E4800182BFAD1094B9A6942F440429A619A692F
:105E58009204FCD5064A0020136923F40043136119
:105E6800044B054A1A6004B010BD00BF0048025830
:105E7800004402585006002400389C1C132808D8F7
:105E8800054BC34013F0010F0CBF6FF085000020D5
:105E980070476FF08500704732FF0D0008B507485E
:105EA8000DF0A3FC38B10648FCF788FD0448FBF761
:105EB800E1F9002008BD6FF01200FBE7E845010892
:105EC800CD5E00080A2838B50446074D04D1AB68F2
:105ED8000D2128465B689847AB68E1B202485B68C9
:105EE8009847204638BD00BFE8450108034610B46E
:105EF800DA880C46006802F0400219792243836868
:105F08009C693CB1064BA4465DF8044B134002F073
:105F1800B07260476FF057005DF8044B704700BFE0
:105F28004000000603460A46F0B41979DB88006889
:105F380013430A4A012506699A4305FA01F53468AC
:105F480008BF83F44023876823F48012DB074CBF23
:105F58002C43AC4334603B68F0BC18470100100088
:105F6800034637B5D0F8D00070B193F8D4408368B1
:105F780001A905695B689847031E08D010DA0A4A28
:105F880002210A480AF0C7FE012003B030BD2A6882
:105F9800019B53400122A2401340003B18BF01233C
:105FA800181E18BF0120F0E74B6A0108E4480108F1
:105FB80008B5836E034A012103480AF0ACFE6FF06E
:105FC800040008BD696A0108E4480108F8B50369D6
:105FD8000D4616464FF0FF321C694FF0FF33271D60
:105FE800343438460AF0ACFEAA192946204602F095
:105FF800C9FC034658B16FF00404084A0121084857
:106008000AF089FE384605F04FFC2046F8BD2046C8
:106018000BF0E0FC0428FAD10024F3E7976A0108A2
:10602800E448010810B501210446D0F8E4000AF05C
:10603800A4FE034630B1862804D0064A0221064849
:106048000AF069FE04F1D8004FF4B011BDE8104021
:10605800FFF768BFB36A0108E448010838B5044689
:1060680034300BF092FC05460D48D4F8E0108368F4
:106078005B6803B198472DB12046FFF799FF6FF091
:10608800040038BDD4F8D03013B120460AF060FEC1
:1060980020460AF081FE01230020C4F8B030F0E762
:1060A8006044010870B505690446D5F8E8000DF0AC
:1060B8009CFBE8B12E46204656F8043B984701223F
:1060C800304611460DF054FD0122002105F11C0057
:1060D8000DF04EFD05F1B40009490DF0C1FD28464B
:1060E8000AF05AFE07480461BDE87040FBF7B6BEE7
:1060F800054A0121054808F0DBFE6FF0120070BD6B
:10610800AD0D01083C050024DB6A0108E4480108DC
:10611800F7B503691D69D5F8D800A8B105F1D80409
:106128000DF063FB20B96FF00404204603B0F0BD06
:106138004FF4D0112046FFF7F5FE0028F3D14CF2BA
:10614800503000210DF0CBFE0021D5F8E4000AF014
:1061580014FE041E03DA28460AF01EFEE5E7D5F809
:10616800D000B0B30DF041FB68B395F8D4300122EC
:10617800554905F1C40702FA03F3D5F8D000C5E97B
:1061880032138368DB690BB3394698470446002805
:10619800E1D105F1D0064FF480313046FFF7C2FE59
:1061A800044650B94FF0E8613046FFF79FFE0446B9
:1061B80078B100213046FFF7B5FE3946D5F8D00052
:1061C8000AF0C0FDC7E76FF01204C4E76FF0570488
:1061D800C1E72846FFF7C4FE60B902236FF0120436
:1061E800C5F8B030D5F8D030002BB4D028460AF026
:1061F800AFFDB0E7354C0127D5F8E010A668C5F823
:10620800B0700831B36963B9314A6FF004040121F1
:10621800304808F04DFE304A01212E4808F048FE6B
:10622800E0E70022204698470028EDD1D5F8E01095
:10623800F36808310BB9294AE7E701AA20469847CD
:106248000028F8D1019B264A934207D0254A3946AF
:1062580020486FF085040AF05EFDDCE73368D5F866
:10626800E01073B12046984704460028D3D1D5E9F9
:106278003A018368DB683BB19847044638B11A4A4B
:10628800CAE76FF05704C6E76FF05704F7E705F160
:10629800340630460BF0B2FB40B1AB6E134A012115
:1062A8000C486FF004040AF036FD9BE74FF4804178
:1062B8003046296402F088FE10B1AB6E0C4AEEE756
:1062C800C5F8B00031E700BF230D0108604401089C
:1062D800FA6A0108E4480108626B01081E6B0108AC
:1062E800006CDC02446B0108786B0108936B0108B1
:1062F800BF6B01082DE9F0471E46036992464FF02F
:10630800FF321D694FF0FF330C464FEA46292F1D17
:1063180038460AF015FD05F1340849462046FCF7D1
:10632800F7FA334652462146404602F05DFA0346E4
:1063380088B94FF0FF324FF0FF3305F11C000AF027
:10634800FFFC20464946FCF7CBFAD5F8B0407CB1B3
:106358000A4A234600E00A4A6FF00404012109486A
:106368000AF0D9FC384605F09FFA2046BDE8F087C8
:1063780040460BF02FFB0428FAD1F3E70F6C010815
:10638800F76B0108E44801082DE9F8431E46036944
:1063980091464FF0FF321C694FF0FF330D46271D21
:1063A80038460AF0CDFC04F1340871022846FCF79F
:1063B8007FFA33464A462946404602F07BFA0346AE
:1063C80068B904F11C004FF0FF324FF0FF330AF0B8
:1063D800B7FCD4F8B0407CB10A4A234600E00A4A28
:1063E8006FF00404012109480AF095FC384605F0CD
:1063F8005BFA2046BDE8F88340460BF0EBFA042828
:10640800FAD1F3E7396C0108206C0108E448010867
:10641800064A11680B6823F004030B60044B5068AC
:10642800196883685B6803B11847704754050024EE
:10643800C0050024094B10B5D3E90040084B196882
:1064480083681B6803B19847236843F004032360FB
:10645800236843F00803236010BD00BF54050024DF
:10646800C005002408B5EFF31181102383F31288C7
:10647800BFF36F8F094B012093F8482083F8480039
:1064880081F31188BFF36F8F32B9FFF7D3FF502024
:10649800BDE80840FCF75CB808BD00BF54050024FF
:1064A80038B54368056927486860196883681B68B8
:1064B80053B19847044650B1234A23460121234843
:1064C80008F0FFFC204638BD6FF05704F4E70122BE
:1064D80005F1080011460DF04BFB0122214605F19C
:1064E80020000DF045FB05F1380019490DF0B8FB07
:1064F80007232246214685F861300423502085F879
:106508005E4085F862300F2385F85F4085F84C308F
:106518000C2385F8604085F84D3085F8494085F8AA
:106528004A4085F84B40FCF743F80A4B1B681A6849
:1065380042F004021A601A6842F008021A60FFF773
:1065480091FFBFE760440108696C01085C480108D5
:106558004B0E010854050024F8B58378C678EFF38C
:10656800118E102484F31288BFF36F8F057890F88A
:1065780001C05B1B2C4633409A4288BF9AB2AF18C1
:10658800374007708EF31188BFF36F8F8F188F42D3
:106598001BD165450CD1EFF31181102484F31288C7
:1065A800BFF36F8F0478447081F31188BFF36F8F46
:1065B80001799B1A94B2994205D30DF089FB68B111
:1065C800084805F031FB2046F8BD00EB040E013405
:1065D8009EF805E0344001F801EBD8E7FFF742FFE9
:1065E800F1E700BF8C05002470B50D4614460CB9C0
:1065F800204670BD4FF0FF324FF0FF330B4805F0D7
:106608008FF9224629460A48FFF7A6FF064630B901
:106618004FF0FF324FF0FF33064805F081F9A41B15
:106628000248354405F040F9A4B2E0E75C050024CF
:10663800B205002474050024164B014610B51A68EB
:10664800EFF31184102383F31288BFF36F8F53681D
:106658005B0605D45368D80713D46FF00A000BE023
:106668006FF0400353600C23013B9068FCD15368E2
:106678005B06EFD56FF0040084F31188BFF36F8FCA
:1066880010BD506810F04000F4D193680B60002BE7
:10669800F2D1E2E7540500242DE9F743D8078846EC
:1066A800144605D43148FFF757FF03B0BDE8F0831F
:1066B800002A37D0EFF31185102383F31288BFF334
:1066C8006F8F5020FBF766FF06465020FBF74EFF02
:1066D80085F31188BFF36F8F0EB9FFF7ABFEDFF8B4
:1066E8009490D9F800305A68510713D45B685A0659
:1066F80010D41F4F4FF480332546C7F88831D9F896
:1067080000305B68DB070FD4BFF34F8F20BF40BF5B
:1067180020BFF4E7002401A8FFF78EFF16B350202E
:10672800FBF716FF2046C0E701A8FFF785FF4FF4E7
:1067380080320346C7F8882188B9291F019A89B28F
:10674800002DEBD0A94203D1002BD8D00192D6E777
:10675800013D0123ADB208F80520120AF0E7002D2B
:10676800CDD1DBE7FFF754FEDCE700BF9D05002431
:1067780000E100E0540500242DE9F74301A8FFF7E4
:106788005BFF002843D1284C0427019A804694F8DF
:106798004B30014694F84CC094F84AE0A3EB0E0540
:1067A8005FFA82F93CEA05051ED194F8601094F866
:1067B8005F6094F861508E1B35EA06062AD108B14D
:1067C80084F84B30B8F1000F00D001925020FBF74D
:1067D800CDFEFFF71DFE002384F84830134803B0B0
:1067E800BDE8F04305F060B8E018013380F84E903A
:1067F8000CEA03030120013F4FEA12224FF001087F
:10680800CCD108B184F84B3001920029E6D103B00D
:10681800BDE8F083661801310D4086F863900121C8
:1068280084F86050E7E700BF54050024740500248D
:10683800004870471C4D0108044BB3F880389B0290
:106848000B60002318464B60704700BF00E0F11F43
:10685800064B186828B94FF0100C4FF40030C3E904
:1068680000C0012010600B60704700BF2C28002476
:1068780007B503462022012104480092044A08F083
:106888002AFB002003B05DF804FB00BF7448010830
:10689800CF6C01080B4A5369DB0312D5002910DDC0
:1068A80000F1006300F01F000144BFF34F8F20394F
:1068B800C2F85C3220330029F9DCBFF34F8FBFF3F5
:1068C8006F8F704700ED00E037B50468256915F053
:1068D800C06F0AD0236EC3F30E031E4A02211E485E
:1068E8005B010093012308F0F6FA1C4B63611C4B13
:1068F8001D4209D00123009517480121194A08F0C3
:10690800EAFA6FF004001FE0D4F8105115F0C06FD8
:106918000BD0D4F86031C3F30E030E4A0E485B0166
:1069280000930223194608F0D6FA0F4BC4F8143125
:106938000B4B1D4207D00D4A154207D0D4F814312D
:106948001343C4F81431002003B030BD022300956E
:10695800D2E700BF216D0108744801080F00EF1F3E
:106968000000EE153C6D01080F00EF9F0000088045
:1069780070B5054610461A46EFF31186102383F3C7
:106988001288BFF36F8F012383F31388104C636958
:1069980043F480736361BFF34F8FBFF36F8F01F1CF
:1069A80000610DF0E1FB002383F31388636923F48E
:1069B80080736361BFF34F8FBFF36F8F86F31188C6
:1069C800BFF36F8F2869BDE87040FFF77DBF00BF38
:1069D80000ED00E0F7B517461A4606460D461C4678
:1069E8000AF078FA50B90B482B460B4A012100945B
:1069F80008F071FA6FF0150003B0F0BD44B12346FA
:106A08003A462946304603B0BDE8F040FFF7B0BF2C
:106A18002046F1E774480108526D0108F7B50546AC
:106A2800174A002368460DF07BFA2869DDE90067FC
:106A3800FFF74AFF044688B902462B691B681969A3
:106A4800490703D4D3F810315B0709D55AB14FF47D
:106A5800FA530C4A01210C4808F033FA6FF0040489
:106A6800204603B0F0BD32463B4668460DF07DFA3D
:106A7800DDE9003213430CBF01220022DDE700BF2D
:106A880000127A007C6D01087448010810B503698A
:106A98001C6829B1FFF7C2FF88B16FF0040019E044
:106AA800E368DA0717D4D4F80C31DB0711D50D4B9E
:106AB800C4F8043103F18833C4F8043109E0E36809
:106AC80043F00103E360D4F80C3143F00103C4F848
:106AD8000C31002010BD034B636003F18833636001
:106AE800E1E700BF230167452DE9F84F0369B1F5D8
:106AF800801F9046324A1B680746926901F1006977
:106B080035BF03F10C0603F5867603F1100A03F589
:106B1800887A346814F0010403D06FF00400BDE8EB
:106B2800F88FFFF77BFF0028F7D109F120024B46C9
:106B3800D3E90001B1F1FF3F08BFB0F1FF3FECD14D
:106B480008339A42F4D1336843F002033360BFF349
:106B58004F8F08EB040158F804204B6809EB040137
:106B6800C1E90023BFF34F8F0DF0D8F94FF47A72C3
:106B78000023F9F72DFB10F1640541F1000BDAF859
:106B880000305B0710D50DF0C9F94FF47A72002375
:106B9800F9F71EFB85427BEB0101F0DA6423094A11
:106BA8000121094808F08DF90834202CD1D1384644
:106BB800FFF734FF336823F002033360AFE700BF09
:106BC80000200052906D010874480108013A2DE92F
:106BD800F04781468A465718DFF87C801D4E574596
:106BE80001D2002012E0D9F81030BAF5801F4FEA20
:106BF8005A451C68D8F818302ABF083D0C3404F5EB
:106C080086742368DB0703D56FF00400BDE8F087BE
:106C18004846FFF703FF0028F6D123682D0223F426
:106C2800E06305F4E065236023681D4345F004052F
:106C38002560236843F080032360BFF34F8F4846E5
:106C4800FFF7ECFE2368334023600028DCD10AF507
:106C5800003AC4E7FBF8FFFF002000522DE9F74394
:106C6800012307460C4615460AF049F960B9009514
:106C78006FF0150523461D4A01211D4808F02BF920
:106C8800284603B0BDE8F083002DF9D038690AF032
:106C98001AF900213846FFF7F9FE20BB154E2146A8
:106CA8002A46384604EA060904F5FF34FFF78EFF42
:106CB800804604F5FF7448462C4404EA0601A1EB1B
:106CC8000901FFF7E7FD01213846FFF7DFFEB8F1BC
:106CD800000F08BF0546386918BF6FF00405043077
:106CE80004F0E2FDCCE76FF00408ECE7A16D0108C1
:106CF800744801080000FEFFF7B51C46174601233B
:106D0800054622460E460AF0FAF858B96FF01507FC
:106D18003346184A01211848009408F0DCF8384630
:106D280003B0F0BD24B328690AF0CDF80021284645
:106D3800FFF7ACFEC8B93A462346314628460AF062
:106D4800EBF8074601212846FFF7A0FE002F214651
:106D580008BF0746304618BF6FF00407FFF79AFDD3
:106D68002869043004F0A0FDD9E76FF00407E9E7CB
:106D78002746D4E7CC6D0108744801082DE9F8438B
:106D8800D0F80490904607460D46D9F808001E46EC
:106D980009F038FAB8F5001F044616D1D9F80840AA
:106DA8002846FEF703F884420CD1294609F02AFA4E
:106DB800044609F02CFA2046FDF7E6FF002120469C
:106DC80009F02EFA0020BDE8F883B8F5800F20D02E
:106DD800B6F1806F19D0B6F1C06F18D0B6F1007F48
:106DE8001AD102263A460F492046FDF7ADFFB0B941
:106DF800D9F80810284609F03CFA2046314609F02F
:106E08000FFA2046FDF788FFDCE70126EAE70326AC
:106E1800E8E76FF08500D6E76FF01500D3E76FF06D
:106E28000F00D0E7B11001081FB50C4B0C29D3F89F
:106E3800082828BF0C2112BA0C460192D3F804285E
:106E480012BA02920A46D3F8003801A91BBA039372
:106E58000DF08AF9204604B010BD00BF00E0F11F14
:106E680043681B6803F1080252E8002F42F0010250
:106E780003F1080040E800210029F3D1154A9342A4
:106E88001BD0A2F54C42934217D002F58062934280
:106E980013D002F5806293420FD002F580629342CC
:106EA8000BD002F54442934207D0A2F51C4293420C
:106EB80003D002F58062934203D15A6842F040023F
:106EC8005A6053E8002F42F4807243E800210029F9
:106ED800F7D170470010014043681B6803F10802AE
:106EE80052E8002F22F0010203F1080040E80021D7
:106EF8000029F3D1154A93421BD0A2F54C42934284
:106F080017D002F58062934213D002F58062934253
:106F18000FD002F5806293420BD002F544429342AF
:106F280007D0A2F51C42934203D002F58062934237
:106F380003D15A6822F040025A6053E8002F22F425
:106F4800807243E800210029F7D170470010014002
:106F58002DE9F04182B006460D46426800AFD2F8EE
:106F68000080002946D05068116952698368012A57
:106F7800DB6812D908316BB13A1D9847041E16DA3E
:106F8800204A0121204807F093FF20460837BD46D4
:106F9800BDE8F0816FF05704F2E72BB13A1D98472E
:106FA800041E04DA194AECE76FF05704FAE7D8F838
:106FB800003023F40043C8F800307B6803EB550326
:106FC800B3FBF5F30F2B18D86C468AB033686A46C2
:106FD8000F490795CDE905134FF40073ADF820303C
:106FE8000C4B42F8103F00234FF411510648FAF7B2
:106FF80017FCA5466FF01504C7E79BB20024C8F834
:107008000C30C2E7306E0108FC4801085E6E0108CA
:107018008C6E010804000001F8B50C46036941684C
:107028001D682379012B18D0A3F1020EDEF10006AA
:1070380046EB0E06B6026279022A96BF464F4FF417
:10704800005737F81270A279022A09D0042A2FD0E3
:10705800003B18BF01231B0306E04FF4C066EAE7B4
:10706800B3FA83F35B091B07E2790968012A0CBFAD
:107078004FF4407C4FF0000CA5421CD10A6822F066
:10708800805222F4B05232431A430A604B6823F408
:1070980040533B434B6043681A68936823F440733A
:1070A80043EA0C0393602968BDE8F840FFF750BF36
:1070B8004FF48053D8E7D1F800E00EF4C06E76455F
:1070C80006D0D1F800E02EF4C06E4EEA06060E6037
:1070D80041680E68716801F440518F4204D07168AC
:1070E80021F440513943716041680E68316801F0FC
:1070F80010218B4204D0316821F010210B433360FA
:10710800436819688B6803F440739C4505D08B6805
:1071180023F4407343EA0C038B604368D71E1B6853
:107128007E4299687E41C1F380318E4207D0032A9E
:107138009A680CBF42F4804222F480429A60216827
:107148002B68994205D0FFF703FF08B923682B6025
:10715800F8BD0020FCE700BF1A4F01082DE9F041F7
:10716800436802460D461C6803691E680B79012BAB
:1071780017D0981E41424141890295F805E0AF7940
:10718800BEF1020F96BF3C484FF4005C30F81EC0B9
:10719800022F09D0042F01D0002B63D04FF4805068
:1071A80005E04FF4C061E8E7002B58D00020A3F1B8
:1071B8000308B8F1010F04D86FF085031846BDE83D
:1071C800F0810BB1042FF7D0BCF5805F4CD0BCF533
:1071D800405F4BD0BCF1000F0CBF012303239E4539
:1071E800EAD109F0DDFF8742E6D1EB791BB3012B29
:1071F8003ED1224B9C421ED0A3F54C439C421AD050
:1072080003F580639C4216D003F580639C4212D03C
:1072180003F580639C420ED003F544439C420AD098
:10722800A3F51C439C4206D003F580639C4202D020
:10723800134B9C42C0D123682946104623F0010312
:107248002360FFF7E9FE03460028B5D1226842F023
:107258000102226095E8030086E80300AEE74FF0DC
:107268008050B1E71846AFE70023B8E70223B6E736
:10727800032BBED0A0E700BF1A4F01080010014041
:10728800000C00582DE9F04383B08046D0F80490F4
:1072980000AFD9F80400D9F8101083681B6853B1FF
:1072A8009847054650B1734A0121734807F000FE1C
:1072B800002D0FDB06E06FF05705F4E7D9F814301E
:1072C800012B0CD83A1D0021D9F8240009F002FF3F
:1072D800051E15DA28460C37BD46BDE8F083674819
:1072E800D9F81010836808319B6933B12A4698474A
:1072F80005460028E6D0624AD6E76FF05705FAE758
:107308007B6800221979186809F0F6FE051EE1DB92
:10731800D8F80460D8F8103034681D68236823F062
:1073280001032360B0680CF060FA38B9554A0121AE
:1073380051486FF0120507F0BBFDCBE7D6E9020113
:107348008368DB6803B1984754E8003F43F00C03B7
:1073580044E80032002AF7D129464046FFF75CFE90
:10736800054610B16FF01505B4E7337E1BB1A3686D
:1073780043F00803A360737E1BB1636843F40043C2
:107388006360B37E1BB1636843F480336360F37E4C
:107398001BB1636843F400336360337F002B53D021
:1073A800394B9C4235D0A3F54C439C4231D003F570
:1073B80080639C422DD003F580639C4229D003F55D
:1073C80080639C4225D003F544439C4221D0A3F519
:1073D8001C439C421DD003F580639C4219D02B4B63
:1073E8009C4216D06C4688B0D8F800306A462849C6
:1073F800CDE905134FF40073ADF81C30254B42F866
:10740800103F00234FF4E2511B48FAF709FAA5464A
:10741800A8E7D8F804301A68936843F48043936067
:107428002368727F23F0787343EA4253236023680A
:10743800B27F23F4F81343EA02432360F37F1BB1BE
:10744800A36843F40043A36096F820301BB1236877
:1074580043F000532360236843F001032360E3698A
:107468009A02FCD5E3695B02FCD5D9F8283040467E
:1074780098472FE7A36E0108FC48010860440108FB
:10748800C36E0108E66E010800100140000C0058A8
:10749800016F0108030000014FF0E0230D4A9969CC
:1074A800126818699B69002908BF1146002B08BF9C
:1074B800134610F4803F084801D1994205D201686B
:1074C800114401604FF0E021096900681044C01AB6
:1074D800704700BF4C28002444280024094B102280
:1074E800002083F823204FF4F072074B1A6040F213
:1074F800DF12064B18604FF0E0235A6107229861AB
:107508001A61704700ED00E04C280024442800244C
:10751800684620F007018D46F1B509F0DAFF044608
:10752800FFF7BAFF1248134A002703680760D2E939
:1075380000515B19104D41F10001C2E90031D5E954
:1075480000614FF4F0729B1BB3FBF2F002FB00F3F7
:107558009B1941F10001C5E90031084B21461F6024
:1075680005F02CF9FBF7E2F8BDE8F14085467047D5
:1075780044280024101F0024081F00244828002441
:107588002DE9F0418046FFF787FF4FF0E0232849B7
:107598004FF0000E274F9C69274ED1E9003235681D
:1075A800C3182648C0F800E042F10002D7E9000CF1
:1075B800C1E900321F1A62EB0C0CF44535DB204B95
:1075C8004FF4F0701B6813EB0803A3FB00324EEB7B
:1075D8000E0EDB1B00FB0E2241F2C12062EB0C02F7
:1075E800834272F1000020DBB3F1807F72F1000268
:1075F80001DB6FF07F4333604FF0E022013B966977
:1076080053610023B44293614FF000720D4B5A60EE
:1076180036BF6219A21B921BD1E90030D31840F182
:107628000000C1E90030BDE8F0814FF49653E2E76D
:10763800101F0024081F00244C280024442800247C
:107648004828002400ED00E0074B10B51C68074BE4
:107658001B68E41AFFF720FF4FF4F0732044B0FBD7
:10766800F3F0034B186010BD101F0024081F0024FE
:107678004828002438B509F02CFF054B04461D683E
:10768800FFF70AFF84F31188BFF36F8F284438BDD2
:10769800101F002470B54FF47A734D6806695D4376
:1076A8008B6833BB74683CBB4FF4FA400023154A1F
:1076B800A5FB0001F8F78CFD04231946621CB0FBFA
:1076C800F3F3B3F5805F0ED27D3D0F4AE4B2013B80
:1076D800954214D8062C12D8B3F5805F0FD200203B
:1076E800C6E9004370BDD3B2144601FA03F39BB256
:1076F800E4E76FF08500F5E76FF00B00F2E76FF055
:107708001500EFE740420F0083FFF30138B54468E6
:107718000269880704D51D48436D43F480234365F7
:10772800CB072FD423684CF6CC41196045F255514C
:10773800236819601368216803F007034B605368D6
:107748002168C3F30B038B600CF0E8FB4FF47A72EB
:107758000023F8F73DFD05462268D06810F00700C1
:1077680003D14AF6AA23136038BD0CF0D7FB0023D7
:107778004FF47A72F8F72CFD431B302BECD96FF0DD
:107788001200F1E76FF08500EEE700BF0010005C23
:10779800494B30B51A6902F03802102A00F0888087
:1077A800182A0CD0002A40F085801A68434812F045
:1077B800200F03D01B68C3F3C103D84030BD996ABA
:1077C8009D6ADC6A15F47C7FC5F305105A6BF5D009
:1077D800C2F3CC0204F0010401F0030107EE900AA1
:1077E8006243B7EE006A0129B8EEE77A06EE902AFE
:1077F800FAEEE96A4ED002293ED000294AD11A6829
:10780800920627D519682D4AC1F3C1011B6BCA40DE
:10781800C3F3080307EE902AF8EEE75AC5EE877A15
:1078280007EE103AB8EEC77A37EE267A37EE067AC0
:1078380067EE877A204B1B6BC3F34623013307EEB1
:10784800103AF8EEC76A87EEA67AFCEEC77A17EE0A
:10785800900AB3E71B6BC3F3080307EE903AF8EE00
:10786800E77A77EEA67A77EE867A9FED156AC6EE06
:10787800076A67EEA67ADDE71B6BC3F3080307EE1A
:10788800903AF8EEE77A77EEA67A77EE867A9FED69
:107898000D6AECE71B6BC3F3080307EE903AF8EEAA
:1078A800E77A77EEA67A77EE867A9FED076ADEE7C3
:1078B800064883E7064881E7004402580090D00351
:1078C8000024744C001BB74B0024744A00366E0128
:1078D80000093D0008B5FFF75BFF0B4A0B499369A8
:1078E8009269C3F3032302F00F02CB5C03F01F037A
:1078F80020FA03F3885C064A00F01F0023FA00F020
:107908001060044A136008BD004402586F710108F2
:107918004C0600245006002408B5FFF7DBFF054B92
:10792800054ADB69C3F30213D35C03F01F03D84095
:1079380008BD00BF004402586F71010808B5FFF781
:10794800C9FF054B054A1B6AC3F30213D35C03F056
:107958001F03D84008BD00BF004402586F710108DA
:107968004F4970B58C6A8E6ACD6A16F47C3FC6F3AF
:107978000533CA6B00F0908007EE903AC2F3CC034F
:10798800C5F3001204F00304B8EEE77A5343012C60
:10799800B7EE006A06EE903AFAEEE96A6ED0022C6B
:1079A8005ED0002C6AD10B689B0647D50A688B6BA2
:1079B800C2F3C1013B4AC3F30803CA4007EE902A49
:1079C800F8EEE75AC5EE877A07EE103AB8EEC77AAE
:1079D80037EE267A37EE067A67EE877A304A936B67
:1079E800C3F3462307EE103AB8EEC77A37EE067AA5
:1079F800C7EE876AFCEEE66AC0ED006A936BC3F3D4
:107A0800064307EE103AB8EEC77A37EE067AC7EEA5
:107A1800876AFCEEE66AC0ED016A936BC3F30663FE
:107A280006EE903AF8EEE66A76EE866A87EEA67A71
:107A3800FCEEC77A17EE903A836070BD8B6BDFED72
:107A48001A5AC3F3080307EE903AF8EEE77A77EE8E
:107A5800A67A77EE867AC5EE876A67EEA67ABDE7DC
:107A68008B6BDFED125AC3F3080307EE903AF8EE7A
:107A7800E77A77EEA67A77EE867AECE78B6BDFED1E
:107A88000C5AC3F3080307EE903AF8EEE77A77EE5C
:107A9800A67A77EE867ADEE7C0E90033CCE700BF46
:107AA800004402580090D0030024744C001BB74BCC
:107AB8000024744A4F4970B58C6A8E6ACD6A16F0F4
:107AC8007C7FC6F305534A6C00F0908007EE903A2D
:107AD800C2F3CC03C5F3002204F00304B8EEE77A3E
:107AE8005343012CB7EE006A06EE903AFAEEE96AC3
:107AF8006ED0022C5ED0002C6AD10B689B0647D54D
:107B08000A680B6CC2F3C1013B4AC3F30803CA40BD
:107B180007EE902AF8EEE75AC5EE877A07EE103A94
:107B2800B8EEC77A37EE267A37EE067A67EE877AA6
:107B3800304A136CC3F3462307EE103AB8EEC77AFF
:107B480037EE067AC7EE876AFCEEE66AC0ED006A91
:107B5800136CC3F3064307EE103AB8EEC77A37EE54
:107B6800067AC7EE876AFCEEE66AC0ED016A136C16
:107B7800C3F3066306EE903AF8EEE66A76EE866A96
:107B880087EEA67AFCEEC77A17EE903A836070BD4E
:107B98000B6CDFED1A5AC3F3080307EE903AF8EEC0
:107BA800E77A77EEA67A77EE867AC5EE876A67EE89
:107BB800A67ABDE70B6CDFED125AC3F3080307EE94
:107BC800903AF8EEE77A77EEA67A77EE867AECE7DF
:107BD8000B6CDFED0C5AC3F3080307EE903AF8EE8E
:107BE800E77A77EEA67A77EE867ADEE7C0E90033A1
:107BF800CCE700BF004402580090D0030024744C26
:107C0800001BB74B0024744A4F4970B58C6A8E6AC2
:107C1800CD6A16F47C7FC6F305134A6B00F090809A
:107C280007EE903AC2F3CC0305F0010204F0030416
:107C3800B8EEE77A5343012CB7EE006A06EE903AA5
:107C4800FAEEE96A4ED0022C5ED0002C6AD10B689D
:107C58009B0667D50A680B6BC2F3C1013B4AC3F3A5
:107C68000803CA4007EE902AF8EEE75AC5EE877A6D
:107C780007EE103AB8EEC77A37EE267A37EE067A6C
:107C880067EE877A304A136BC3F3462307EE103A40
:107C9800B8EEC77A37EE067AC7EE876AFCEEE66A70
:107CA800C0ED006A136BC3F3064307EE103AB8EE53
:107CB800C77A37EE067AC7EE876AFCEEE66AC0ED49
:107CC800016A136BC3F3066306EE903AF8EEE66AB0
:107CD80076EE866A87EEA67AFCEEC77A17EE903AB9
:107CE800836070BD0B6BDFED1A5AC3F3080307EE10
:107CF800903AF8EEE77A77EEA67A77EE867AC5EECE
:107D0800876A67EEA67ABDE70B6BDFED125AC3F3FD
:107D1800080307EE903AF8EEE77A77EEA67A77EE60
:107D2800867AECE70B6BDFED0C5AC3F3080307EE1A
:107D3800903AF8EEE77A77EEA67A77EE867ADEE77B
:107D4800C0E90033CCE700BF004402580090D003DC
:107D58000024744A001BB74B0024744C1FB5A0F5CF
:107D680080730B4319D19E4B1A6D02F00702042A47
:107D780031D8DFE812F02000D40005005D0145008D
:107D8800186810F0005005D0002301A80193FFF7F0
:107D980091FE019805B05DF804FBA0F500730B4354
:107DA8001BD18F4B1A6D02F4E072802AE8D00CD8F0
:107DB800002A40F0B480186810F00070EAD0002360
:107DC80001A80293FFF720FFFAE0C02A00F03081F3
:107DD800B2F5807F14D00020DCE7A0F580630B4368
:107DE8002DD17F4B9A6D02F46002B2F5800FC7D097
:107DF800DED9B2F5C00F00F01B81B2F5000FE9E73C
:107E0800DA6C196802F04052480706D52AB91B688F
:107E1800C3F3C1037348D840BCE7714B1968C9055F
:107E280003D5B2F1805F00F00581186810F40030C6
:107E3800B0D0B2F1005F6C4818BF0020AAE7A0F5E7
:107E480000630B431FD1664B9A6D02F0E062B2F1FA
:107E5800007F95D0ACD9B2F1407F00F0E980B2F153
:107E6800806FB8D1DA6C196802F040521B68480775
:107E780001D5002ACCD0D90503D5B2F1805F00F036
:107E8800D980574BD1E7A0F580530B430FD1544B02
:107E98001A6D02F4E042B2F5005F3FF471AF87D982
:107EA800B2F5405F00F0C480B2F5804FD9E7A0F585
:107EB80000530B4322D14A4A136D03F4E023B3F570
:107EC800403F7FD00ED8B3F5803F00F0A680B3F5D1
:107ED800003F6BD0002B7FF47EAF05B05DF804EB5C
:107EE800FFF71ABDB3F5802F73D0B3F5A02F7FF439
:107EF80072AF10683C4B10F400306EE0A0F5002320
:107F08000B4321D1364B9A6D02F44032B2F5803FD3
:107F180010D0B2F5003FA5D0002A7FF45CAF1868F6
:107F280010F000603FF436AF002301A80193FFF77B
:107F380017FD2EE7186810F000503FF42BAF01A88A
:107F4800FFF7B8FD039825E7A0F580330B430DD163
:107F5800234BDA6C1868D3037FF52EAF10F000605E
:107F68003FF418AF01A8FFF7FBFCEBE7A0F580434F
:107F78000B433DD11A4A936D03F0E043B3F1405FE0
:107F880020D00DD8B3F1805F47D0B3F1005F0DD09A
:107F9800002B7FF420AF05B05DF804EBFFF7CEBCF3
:107FA800B3F1804F15D0B3F1A04FA0E7106810F0DF
:107FB80000503FF4EFAE002301A80293FFF77AFDCB
:107FC8000298E7E6106810F004003FF4E3AE136887
:107FD8001EE71068054B10F4807018BF1846D9E6E4
:107FE800004402580090D00300366E0100093D009D
:107FF800A0F5004008437FF4EEAE0F4A136D03F07E
:108008004053B3F1805F06D0B3F1005F05D0002B79
:108018007FF4E1AE6DE71068CEE6106810F00060FE
:108028003FF4B8AE002301A80293FFF799FCC7E715
:108038000248AFE60248ADE6004402580080BB00A3
:1080480000093D002DE9F04F066889B00446304626
:108058000AF008FA0390002840F06E8120680AF0C0
:10806800D3F9002800F06881D6F8083806F50065CD
:108078002068C3F30D23C4F8D4340AF0C5F9870780
:1080880004D52268536903F00203536120680AF09B
:10809800BBF9C0062DD52268936923F010039361BC
:1080A800D6F8208008F4F01308F00F07B3F5802FF6
:1080B80040F0458147F6F07318EA030F14D02423E3
:1080C800C8F30A19304603FB07474A46D7F8601237
:1080D8000AF02BF9D7F860324B44C7F86032D7F86A
:1080E80068324B44C7F868322268936943F010033A
:1080F800936120680AF088F9010300F13381206850
:108108000AF082F942030CD5274606F5106B4FF0AA
:10811800000A20680AF084F90490049B002B40F0C0
:10812800EB8120680AF070F9002813DA6B6823F0F5
:1081380001036B6094F8CC34012B40F08582002158
:10814800204684F8CC1409F01DFC2268536903F01A
:108158000043536120680AF057F903050AD5AB6854
:10816800DF0702D5204608F018FD2268536903F49A
:108178000063536120680AF047F9000115D52268A9
:10818800536903F00063536194F8CC34002B40F03A
:108198005F8201212368204684F8CC145B6DC3F309
:1081A8008303C4F8D03409F0EDFB20680AF02CF9F9
:1081B800C10433D56B68102123F001036B6020687C
:1081C80009F037FF06F510634FF67F3122790398DF
:1081D800824200F24182EB6943F00113EB61E37BD9
:1081E800002B00F05782D5F8843043F00B03C5F814
:1081F80084306B6C43F00B036B64D6F8003804F2E0
:108208009C4223F4FE63C6F80038A179206801F087
:1082180001FD2268536903F48053536120680AF012
:10822800F3F8820416D520680AF020F9206809F0CE
:108238004BFF2768E071FFF74DFBE27901463846AE
:1082480001F07AFA204608F06EFC2268536903F4BC
:108258000053536120680AF0D7F8030707D5204672
:1082680008F0B9FC2268536903F0080353612068D9
:108278000AF0CAF8070600F1188220680AF0C4F864
:10828800C0020CD5A04606F5126901272379BB4226
:1082980000F229822268536903F48013536120682D
:1082A8000AF0B2F881022AD5234606F532614FF06A
:1082B800010C207960451DD993F87C720868012F5C
:1082C80040F02782002880F22482D4F8D42482EA5D
:1082D8001040C20700F11D8283F87B72B06940F03C
:1082E8008000B0617069000600F113826B6843F486
:1082F80000736B602268536903F4001353612068AC
:108308000AF082F8410007D5204608F03AFC2268B6
:10831800536903F08043536120680AF075F84207F7
:108328000AD523685D686B0702D5204608F02FFC44
:10833800226853682B43536009B0BDE8F08FB3F54A
:10834800402F7FF4D1AE082204F29C413046C8F396
:108358000A1809F0EAFF242303FB0747D7F8683215
:108368004344BFE606F53068A246002720680AF0B5
:108378004FF80490049B002B3FF4C1AE049BDB072D
:1083880079D55FFA87FB206859460AF051F810F052
:10839800010F81461FD00123C8F80830206894F8DF
:1083A80006C000F53063016CBCF1010F03EB471305
:1083B8009A6840F08B8012F0080F07D0B3488142CA
:1083C80009D9120407D54FF4004203E012F0200F38
:1083D8005AD020229A6019F0080F21D00823AB49FF
:1083E800C8F8083023681A6C03F530638A4203EB37
:1083F8004713986804D9000402D54FF400409860E8
:1084080020460592FDF7AAFA059AA0498A4207D99B
:10841800A179012904D104F29C42206801F0FAFBF9
:1084280019F0100F02D01023C8F8083019F0020F05
:1084380014D07369190603D56B6843F480636B60C5
:108448009AF85732012B06D10023594620468AF85C
:10845800573209F01AF90223C8F8083019F0200F2A
:1084680002D02023C8F8083019F4005F03D04FF475
:108478000053C8F80830049B013708F120080AF1B6
:10848800240A5B08049375E7DFF800C2614501D947
:10849800120498D41A69DAF87432C2F312029B1AD9
:1084A800CAF868326FB9D4F864222AB904F29C4237
:1084B800012101F0AFFB04E0D4F860221A44C4F8AB
:1084C800602259462046FDF70FFA84E7DFF8C0C15D
:1084D800614507D111043FF576AF9206F1D5202208
:1084E8009A60EEE7002FECD1D4F86432002BE8D183
:1084F80004F29C423946DCE7049BDA0740F19B8092
:108508005FFA8AF320681946079309F09AFF10F07A
:10851800010F804620D001210AF00F026B6B01FA8F
:1085280002F223EA02036B63CBF80810A179012950
:108538000DD1D7E9072313443B62BAF1000F06D1E6
:10854800636A23B904F29C42206801F063FB5FFA76
:108558008AF12046FDF7E6F918F0080F02D0082343
:10856800CBF8083018F0100F02D01023CBF80830E1
:1085780018F0400F02D04023CBF8083018F0020F53
:1085880010D05146304609F054FDFB7D012B06D131
:1085980000235FFA8AF12046FB7509F077F8022379
:1085A800CBF8083018F0800F45D0D7E909329A4245
:1085B80041D8A3EB0208FB6921689845059128BFBB
:1085C800984601F5106308F1030803EB4A134FEAD4
:1085D80098080693069B996989B24145D7E90932FB
:1085E80027D393420BD8059B0AF00F000121D3F83B
:1085F8003428814022EA0102C3F834281BE0A3EBA7
:108608000209FB69079A9945059828BF9946A379F5
:1086180000931FFA89F3396A09F1030809F072FE19
:108628003B6A4FEA98084B443B62BB6A4B44BB62C7
:10863800D0E79342D7D9049B0AF1010A24370BF1FA
:10864800200B5B08049368E5204608F0B5FA7CE542
:10865800204608F0A2FAA8E59960203353F8202CA8
:1086680022F4001243F8202CC3F8E811D3F8E021D3
:1086780022F40012C3F8E021D3F8E02142F00062AE
:10868800C3F8E021039A013203929FE50A30544F60
:108698000A31544F6B6943F4005343F02B036B6169
:1086A8002B6943F00B032B61A7E5B369012204F2A0
:1086B8005720242723F08003B36106F5326321791C
:1086C80091427FF6DAAD07FB02F1415C012907D13F
:1086D800196841F000611960196841F0804119601A
:1086E80001322033EBE798F83C30D9F80020012B11
:1086F80009D1002A07DA67F07F01204688F83B3065
:10870800C9B209F0DCF8013708F1240809F1200999
:10871800BCE50CF1010C24332031CAE52DE9F04702
:10872800054686B0884606F0A4FA082181462868DE
:1087380009F0E7F9044648BB696C2868090409F0A0
:10874800CAFA044610BB4FF0FF30082330266946AA
:108758000494CDE9000302232868CDE902630123CC
:10876800059309F0BBF9286809F0E9FA044668B9E5
:108778000746064640F22A5A2868436B13EA0A0F4E
:10878800436B07D01A0719D508248463204606B01E
:10879800BDE8F087190308D43CB909F084F9064606
:1087A8002868012409F07FF9074606F062FAA0EB71
:1087B80009000130E0D14FF00044E7E7436B9B0725
:1087C80001D50224E1E7446B14F0200401D02024F1
:1087D800DBE7044B3FBA36BA8363C8F80070C8F8C1
:1087E8000460D3E73A0F0018F0B5044687B0154681
:1087F8001E460F4631B9436B43F0006363630120A3
:1088080007B0F0BD90F83030012B4ED1AB19016D97
:1088180000228B42426303D9436B43F00073EDE7B8
:108828000323694680F830300368DA627302826B8A
:108838008362012A4FF0FF324762006818BF6D0259
:10884800CDE9002390220223CDE902230023CDE9BC
:10885800043309F043F92268D36843F04003D36036
:108868000122236896429F6523681A65206811D9FA
:1088780082232946E36209F078F9236880B10C4A1B
:108888009A63636B03436363012384F830300023E6
:10889800E362B4E781232946E36209F04CF9ECE787
:1088A800DA6B42F49572DA63AAE70220A8E700BF00
:1088B800FF0FE01F2DE9F041044686B015461E461D
:1088C8000F4639B9436B43F000636363012006B078
:1088D800BDE8F08190F83030012B4ED1AB19016D15
:1088E80000228B42426303D9436B43F00073ECE7E9
:1088F80003234FF09008694680F830300368DA6245
:108908007302826B0362012A4FF0FF32C76100686D
:1089180018BF6D02CDE900230023CDE90283CDE91C
:10892800043309F0DBF82268D36843F04003D360CE
:108938000122236896429F6523681A65206811D929
:10894800A0232946E36209F044F9236880B10C4A60
:108958009A63636B03436363012384F83030002315
:10896800E362B3E72946C4F82C8009F018F9ECE76C
:10897800DA6B42F48D72DA63A9E70220A7E700BF39
:10898800FF0FE01FF8B590F8303004460E46154644
:10899800012BDFB257D100219642416305D9436BC1
:1089A80043F0006363633846F8BD036D934203D216
:1089B800436B43F00073F5E7032380F83030236CF2
:1089C80000689B0608D4214B8363636B43F0806384
:1089D800636384F83070E6E709F07DF88201236864
:1089E80005D51A4A9A63636B43F40063F0E7A26BF8
:1089F800012A03D0032A1BD076026D02184631469D
:108A080009F001F90346206843B1104A8263626B9A
:108A180013436363012384F83030C4E7294609F01F
:108A28000CF928B12368094A9A63636B0343F0E79A
:108A38000021206809F01BF90028F3D1012307461B
:108A480084F83030AFE70227ADE700BFFF0FE01F23
:108A580010B5C26D0346920F0A70C26DC2F38362ED
:108A68004A7090F85F2002F003028A7090F85E2046
:108A7800CA7090F85D200A7190F85C204A71026E05
:108A8800120DCA80B0F8622002F00F020A72026E5C
:108A9800C2F3C0324A72026EC2F380328A72026E28
:108AA800C2F34032CA72026EC2F300320A73002265
:108AB8004A73826B002A40F08380006E40F6FC7295
:108AC80002EA8002586E42EA90720A615A6EC2F354
:108AD800C2620A7593F8672002F007024A755A6E57
:108AE800C2F342528A755A6EC2F38242CA755A6EEE
:108AF800C2F3C2320A760869013098640A7E02F02D
:108B0800070202329040012298640C7A04F00F04A4
:108B1800A240DA64520A42431A654FF400720020F8
:108B28005A655A6EC2F380324A765A6EC2F3C6123A
:108B38008A765A6E02F07F02CA769A6ED20F0A7748
:108B48009A6EC2F341724A779A6EC2F382628A774A
:108B58009A6EC2F38352CA779A6EC2F3405281F872
:108B6800202081F82100B3F86A2002F0010281F880
:108B780022209A6EC2F3C03281F823209A6EC2F383
:108B8800803281F824209A6EC2F3403281F8252081
:108B98009A6EC2F3003281F826209A6EC2F38122BF
:108BA80081F827209A6EC2F3012281F828209B6E53
:108BB800C3F3460381F82930012381F82A301CE0E9
:108BC800012A10D1026EB0F86600120402F47C1279
:108BD80002430A610A69013292029A641A654FF4E3
:108BE8000072DA6499E7026804499163426B42F0C3
:108BF80080524263012083F8300010BDFF0FE01F50
:108C0800F0B595B014220021044604AF38460BF0A5
:108C1800B9FA4FF480300021FFF7A0F8054648B9AB
:108C2800012384F830304FF0006363630125284640
:108C380015B0F0BD7C4B984289BF7C4E0026B0FB36
:108C4800F6F601360798314608968DE8030097E84E
:108C58000E00206800F0A6FB206808F02CFF36B153
:108C6800B5EB460F4FEA460307D3B5FBF3F570485B
:108C7800B0FBF5F0013006F005F8002320680393F7
:108C880000F0BEFB054648B9206809F005F904283C
:108C98000AD12068E56300F0B3FB78B1012384F8BA
:108CA8003030636B0343C0E70123E363002120688E
:108CB80009F011F828B14FF08050EFE7E36B012B72
:108CC800F4D000264FF6FE7714E03146206809F00C
:108CD80002F80028E2D15749206809F0ACF80028CA
:108CE800E9D13146206808F0F6FE039B0546C60F19
:108CF80001330393039BBB4201D8002EE5D0039BAD
:108D0800BB4214D8C5F380750023A563ADF80A30BB
:108D180005F0AFFF0546206808F0D9FE50B94FF0BE
:108D28008061012384F83030636B0B437DE74FF09B
:108D38008070B3E7A36B032B3ED0206809F04DF891
:108D480001460028EDD1206808F0C5FE0421E06640
:108D5800206808F0C0FE08212067206808F0BBFEE4
:108D68000C216067206808F0B6FEA36BA067032B90
:108D780022D041F28736BDF80A10206859B3A36B98
:108D8800032B19D06164090409F03EF80146002854
:108D9800C7D1206808F09FFE0421E065206808F02C
:108DA8009AFE08212066206808F095FE0C2160666E
:108DB800206808F090FEA0660421206808F08BFE69
:108DC80009A9000D20642046FFF742FE054688B138
:108DD8004FF08051A5E70DF10A0109F043F801466B
:108DE80000289ED105F045FF401BB042C3D94FF083
:108DF800004196E7616C2068090408F052FF0146BB
:108E080000288ED14FF40071206808F07AFE0028FF
:108E18003FF40DAF2368084A9A63636B03436363A7
:108E2800012384F8303001E7801A060000350C0071
:108E380010210100000010C1FF0FE01F2DE9F041D3
:108E480090F8303096B004460D46032B00F0AB8006
:108E580005F00FFF00210646206808F03CFE83015C
:108E680000F1A6804021206808F04BFE58B1636BE2
:108E7800636323680125524A9A63636B0343636300
:108E880084F8305082E0616C2068090408F023FF00
:108E98000028ECD140234FF0FF374FF0600C0490CE
:108EA80069462068CDE900730223CDE902C3012396
:108EB800059308F013FE206808F075FF0028D6D146
:108EC80006AF23685A6B12F4957F0AD05A6B1107C4
:108ED80071D45A6B920770D45B6B9B061ED5202009
:108EE800C7E75B6B180408D507F12008206808F06D
:108EF800DAFD47F8040B4745F8D105F0BAFE801BA8
:108F08000130DED14FF00040B3E708F0CCFD47F860
:108F1800040B05F0AEFE801B0130F3D02068426BD5
:108F280012F48052F1D10699264B8363C1F3811361
:108F38002B70C1F340136B700B0A23F0FF0343EA55
:108F480011639BB26B80079B1BBA6B60089BD9B2FD
:108F58002972C3F307216972C3F303511B0CA97269
:108F6800099923F0FF03C8B20343AB81C1F38523FA
:108F7800AB73C1F30123EB73C1F3031301F00F01CA
:108F88002B749DF82B306974AB7415464FF400713F
:108F9800206808F0B6FD38B12368094A9A630123AE
:108FA800606384F830300125284616B0BDE8F081AA
:108FB8004FF400605DE708205BE7022059E700BF37
:108FC800FF0FE01F3A0F0018032330B589B080F86F
:108FD8003030836B04460D46032B02D0B1F5004FA9
:108FE80003D1636B43F080531FE0B1F5804F24D168
:108FF80000210068039108F06EFD10F0007036D172
:10900800049003A92046FFF789FB60B9049B590324
:1090180030D5616C2068090408F05DFE18B902219A
:10902800206808F072FE636B03436363636B43B3AA
:1090380023683E4A9A63012550E0F1B9006803911C
:1090480008F049FD820112D403A920460495FFF7D0
:1090580065FB0028E7D1049BDB030BD5616C206816
:10906800090408F038FE0028DDD10146D8E74FF49E
:109078000060D8E74FF08060D5E7436B43F00063AA
:10908800D3E74FF480300021FEF768FE002847D070
:10909800636827490393A368B0FBF1F2CDE904356F
:1090A80023690693636993420CD2A56DB5F5007FD9
:1090B80008D0B5F5807F29D11BBB884202D91D4B4A
:1090C800B0FBF3F3079308AB002513E9030003ABE8
:1090D8008DE803000ECB206800F064F94FF40071AE
:1090E800206808F00EFD30B1236801250F4A9A6305
:1090F800636B034363630123284684F8303009B067
:1091080030BD5A00B0FBF2F28A42D7E70A491BB9D0
:10911800884288BF1346D5E75D00B0FBF5F0F7E756
:10912800636B43F00063636385E700BFFF0FE01FD5
:1091380080F0FA0200E1F50540787D01F7B5036893
:109148000446C56A5A6B170420D52E071ED5836AB4
:109158001F2B19D9466A351D06F1240720680435E6
:1091680008F0A1FC05F8080C030A05F8073C030CF5
:10917800000E05F8063C05F8050CBD42EED1A36AC1
:109188002036203B6662A36203B0F0BD5A6BD0055F
:109198005BD54FF480729A632268D36B23F4414302
:1091A80023F03A03D3632268D36B23F08053D3634D
:1091B8002268D36823F04003D36015F0080320D059
:1091C80015F0220F09D0206800F0D4F928B1636B9C
:1091D80003432046636307F032FE2368A907704AF9
:1091E8009A634FF0010384F830304FF00003E362D4
:1091F80003D0204607F021FEC6E7204607F018FEF8
:10920800C2E72A06C0D5226815F0220F93622268A9
:10921800D3622268136509D0206800F0ABF928B141
:10922800636B03432046636307F009FE012315F0CF
:10923800300F84F830304FF00003E36202D020464C
:1092480007F0F6FDAF079FD0D3E75A6B560427D532
:10925800280725D5236A1F2B96D9E669351D06F1FF
:10926800240715F8043C043501A92068019315F872
:10927800072C43EA0223019315F8062C43EA02431C
:10928800019315F8052C43EA0263019308F00EFCDC
:10929800BD42E6D1236A2036203BE661236273E7AC
:1092A8005A6B12F03A0F5A6B5ED0910703D5626B76
:1092B80042F0020262635A6B120703D5626B42F0F6
:1092C800080262635A6B970603D5626B42F020026C
:1092D80062635A6BD60603D5626B42F01002626372
:1092E8002F4A9A632268D36B23F49D73D363226851
:1092F800D36823F04003D3602268D36A43F4005351
:10930800D3622268D36843F08003D360206800F0FA
:1093180031F9636B226815F0080143EA00036363BF
:10932800D36823F08003D3604FF4006223689A6304
:1093380008D0012384F830300023E362204607F088
:109348007EFD21E728067FF51FAF636B002B3FF4F6
:109358001BAF2268D36B23F08053D363236819654E
:10936800012384F83030E9E7D2007FF50DAF4FF0E4
:10937800805205F0200520469A6323681B6D5B0721
:1093880006D415B108F08EFBFEE608F089FBFBE673
:1093980015B108F086FBF7E608F081FBF4E600BF9C
:1093A8003A0F001884B010B503AC84E80E00039B94
:1093B80041681343059A1343069A1343079A1343C4
:1093C800044A0A40134343600020BDE8104004B03B
:1093D800704700BF002CC0FF0B6810B58360C468DD
:1093E800D1E901321343CA6813430A691343034A94
:1093F80022401343C360002010BD00BFC0E0FEFF41
:1094080010B5002386B0044601A9CDE90133CDE9A2
:1094180003334FF480530593FFF7DEFF0A4B4FF4F5
:10942800FA521B68B3FBF2F341F28832534343B15B
:10943800626B013B1206FAD5044B0020A36306B009
:1094480010BD4FF00040FAE750060024C500200088
:109458000346444810B54FF4FA540068B0FBF4F0E2
:10946800414C4243002A48D0586B204207D0800420
:1094780005D45A6B540704D50420986310BD013AEB
:10948800F0E75A6BD00703D501229A630120F5E76C
:10949800364A9A631A69D2B29142F7D15B69344865
:1094A80018400028EAD0002B2ADB5A002BD49C0055
:1094B8002BD4D9002BD41A012CD45C012DD4D9017A
:1094C8002ED41A022FD45C0230D4990231D4DA0295
:1094D80032D45C0333D4990334D4DA0335D41C046E
:1094E80036D4590437D49A0438D413F0080F0CBF73
:1094F8004FF480304FF40000C0E74FF00040BDE764
:109508004FF00070BAE74020B8E78020B6E74FF484
:109518008070B3E74FF40070B0E74FF48060ADE7B8
:109528004FF40060AAE74FF48050A7E74FF40050CB
:10953800A4E74FF48040A1E74FF400409EE74FF4C2
:1095480000309BE74FF4802098E74FF4002095E720
:109558004FF4801092E74FF400108FE74FF480002B
:109568008CE700BF5006002445002000C5002000FD
:1095780008E0FFFD30B5002387B00C254FF480725A
:10958800044601A9CDE90323CDE901354FF4805301
:109598000593C36843F08003C360C36823F04003A6
:1095A800C360FFF719FF074A29462046FFF750FF17
:1095B800E368B0F1007F23F0800308BF0020E36078
:1095C80007B030BD00E1F505114B4FF4FA510246E2
:1095D8001B68B3FBF1F341F288314B43ABB1516BDC
:1095E80011F0450F07D0890405D4536B5B0704D5E8
:1095F800042090637047013BF0E7506B10F00100C6
:1096080014BF0123034B936370474FF0004070472A
:1096180050060024C50020000F4B4FF4FA510246B3
:109628001B68B3FBF1F341F288314B438BB1516BAB
:1096380011F0450F08D0890406D4506B10F00400CF
:1096480004D0042090637047013BEFE7034B93631A
:1096580070474FF00040704750060024C5002000B6
:1096680003461E4810B54FF4FA540068B0FBF4F0F6
:1096780041F28834604358B35C6B14F0450F07D04F
:10968800A40405D4586B440704D50420986310BD7E
:109698000138F0E7586BC00703D501229A6301200F
:1096A800F5E71869C0B28142F9D10D4999635B6940
:1096B80013F4604002D11B0C1380E8E75A040AD463
:1096C80013F4004F0CBF4FF480304FF48050DEE7A6
:1096D8004FF00040DBE74FF40050D8E75006002475
:1096E800C5002000134B4FF4FA5102461B68B3FB28
:1096F800F1F341F288314B43CBB1516B11F0450F77
:1097080007D0880405D4536B590704D50420906307
:109718007047013BF0E7506B10F0010002D00123C5
:1097280093637047536B5B0603D54023F8E74FF00C
:109738000040704750060024022A4AD1274B284A85
:109748000B44934239D9274B274A0B44934236D9C5
:10975800A1F57403254AA3F51053934231D9A1F119
:109768008373234AA3F5E74393422CD3214B224A20
:109778000B44934229D9214B214A0B44934226D3C7
:10978800204B214A0B44934223D3A1F1B7731F4ABC
:10979800A3F5585393421ED31D4B1E4A0B449342C4
:1097A8002CBF06230723C26822F47052C260C26825
:1097B80042EA8323C360002070470F23F3E70E2398
:1097C800F1E70D23EFE70C23EDE70B23EBE70A2383
:1097D800E9E70923E7E70823E5E700BF405327FF48
:1097E800FF340C00401E1BFF3F420F007F4F12004A
:1097F80020D6130060B6E5FE5FE3160000D3CEFE68
:1098080040771B00C05BB3FEC09121002075380073
:10981800E05459FEE09C410084B02DE9F843044629
:1098280009A880E80E0000239DF824609DF82E50BA
:10983800194603F14002013304EB82020F2B5160F9
:10984800F7D104F50067002D6CD17B6843F0020363
:109858007B60A36B23F40013A363236843F04003E6
:109868002360236843F0800323600023C4F8003E8C
:109878009DF82930012B5CD19DF82710002956D17D
:1098880020464FF67F3808F018FC1021204608F0D3
:10989800D0FB0146204608F0EFFB0843002304F5FF
:1098A8001062C0B24FF0904C19464FF0006E00386D
:1098B8003B617B6118BF0120FB619E423BD80022BF
:1098C80004F530634FF0904C4FF0006E11464FF6A0
:1098D8007F38964242D83B6923F480733B6100236A
:1098E800A3616FF0804363619DF826301BB9A369BB
:1098F80043F01003A361A269224B1343A3619DF8AF
:109908002A301BB1A36943F00803A361012D05D1D7
:10991800A36943F0804343F00403A361BDE8F8431F
:1099280004B07047A36B43F40013A3639DE7194683
:10993800A6E70321A4E7D2F80090B9F1000F0BDAEB
:109948003BB9C2F800E011610133C2F80880203247
:10995800B3E7C2F800C0F6E71160F4E7D3F8009067
:10996800B9F1000F0BDA3AB9C3F800E01961013216
:10997800C3F808802033ACE7C3F800C0F6E71960E5
:10998800F4E700BF00383C8030B54A780B78012AEC
:1099980000EB431300F5006029D1D3F80029002A11
:1099A8000BDAD3F8002942F00062C3F80029D3F893
:1099B800002942F08042C3F800290A780124C56BC7
:1099C80002F00F0204FA02F225EA0202C2630978E1
:1099D800C26901F00F018C4022EA0402C261184AF0
:1099E800D3F800190A40C3F80029002030BDD3F885
:1099F800002B002A0BDAD3F8002B42F00062C3F8E0
:109A0800002BD3F8002B42F08042C3F8002B0A78D1
:109A18000124C56B02F00F0204FA02F225EA0242A1
:109A2800C2630978C26901F00F018C4022EA04423E
:109A3800C261044AD3F8001B0A40C3F8002BD4E7DC
:109A4800007833EC0078F3EFF7B54B7891F800C065
:109A5800012B6D4D00EB4C146C4E40F089800F6962
:109A680004F510633FBB1F693D401D611D6945F446
:109A780000251D611D693540012A1D614DD1CA6946
:109A880002B15A610B79012B0CD1D0F8083813F4C4
:109A9800807FD4F800390CBF43F0005343F0805363
:109AA800C4F80039D4F8003943F00443C4F8003945
:109AB800002003B0F0BD1F693E401E611E6935409D
:109AC8001D610D698E68BCF1000F0CD1B54288BFCD
:109AD8000E611D6945F400251D610D691E69C5F3F8
:109AE80012053543C8E73544494FD3F810C0013D46
:109AF800B5FBF6F5AEB207EAC54545EA0C051D61AA
:109B08000D79012DE9D11D6925F0C0451D61750745
:109B18001F6905F0C0453D43DEE7D4F8003943F03E
:109B28000443C4F800390B79012B0DD00B69002BC5
:109B3800BED00A780123D0F8344802F00F029340CF
:109B48002343C0F83438B3E7D0F8083813F4807FDB
:109B5800D4F800390CBF43F0005343F08053C4F8E5
:109B6800003900920B8A0A78C96808F0CBFB9FE796
:109B7800D4F8107B04F530633E401E611E69354001
:109B88001D610E698D68BCF1000F27D106B10D610A
:109B98000D621E69C5F3120535431D611D6945F443
:109BA8000025012A1D6102D1CA6802B15A610B79E8
:109BB800012B0CD1D0F8083813F4807FD4F8003B7F
:109BC8000CBF43F0005343F08053C4F8003BD4F873
:109BD800003B43F00443C4F8003B69E7002ED8D0AB
:109BE8002E44013EB6FBF5F6B6B275430D62084D3C
:109BF8001F6905EAC6453D431D610D6A1E69C5F327
:109C080012053543CDE700BFFFFF07E00000F8FF6E
:109C18000000F81F30B5114C00F53063056CA54203
:109C280003D9D0F8004B002C16DB002401291C6155
:109C38001C6944F400241C611C6944F018041C616C
:109C48001C6944F0C0441C6106D15A61D0F8003B3D
:109C580043F08023C0F8003B002030BD0A30544F49
:109C6800002852D02B4A936903F44043B3F5404F80
:109C78001FD1294B294A0344934242D9284B294AE8
:109C8800034493423FD9284B98423ED800232749A2
:109C98000A6822F00F021A430A600A6802F00F02EB
:109CA800934234D0086800F00F00C01A18BF012092
:109CB8007047936903F44043B3F5004F0ED11C4A33
:109CC8001C4B02449A421AD91B4A02449A4218D998
:109CD8001A4A02449A4216D90133D5E7184A194B51
:109CE80002449A4209D9184A02449A4207D9174AA3
:109CF80002449A4205D9164AEBE70423C7E703232F
:109D0800C5E70223C3E70123C1E70120704700200C
:109D1800704700BF00480258FFC4A7F7FFE0F505E9
:109D28007FE2D3FB7F1D2C04801D2C0400200052F1
:109D3800BF4C2AF6BF3B47037F8871F93FC4B8FC84
:109D4800FF6A45F53FA5AE023F10F4F77FB5A2FACA
:109D5800BF5A51FD70B5036813B31C4614F8012BA4
:109D68001F2A23D93A2AF9D11A78A2F130010929F0
:109D780002D8991C8C4216D00E4D15F8012B13F8F9
:109D8800011BA2F16106192EA1F161069CBF203AC0
:109D9800D2B2192E9CBF2039C9B24AB19142ECD037
:109DA8004FF0FF3003E0302AFAD10460002070BD84
:109DB8009C42F9E75A6C010838B500230446037140
:109DC8004FF0FF33036208F0CDFC00283FD194F830
:109DD8004030B4F83E52EB2B03D01833DBB2012BE2
:109DE8002ED84AF655239D4206D108221A4904F175
:109DF80092000AF0CFF948B3B4F84B30B3F5007FBE
:109E08001ED194F84D30DBB15A1E1A4218D1B4F85D
:109E18004E30ABB194F85030013B012B10D8B4F858
:109E280051306BB1B4F853307F2B06D804F1600081
:109E380008F03EFBB0F5803F02D3B4F8563043B982
:109E48004AF65520854214BF0320022038BD04205D
:109E5800FCE70020FAE700BFB76F01080023F0B560
:109E680085B00B600E461546FFF774FF013000F011
:109E78000A81884B1C68002C00F00781346005F0CB
:109E8800FE05237863B1607801F074F8C30707D43E
:109E98000DB1470702D4002005B0F0BD0A20FBE74A
:109EA80000236078237009F06DFCC60700F1EF808D
:109EB8000DB14107F2D400212046FFF77DFF0228AB
:109EC80040F0C98004F206236E4604F246216A4631
:109ED8001846103308F0ECFA42F8040B8B42F7D11D
:109EE800002556F8041B002900F0AC802046FFF737
:109EF80063FF012800F2A780B4F84B30B3F5007F68
:109F080040F0AE80B4F8566026B904F1640008F059
:109F1800CFFA064694F85030216A5A1EE661E3707B
:109F2800012A00F29D8094F84D506581002D00F0C3
:109F380097806A1E2A4240F09380B4F851703A071D
:109F4800278140F08D80B4F8530018B904F16000FF
:109F580008F0AEFAB4F84E20002A00F0818006FB23
:109F680003FE02EB171CF444604579D3A0EB0C0008
:109F7800A842B0FBF5F373D34748834270D84FF635
:109F8800F57083426ED840F6F575AB428CBF02255A
:109F9800012502330A4401EB0C00032DA361616221
:109FA800A262206360D1B4F86A203A4358D19B007A
:109FB80004F16C0008F07CFA03F2FF13E062B6EBE0
:109FC800532F4DD34FF0FF33032DC4E904334FF023
:109FD800800363712CD1B4F87030012B28D1013182
:109FE800204608F0BFFB18BB2C4B607104F1400001
:109FF80008F05EFA98421BD103F1FF5304F509708B
:10A0080008F056FA03F500532033984210D1244B38
:10A0180004F50F7008F04CFA984209D104F50A705B
:10A0280008F046FA606104F50B7008F041FA206107
:10A038001C4A2570138801339BB21380E3801A4BA6
:10A04800E36028E703200135042D7FF44AAF042894
:10A0580006D1012020E70428FBD001287FF64CAF69
:10A068000D2019E7032594E7002FF9D0022D02EB04
:10A078000E004FEA43021BBFD21803F00103134638
:10A0880003EB520398E70B2006E70C2004E70320B4
:10A0980002E700BF5C280024F5FFFF0F5252614120
:10A0A800000055AADC2C0024DC2A00242DE9F84302
:10A0B800FF268046076804243546D8F8181019B9D1
:10A0C800002C69D0042453E0384608F04BFB0446C2
:10A0D80000284DD1D8F81C000378002BF2D0C27AA2
:10A0E800E52B02F03F0288F8062047D02E2B45D0FA
:10A0F80022F02001082941D00F2A44D159063BD526
:10A1080003F0BF05D8F81030467BC8F82C30437BE5
:10A11800B34233D1428B8ABB03780D21D7F80CC0E8
:10A128004FF6FF7923F04003DFF874E0013B4B431F
:10A1380001211EF8014B045B11B3FF2B1ED82CF82C
:10A1480013402146013301320D2AF2D1027852061A
:10A1580005D521B1FF2B11D800222CF81320013D81
:10A16800EDB20021404608F0C2FC04460028A4D005
:10A178000023C8F818300FE0AB42C8D0FF25F0E73D
:10A188004C45E0D0FAE71DB908F0A7F9B04203D072
:10A198004FF0FF33C8F82C302046BDE8F88300BFE5
:10A1A800FF7101082DE9F04F002187B00446D0F86F
:10A1B80000A008F0F1FC0546002840F08C804FF024
:10A1C800FF084FF0FF3904F12003C346C4F82C9070
:10A1D8000293A169504608F0C5FA054600287AD1CD
:10A1E800E6693778002F7AD0F27AE52F02F03F033C
:10A1F800A37103D010075AD50F2B04D0C4F82C90A4
:10A208004FF0FF0B40E094F82B3059063CD47A0607
:10A2180042D5236907F0BF07E36296F80D80738B78
:10A22800002BEDD135780D23DAF80CB0012105F0BB
:10A238003F05013D5D432B4B13F8012BB25A002912
:10A2480030D0FF2D0593DBD81046049200F014FFA0
:10A258006B1C03903BF81500019300F00DFF039968
:10A268008142CDD1049A019D1146059B1E4A9A420E
:10A27800E2D133785B0604D519B13BF81530002BD1
:10A28800BED1013F5FFA87FB0021204608F02FFC72
:10A29800054600289DD01EE0BB45B1D1737B4345E0
:10A2A800AED1BCE74FF6FF708242DFD0A8E7BBF122
:10A2B800000F04D1304608F010F940450BD094F84F
:10A2C8002B5015F0010599D10B220299304609F05F
:10A2D80061FF002892D1284607B0BDE8F08F042519
:10A2E800F9E700BFFF7101080C7201082DE9F04F72
:10A2F800064685B0036801938A4611F8013B2F2B67
:10A30800FAD05C2BF8D00023B3609AF800301F2BEA
:10A3180000F2B68080230021304686F82B3005B045
:10A32800BDE8F04F08F038BC2F2800F02B815C28DE
:10A3380000F028817F2806D80146994809F03AFF9D
:10A34800002840F0E780FF2F00F0E4802BF817404A
:10A35800013799E033F8022D202A02D02E2A40F046
:10A36800A580013F9FE0994580F0DB80BA4212D179
:10A378000B2B07D1D8E0BA4204D044F00304E4B26E
:10A3880000F2D6804FEA88083A460B234FF00809B6
:10A398005FFA88F8BCE07F2D3ED944F002012846D8
:10A3A800CDE90223CBB240F2B511009300F032FEA2
:10A3B80010F0800F0546DDE9022314D000F07F0578
:10A3C80078494D5D45B129467748CDE9022309F022
:10A3D800F1FEDDE9022308B300995F2541F003018E
:10A3E800C9B2009110E0FF28ECD9591E894504D361
:10A3F80044F003049946E4B28AE006EB0901000A36
:10A4080009F1010981F8200006EB0901009C09F116
:10A41800010981F820507BE00094D4E7A5F14101BF
:10A4280089B2192902D848F00208EDE7A5F16101BF
:10A4380089B219299EBF203D48F00108ADB2E3E773
:10A44800A10700F18E8008F0010318F0040F44EA18
:10A458000313DCB218BF44F0080482E0620700F17D
:10A468008E80B379DB0657D5019B03F14001336930
:10A47800C3F308031944019B187808F02AFAB0605E
:10A4880033680027D3F80CB01AF8010B40B140F23A
:10A49800B51100F0DDFD0446E0B31F283FF644AFD8
:10A4A80004240BEB4703002F7FF454AF4FF0000256
:10A4B8000BEB47032BF8172067B300223BF8120079
:10A4C800114601322028F9D009B92E2802D144F0CA
:10A4D8000304E4B233F8022D2E2A01D0013FF9D14A
:10A4E8004FF020334FF000097362C8463362C6F854
:10A4F800273008233BF811504A1CCDB1202D04D039
:10A508002E2D7FF430AFBA4208D044F00304E4B2F1
:10A518001146EFE7062032E0052030E09945FFF4C8
:10A5280027AF0B2B7FF427AF44F003040B23E4B2CF
:10A5380096F82020E52A04BF052286F82020082B5B
:10A5480004BF4FEA88085FFA88F808F00C030C2B60
:10A5580004D008F00303032B7FF472AF44F0020425
:10A56800E4B2304686F82B40FFF71CFE00283FF483
:10A5780075AF042803D114F0040F08BF052005B0F7
:10A58800BDE8F08F53461C789A4601332F2CFAD039
:10A598005C2CF8D01F2C8CBF00240124A40080E779
:10A5A800906F01087F710108996F01082DE9F04F3C
:10A5B80090F82B3089B0044613F0A00840F0B08022
:10A5C8000768F96831F818204ABB04F120060DF134
:10A5D800140A96E807008AE80700DA0740F1A7801E
:10A5E80040224FF0010B964D84F82B20B446D7F843
:10A5F8000CE0BBF1050F9AE80700ACE803002CF863
:10A60800022B4FEA12428CF800200BD9AEF102005F
:10A618005A4630F8021F002950D192B204E008F1DE
:10A628000108CFE71FFA8BF2D446072102F00F0E7C
:10A63800914612090EF13000392888BF0EF1370013
:10A6480001390CF8010D02D0B9F10F0FEED801F164
:10A6580020027E206A4402F8140C04F11F00002234
:10A668008A4206D010F801CF02F1010EBCF1200F8A
:10A6780033D11F3204F1270C2244072997BF01F177
:10A68800200020200131684498BF10F8140C02F80B
:10A69800010F9445F1D120460193FFF783FD019BFB
:10A6A800814600283FD10BF1010BBBF1640F9DD10E
:10A6B8004FF00709484609B0BDE8F08F4FF0100C7D
:10A6C80001F0010E49080EEB420212F4803F18BF58
:10A6D8006A40BCF1010CF3D19BE77246C0E78046A3
:10A6E8000121204608F003FA8146002834D00428C6
:10A6F800DED0DFE701462022E06909F043FDE36987
:10A7080003CE18605960B27831889A72198194F82A
:10A718002B30E26903F01803137301233B71C9E777
:10A728004FF00609C6E70428C4D184F82B309B07EC
:10A738004FF000012046D4F800A045BF08F10C05F1
:10A748000D230125B5FBF3F548BF013508F024FAC0
:10A7580081460028AED18046A169504608F002F82B
:10A76800002869D1E3691B78E52B01D0002BB6D10D
:10A7780008F101084545B3D1013D55D0216920466E
:10A78800A1EB451108F008FA8146002892D14FF64E
:10A79800FF78304607F0A1FE0190A169384607F01E
:10A7A800E1FF8146002885D1E369E9B2019A4FF0BB
:10A7B8000D0CD7F80CE05A734FF00F02DFF884A0A5
:10A7C800DA724A1E18730CFB02F284469876D87621
:10A7D80040451AF8019B0CF1010C18BF3EF8120015
:10A7E80003EB090B18BF013203F809004FEA1029DF
:10A7F800002808BF4046BCF10D0F8BF80190E7D147
:10A80800404502D03EF812200AB941F040011970C3
:10A818000123002120463B7108F069F98146002890
:10A828007FF448AF013DB8D1A169384607F09AFFD7
:10A83800814600283FF45EAF4FF001093AE700BFB8
:10A8480021100100FF7101081FB5CDE9001003A810
:10A8580014460391FFF77EFA013014D00B4B1A68A7
:10A8680012B1002119601170019A12B100211A6009
:10A8780011802CB1002201A96846FFF7EFFA0446BF
:10A88800204604B010BD0B24FAE700BF5C28002462
:10A898002DE9F04F91B00D469346099009A806930B
:10A8A800FFF758FA013000F0B582A94B1B680BB1CD
:10A8B80000221A70002008F065FFC20700F1AC8280
:10A8C800430700F1AB82A34B002D08BF1D46686803
:10A8D8000B9018B90BAA032100F06AFB0B9A531EC0
:10A8E800B3F5004F01D21A4201D001230B936B78C4
:10A8F800D5F808900193013B012B019B88BF0123E8
:10A90800019309F1FF33B3F5004F2BD219F00F0F64
:10A9180018BF4FF40079EC68B4F1807F25D8631E26
:10A92800234218BF0024069BB3F5007FC0F078824D
:10A93800BBF1000F00F0748200200CAA01212D78D1
:10A948000C9000F035FB002840F00B8315F008034D
:10A9580005930CD10C9B3F2B75D93F3B0C933F23A0
:10A96800029305E04FF40079D5E70024DBE7029075
:10A97800DDF83080B8F17F0F63D9B4F5813F05F079
:10A98800010334BF640A802415F0020207925CD0E8
:10A99800C3F10303DBB24FEA4912032B08920B9A67
:10A9A80002F1FF3CC2F1000E7BD1002C53D14FEADB
:10A9B8005840694B012433F8022B12B182424CD91A
:10A9C8000022B8FBF4F39800A3F57F4300F20720B8
:10A9D800F63B400A03906148834232D800234FF087
:10A9E800200A03250493029B032D01980AEB030612
:10A9F800039B00FB0360049B184400EB0C0303EA71
:10AA08000E03A3EB00032CD19A441E44029BC3EB14
:10AA180004130344984514D3049B032D0199A8EB10
:10AA28000307039BA7EB0A0701FB1377B7FBF4F7B0
:10AA380029D14FF6F5739F4200F20E820AB9012C14
:10AA480008D80E208EE2059B8AE7002B00F0EA81E9
:10AA58000223A0E764082246B3E76400ABE75B0083
:10AA680026E0019F0199B3FBF7F701FB17371FB1E8
:10AA7800013B0AF1010A01360199039FB3FBF1F387
:10AA88001F440397C2E7022D40F0E0814FF6F573AB
:10AA98009F422ED9002A40F0C7816400402C00F262
:10AAA800C981002C40F0CD814FEA18352C4801238C
:10AAB80030F8022B0AB1AA42D1D9B8FBF3F240F61A
:10AAC800F5704FF0010A824293BF02EB4202023254
:10AAD8000225012597BF013252005208033202F2C3
:10AAE800FF12520A0392089A520A049222461C46FE
:10AAF80079E740F6F5739F4200F2AE81002AA0D1B3
:10AB08006400802CCDD99CE741460BF1200007F06A
:10AB1800D1FCD7E10BF127000BF12B0207F0CAFC9F
:10AB2800039B8BF81630C3F307238BF81730802369
:10AB38008BF8243029238BF826300A4B03F11001B7
:10AB480053F8040B8B4242F8040BF9D1F3E100BF30
:10AB58005C280024D04E01082E4F0108FFFFFE0F8D
:10AB6800204F0108C06F0108032D39D1029A012333
:10AB78005946063200F012FA4FF400724146584620
:10AB880009F000FB5223412272218BF800300BF5AB
:10AB9800F4708BF8013061238BF803208BF80230B6
:10ABA8008BF8E4118BF8E511791E8BF8E6218BF808
:10ABB800E73107F07FFC0223029A59468BF8EC3103
:10ABC8004046012307328BF8FEA18BF8FF9100F075
:10ABD800E5F90123029A594640461A4400F0DEF985
:10ABE800069B002158464FF0000A1A464FEA53299F
:10ABF8006FF3080209F0C6FA012D934B18BF6FF0E6
:10AC080007030293032D40F0DA80F8238BF8003015
:10AC1800FF238BF801308BF802308BF803308BF868
:10AC280004308BF805308BF806308BF807308BF83A
:10AC380008308BF809308BF80A300F238BF80B306B
:10AC4800039F4F45B8465946324628BFC84600209C
:10AC5800434600F0A3F90146002840F082814FF4F2
:10AC68000072584609F08EFAB7EB08074644E8D157
:10AC78000AF10103019A4FF0010A9A42C2D8049BD3
:10AC8800032D08BF23460493049C324659460020EE
:10AC98004C4528BF4C46234600F080F9002840F078
:10ACA8006081049B26441B1B0493EDD1032D00F007
:10ACB8008B800C9BB3F5803F80F08980022D14BFF8
:10ACC8004FF001094FF00409059B002B40F09980D3
:10ACD8000C9B0DAA01210E93059B18460F9300F0BB
:10ACE80067F9002840F03D810D9F052308244FF6A1
:10ACF8003E42B7FBF4F191426CD84FF40072002148
:10AD080058460DF1380A09F03DFA3F260BF5FB735A
:10AD18000BF5E3720193B74264D9DAF80050642D59
:10AD280005D817BF64213D46B7FBF1F14D4315EB3C
:10AD380006082CBF01210021474501D300294FD027
:10AD4800BD1BB8463146104607F0B4FB2946101D16
:10AD580007F0B0FB3F2302F8049CB6FBF3F1B1FB0C
:10AD6800F4F004FB1015C1EB811102F8050C711AFF
:10AD780002F8075C8508013125F03F05294302F8F0
:10AD8800061C08F1FF31B1FBF3F5B5FBF4F004FB49
:10AD98001056C5EB851502F8010C491B850802F809
:10ADA800036C013125F03F05294302F8021C019983
:10ADB800914217D00AF1040A10324646ABE70299CD
:10ADC800584607F077FB3BE74FF00C097CE74FF05C
:10ADD800060979E76400013BE4B28AD1FF248CE7D5
:10ADE800002DAFD15523002259468BF8FE31AA23F6
:10ADF80010468BF8FF31012300F0D0F8002840F00E
:10AE0800B08000221146104600F0D2F8003818BF72
:10AE18000120A7E00B20A5E00320A3E00A20A1E081
:10AE280011209FE013209DE0079B002B3FF409AE03
:10AE38001446C6E5079B002B7FF4B9AD802C3FF67E
:10AE480000AE234639E600BFF8FFFF0040F6F57371
:10AE58009F423FF6F6AD01254FF400720021584697
:10AE680009F090F9414B032D8BF80EA01A68CAF32C
:10AE7800072A08BF4FF00009B8F5803FCBF800203B
:10AE88005A688BF81190C9F30729CBF804201A895E
:10AE98009B7AABF808208BF80A304FF002038BF846
:10AEA8000D408BF80C30019B8BF80FA08BF81030FD
:10AEB8008BF81290BFF428AEC8F307238BF81380E1
:10AEC8008BF81430F82308F1B44802990BF11C00F0
:10AED8008BF815303F2308F504188BF81830FF233A
:10AEE8008BF81A3007F0E6FA032D41467FF412AECC
:10AEF8000BF143000BF1470207F0DCFA03990BF161
:10AF0800240007F0D7FA02238BF82C3001238BF8A2
:10AF1800303006238BF8323080238BF840302923D9
:10AF28008BF84230124B03F1100153F8040B8B429B
:10AF380042F8040BF9D119884FF0550A9B784FF065
:10AF4800AA0911800020937059460123029A8BF8B0
:10AF5800FEA18BF8FF9100F021F8804600283FF40D
:10AF680003AE012011B0BDE8F08F00BFA06F01084B
:10AF7800AC6F010808B5034804F06DF8003818BF35
:10AF8800012008BD5A6C010808B5034804F071F89F
:10AF9800003818BF012008BD5A6C010808B50348DD
:10AFA80004F07EF8003818BF012008BD5A6C01086B
:10AFB800002313B514460193052925D8DFE801F0CD
:10AFC800030B0D1B241D05211148F6F7F3FE00386D
:10AFD80018BF01200CE00121F6E701AA02210C4864
:10AFE800F6F7E8FE90B9019BB3F5803F0ED22380B7
:10AFF800C0B202B010BD0421E6E712780AB90721F1
:10B00800E2E700220621DFE70420F1E70120EFE76D
:10B018005A6C01087F2801D880B27047B0F5803F8C
:10B0280011D240F2B51399420DD1084A002332F8E3
:10B03800021B814201D19BB202E00133802BF6D181
:10B048008033D8B270470020704700BFEA5101082A
:10B058007F280DD940F2B513994208D1FF2806D8A8
:10B0680000F10040034B803833F81000704700208F
:10B07800704700BFEA510108B0F5803FF0B522D211
:10B0880083B21F4A1F49B3F5805F38BF0A46141DB3
:10B0980034F8042C2146AAB1934213D334F8025C45
:10B0A8002E0AEFB252FA85F5A84223DA082E09D8FB
:10B0B800DFE806F0050A10131517191B1D00801A82
:10B0C80034F810301846F0BD9A1A02F001029A1AA4
:10B0D80093B2F7E7103B9BB2F4E7203BFBE7303B2A
:10B0E800F9E71A3BF7E70833F5E7503BF3E7A3F531
:10B0F800E353F0E70434002ECAD101EB4702C6E758
:10B108003C4F0108F84F01082DE9F843044600AF09
:10B118000D46EFF31188102383F31288BFF36F8F66
:10B1280004282A4AE9468AB098BF294B9668117CB8
:10B138006A4694BF53F82030264BCDE9073140F2D8
:10B1480001332548ADF82430244BCDE9050442F8F5
:10B15800103F00234FF431512148F6F761FBCD46EB
:10B1680045B1EB69C3F3080323B11E4A01211C480A
:10B1780003F09EFE2EB1304608F0B0FD08B103780A
:10B1880003B91948E9468AB06A46184B0790CDE9D1
:10B19800053640F20133ADF82030154B42F8103F28
:10B1A80000234FF411510E48F6F73AFB2946204682
:10B1B800CD46F5F741FD88F31188BFF36F8F304610
:10B1C800F7F7C4FABD46BDE8F88300BF602800243D
:10B1D800E04E0108D46F0108EA6F0108050000017C
:10B1E800B448010812700108E26F010833700108C1
:10B1F8000400000138B50A4B53F82040013053F8D9
:10B208002050A54200D838BD606830B1037EDB0706
:10B2180001D408F0D2FA0834F3E723689847FAE72C
:10B22800F44E010870B5314B0122314C86B0314DD6
:10B238001A70AC421FD3304C0320304DFFF7DAFFB1
:10B24800AC421CD12E4C04202E4DFFF7D3FF2646CE
:10B258003034AE4219D32A4C01F056F9AC4230D3FF
:10B2680001F066F9F5F748F9274A938923F00103B5
:10B27800938106B070BD54F8043B9847D9E754F859
:10B28800043B002BDED09847DAE754F80C3C0593D2
:10B2980054F8103C049354F8143C039354F8183CA5
:10B2A800029354F81C3C019354F8203C009354E951
:10B2B8000A2354E90C0100F07BFD54F8303C5E652C
:10B2C800C5E7D4E90A23B3F1FF3F08BFB2F1FF3F56
:10B2D80005D052EA0301206803D100F0D1FD3034D3
:10B2E800BCE70A49183001F081F9F8E7E32C00249B
:10B2F80020470108244701084C4801084C48010828
:10B30800244701082447010800200024013E0108C1
:10B3180070B5E823144E86B0012203FB0066134B78
:10B32800134D044605930F231249CDE90332002338
:10B338004FF4A072CDE90133182302FB001103FB7F
:10B3480000550D4B3046009500F032FD337C2C74CF
:10B35800013423F00403EE603374084B03EBC42379
:10B368006B6006B070BD00BF181F002495700108FF
:10B3780060280024004A00248F3901080042002474
:10B388007FB50020FFF736FF2A4B83F308882A4C45
:10B39800F0232A4D84F822300023E377237663765E
:10B3A800A37684F82030636A43F4E0236362F7F7F6
:10B3B80083F8F7F7B5F94FF0FF33A362E362204C47
:10B3C800F6F7E2F81F4800F04DFDF5F789FFAC42AB
:10B3D8002BD301201C4CFFF70DFF0220FFF70AFFBB
:10B3E800002501F07FF8194B012219499C6120467C
:10B3F800184B009505930323CDE90155CDE9033298
:10B408004FF40052144B00F0D3FC237C0646204630
:10B4180023F00403237408F0B7FC2846FFF778FFED
:10B428000D4A31462046F7F751F954F8043B98473E
:10B43800CDE700BF004A002400ED00E020470108E6
:10B448001C470108E820002400200024602800246C
:10B45800404B0024CF5501082DB2000838B5064CE2
:10B46800064DAC4201D3002038BDD4E90112204674
:10B47800183408F007FAF4E7040800241C0800242C
:10B4880030B585B0044BDDE908450293CDE90045A8
:10B4980008F0B6F905B030BDA9E0000838B5064C8B
:10B4A800064DAC4200D338BD204608F012FA0028F9
:10B4B800F9D12034F5E700BFA407002404080024CC
:10B4C80073B50C46EFF31181102585F31288BFF38D
:10B4D8006F8F05695DB125602B680361C36901330E
:10B4E800C361002081F31188BFF36F8F11E052EA26
:10B4F800030603D16FF00B002560F3E7CDE90023C5
:10B508000246083000F0DCFE18B9034B9B685B6903
:10B51800236002B070BD00BF60280024F7B50E4656
:10B5280004469DF82010EFF31187102080F312884D
:10B53800BFF36F8F656A2069854245D22568AC42A2
:10B5480019D0C5B1284608F029FA05F1180001F00C
:10B55800DDF8E2683146686908F006FE00232846EF
:10B56800C5F89C3008F01FFC04F10800394608F0C3
:10B5780092FC002036E0E268D9B13146206A08F032
:10B58800F3FD236AE2681344A2699342236201D15E
:10B5980063692362636A102104F12800013363623E
:10B5A80008F05BFD0028DFD187F31188BFF36F8FA8
:10B5B80018E0E06931466369984208BFA069801ABB
:10B5C800E06108F0D1FDE5E752EA03010CD0084933
:10B5D80004F1080089684E613946CDE90023224606
:10B5E80000F06EFE03B0F0BD6FF02200DCE700BF94
:10B5F80060280024F7B504460846EFF311861021A9
:10B6080081F31288BFF36F8F616A00293BD0E2682B
:10B61800E16908F0A9FDE369E26825681344A269B5
:10B628009342E36104BF6369E361AC42636A03F177
:10B63800FF33636236D02846002D34D008F0AEF9C7
:10B6480005F1180001F062F86969E2680027206ACC
:10B6580008F08AFD236AE26828461344A2699342E7
:10B66800236204BF63692362636A01336362C5F8B6
:10B678009C7008F098FB04F10800314608F00BFCB8
:10B68800384603B0F0BD52EA030111D00A4989686F
:10B698004861314604F10800CDE90023224600F054
:10B6A8000FFEEEE7002086F31188BFF36F8FE8E7FF
:10B6B8006FF02200F7E700BF602800242DE9F3416E
:10B6C800044617461E46EFF31188102383F31288A9
:10B6D800BFF36F8F304BC2689B6872B18068984225
:10B6E80017D057EA060216D188F31188BFF36F8F77
:10B6F8006FF00F0002B0BDE8F08193F90E1001322F
:10B708002161C4E9023288F31188BFF36F8F0020EA
:10B71800F0E72169F3E793F90E1090F90E3099429A
:10B7280030DA9942A8BF194608F060F90546224662
:10B7380041461A48CDE9007600F0C2FD0028E6D05F
:10B74800EFF31186102383F31288BFF36F8FA0687D
:10B75800D0B1236821699C420AD04BB193F90E30CD
:10B768009942A8BF19466FF07F039942B8BF19469E
:10B7780008F03CF940B13146084808F08CFB6FF0FE
:10B788000A00B7E70025D2E7002DF4D186F3118827
:10B79800BFF36F8FF3E700BF60280024E42C002478
:10B7A800F8B583680546002B40D0234A9268934237
:10B7B8003FD1C368012B03D9013BC3600020F8BD0A
:10B7C800EFF31187102383F31288BFF36F8F01699A
:10B7D800806808F00BF92C68A54207D10023C5E959
:10B7E800023387F31188BFF36F8FE7E7002CF5D09A
:10B7F800002604F11800D4E9003213605A60237C53
:10B80800A66023F00203C4E90066237400F07EFFFB
:10B81800AC6094F90E3020462B61C4F89C6008F0A7
:10B82800C2FA3946054808F036FBC7E76FF015003D
:10B83800C5E74FF0FF30C2E760280024E42C00245D
:10B8480073B5EFF31185102181F31288BFF36F8F61
:10B858000468B4B12368426823F003039442036088
:10B8680008BF436023689B0704D06668204608F039
:10B8780013FC344685F31188BFF36F8F204602B05E
:10B8880070BD52EA0301F5D02946CDE9002300F145
:10B898000C02083000F014FD0028EFD1014B9B6822
:10B8A8005C69EBE76028002470B5EFF3118610237C
:10B8B80083F31288BFF36F8F0468A0421CD0DCB1F9
:10B8C800002504F11800D4E9003213605A60237C83
:10B8D800A56023F00203C4E90055237400F016FFA5
:10B8E8002046C4F89C50656108F05DFA31460B4863
:10B8F800BDE8704008F0CFBAD0E90232022110301A
:10B908009A4218BF013340F8083C08F0A6FB00280B
:10B91800ECD186F31188BFF36F8F70BDE52C00243E
:10B9280013B5EFF31181102484F31288BFF36F8FDE
:10B93800846844B1013C846081F31188BFF36F8F40
:10B94800002002B010BD52EA030406D181F3118829
:10B95800BFF36F8F6FF00F00F3E7CDE900230246C6
:10B96800014800F0ADFCECE7E52C0024F8B50546ED
:10B97800EFF31187102383F31288BFF36F8F00262C
:10B988002C68A5421AD0CCB1002604F11800D4E9DD
:10B99800003213605A60237CA66023F00203C4E9D6
:10B9A8000066237400F0B2FE6FF00A036661204659
:10B9B800C4F89C30012608F0F6F9E1E700230221DB
:10B9C80005F11000AB6008F048FB28B926B987F3E9
:10B9D8001188BFF36F8FF8BD39460248BDE8F840BB
:10B9E80008F059BAE52C00242DE9F04F044685B03B
:10B9F800624E4FF0FF3A4FF0FF3BEFF311871023F1
:10BA080083F31288BFF36F8FD4F8EC505DBB02212B
:10BA180004F5827008F0BCF800287FD004F1FC0916
:10BA2800D4F8FC504D4500F08680002D00F083804E
:10BA38004FF0000805F11800D5E9003213605A608C
:10BA48002B7CC5F8088023F00203C5E900882B7415
:10BA580000F05CFE01232846C5F81480C5F89C3028
:10BA680008F0A1F9DCE7D4F8F0202B689542C4F877
:10BA7800EC3008BFC4F8F030D4F8043143F00203C6
:10BA8800C4F80431EB6823F0040343F00103EB60CE
:10BA98006B6887F31188BFF36F8F28469847EFF3D9
:10BAA8001187102383F31288BFF36F8FEB68D806D2
:10BAB80023F001024AD4EA60EB689A0717D523F00D
:10BAC80002033068EB6090B10368002278B14168E6
:10BAD8008D4249D10368002A40D172683360904290
:10BAE80000D17360002340F8083BFFF7DDFED4F86F
:10BAF800043123F00203C4F80431DB053CD4D4F844
:10BB0800EC30003B18BF012387F31188BFF36F8F18
:10BB1800002B3FF472AF08F002F96EE7D4F8043155
:10BB2800D90608D5C4F8040187F31188BFF36F8FCD
:10BB380005B0BDE8F08F002304F1F402394610483F
:10BB48000293CDE900AB00F009FD56E723F011039D
:10BB5800EB6005F11000FFF7A7FEADE7136073680F
:10BB6800984208BF7260BDE702461BB119681846C3
:10BB78000B46ABE71946FAE70023C5E784290024FA
:10BB8800E62C0024F8B5C36804460E469A07C3F3AA
:10BB9800400541D45F0741D40B680BB983680B603B
:10BBA800E368D80745BFA3680225012533603768D5
:10BBB80057B31C4B9A68D7F8E8309A421ED108F060
:10BBC80087F880F00100C0B2D7F80431D907C3F371
:10BBD80080021CD5F2B1F8B100232360D7F8F03009
:10BBE80073B9C7E93B44384607F0FCFFE36843F004
:10BBF8000403E3603368A3602846F8BD0020E3E748
:10BC08001C60C7F8F040EEE76FF0150506E06FF02E
:10BC1800120503E01B07DFD56FF00F050023336023
:10BC2800EAE700BF602800240146014808F034B85C
:10BC3800D8210024F0B50446002089B0C4E93B00AF
:10BC480004F1F4000E9DC4E93D0004F1FC00C4E9D0
:10BC58003F0055B32879002840F2011008BF0120A1
:10BC6800C4F8040100204FF0FF364FF0FF3700946E
:10BC7800CDE90330CDE901000D4B2046CDE906673B
:10BC880000F022F955B1296811B1204600F07AF880
:10BC98006B791BB1A38943F00103A381204600F00F
:10BCA800EFF8C4F8E84009B0F0BD0120D8E700BFBC
:10BCB800F1B9000837B501900846EFF31184102157
:10BCC80081F31288BFF36F8FC16811F01E0F17D16F
:10BCD80053EA020508D101A9FFF754FF84F311883C
:10BCE800BFF36F8F03B030BD41F00801103040F84A
:10BCF800041C01998161034900F078FC0120EDE7FB
:10BD08000020EBE72D3C010801460148FFF7D2BFB0
:10BD1800D8210024F0B585B00C4617461D46019081
:10BD2800EFF31183102181F31288BFF36F8F03A9FA
:10BD38002046039307F037FF55EA0703039E09D10E
:10BD480001A92046FFF71EFF86F31188BFF36F8F06
:10BD580005B0F0BDE3683A46064904F1100043F027
:10BD68000803E360019BA3622B4600F03FFC01201F
:10BD7800EAE700BF2D3C010801460148FFF7CABFAA
:10BD8800D821002410B5044608B9084B9C6849B16D
:10BD98001F2204F1620008F02CFA002384F8813095
:10BDA800002010BD84F86210FAE700BF6028002464
:10BDB8002DE9F04F9A4685B000F158030732002765
:10BDC800884622F00706044687600021C77308EBFF
:10BDD800060B3246DDF84C90C0E91633129B83817E
:10BDE80004230374119BC0E9067783730020C4E918
:10BDF8000801AA21404608F0C5F959462046F6F739
:10BE080031F9C51D109B414625F007052046C4F8A9
:10BE18008C50ABEB0505C4E9218602932A460F9B9B
:10BE280001930E9B00935346F6F70EFC6765B9F134
:10BE3800000F12D01F22494604F1620008F0D9F918
:10BE480084F88170064B9B680BB1D3F89030284674
:10BE5800C4F8903005B0BDE8F08F84F86290F1E73F
:10BE6800602800240123037483810023C0E921335F
:10BE7800C0F89030014B9860704700BF60280024DC
:10BE880038B50446EFF31185102383F31288BFF306
:10BE98006F8F037C5B070FD5183000F037FC237CCD
:10BEA800204623F00403237407F07DFF2946054844
:10BEB800BDE8384007F0EFBF85F31188BFF36F8FF7
:10BEC80038BD00BFE72C0024F0B5002587B0044634
:10BED8000595109D04950F9D03950E9D02950D9D4A
:10BEE80001950C9DDDE912760095FFF761FFB6F12B
:10BEF800FF3F08BFB7F1FF3F05D056EA070305D15A
:10BF08002046FFF7BDFF204607B0F0BD3A4633464E
:10BF180004F11800014900F069FBF4E7013E01084B
:10BF28000A4A6FF00A019368C3F89C100849C3F8DD
:10BF380098004B6843F080534B60002383F31188CB
:10BF4800BFF36F8F9368D3F89C0070476028002474
:10BF580000ED00E090F91030027C002B234B10B567
:10BF680024DA02F07F020274827B1032D0E90014D6
:10BF7800D2B221604C60D10001F11C0419441C4468
:10BF8800C969A14212D15109012402F01F024031AE
:10BF9800944003EB8101CA6922EA0402CA61FAB13A
:10BFA80092FAA2F2B2FA82F2C3F82021D3F8201151
:10BFB8009C6803EBC10203EBC101D2691C318A42C0
:10BFC80010D1DA68844209D0217CC90606D1E189FA
:10BFD8007F2903D99169002908BF22469A6110BDBB
:10BFE8001F22E1E7002AEDD1EBE700BF602800241B
:10BFF80030B590F91020037C002A36DBDC0634D1FA
:10C00800827B63F07F03103203741B4BD2B203EBC5
:10C01800C2042146256A1C31C0E90015510928606F
:10C02800206202F01F044031012003EB8101A0408F
:10C03800CC692043C861D3F820118A423CBF11461D
:10C04800C3F8202103EBC10203EBC101D2691C3103
:10C058008A420BD1DA689968087CC00609D1C88978
:10C068007F2806D9906920B9996130BD002AF2D19C
:10C07800F0E79A61F9E700BF60280024034648B951
:10C08800EFF3058232B9064A91699268914201D06C
:10C09800FFF746BF83F31188BFF36F8F704700BF68
:10C0A80060280024002A2DE9F8430CBF1027082730
:10C0B800027C04460D4617427FD147EA0203D209A3
:10C0C8000DD10374082F40F09980A36813B120465E
:10C0D80007F04DFE04F118064FF0100832E003F0A7
:10C0E8007F030374837B1033D0E90021DBB20A603D
:10C0F8005160DA00474902F11C000A440844D26939
:10C108008242DFD15A09012003F01F0340329840D0
:10C1180001EB8202D36923EA0003D36133B193FAB6
:10C12800A3F3B3FA83F3C1F82031CBE71F23FAE76F
:10C1380085F31188BFF36F8FEFF3118588F31288A9
:10C14800BFF36F8F304600F0E1FA0B30F0D004F106
:10C158005808A66DB04511D04FF0000976B13046A9
:10C1680007F005FE06F11800C6F89C9000F0CEFA1C
:10C178003046FFF73DFFA66DB045EFD1254B9B68D4
:10C188009C423BD1EFF30586003E18BF0126214AA9
:10C19800D2F8203102EBC30102EBC303C9691C3397
:10C1A80099422DD1D168102F916106D0204602F016
:10C1B800A5FF16B11848FFF755FE164B9B68A3421A
:10C1C80021D1EFF30583F3B9A289D20711D585F3FD
:10C1D8001188BFF36F8F83F31188BFF36F8F042328
:10C1E800184602DFEFF31185102383F31288BFF39B
:10C1F8006F8F2846BDE8F843FFF792BE0026C6E7D2
:10C208000029D0D1CEE785F31188BFF36F8FBDE841
:10C21800F88300BF60280024E82000240F4A10B4E7
:10C22800D2F8201102EBC10302EBC101DB691C311A
:10C238008B4210D1D36891680C7CE40606D1CC8976
:10C248007F2C03D99C69002C08BF0B4693615DF8CD
:10C25800044BFFF713BF002BEDD1EBE76028002458
:10C2680030B4EFF31180102383F31288BFF36F8F7C
:10C27800124A91688B7B1033D1E90014DBB221603C
:10C288004C6002EBC30491682346256A1C33C1E95C
:10C2980000352960D2F82031216202EBC30102EB9C
:10C2A800C303C9691C33994204D1D168916130BC78
:10C2B800FFF736BE0029F9D1F7E700BF6028002450
:10C2C80070B50C461146DDE90465EFF311831023C0
:10C2D80083F31288BFF36F8F0A4B986807F021FD2C
:10C2E800B5F1FF3F08BFB6F1FF3F05D032462B46F8
:10C2F8000549183000F07AF92046BDE87040FFF78C
:10C308000FBE00BF60280024013E01080346F0B5B7
:10C31800EFF31185102282F31288BFF36F8F027C2E
:10C328004FB202F01F0000280CBF012000205ED190
:10C338009C7B02F07F0210341A74E4B2D3E9002621
:10C3480032605660E6003D4A06F11C0C16449444DF
:10C35800F669664515D166094FF0010C04F01F0413
:10C3680040360CFA04FC02EB8606F46924EA0C0455
:10C37800F461002C36D094FAA4F4B4FA84F4C2F828
:10C38800204110311C7C9F73C9B264F07F0402EB1A
:10C39800C1061C743446376A1C34C3E900473B6045
:10C3A800012433624B0901F01F064033B44002EB0D
:10C3B8008303DE693443DC61D2F8203199423CBF03
:10C3C8000B46C2F8201102EBC30102EBC303C96993
:10C3D8001C33994208D1D168916185F31188BFF364
:10C3E8006F8FF0BD1F24CAE70029F5D1F3E7920744
:10C3F80021D51A68D3E901412260546000229F7355
:10C40800C3E900220A68914209D14A68C3E90012C7
:10C4180013604B60E1E74C68A242F6D01268002A2C
:10C42800F3D092F90E40BC42F5DD5168C3E9002112
:10C438000B605360D1E79F73CFE700BF60280024EB
:10C44800034648B9EFF3058232B9064A9169926802
:10C45800914201D0FFF764BD83F31188BFF36F8F5A
:10C46800704700BF60280024F8B550EA010305466C
:10C478000C4603D107F053FC0020F8BDEFF31187F9
:10C48800102383F31288BFF36F8F134EB06807F041
:10C498008CFCB0682A4623461049183000F0A6F8EC
:10C4A800B36804461A7CC3F8987042F004021A7400
:10C4B8006FF00A02C3F89C20094A536843F080537E
:10C4C8005360002383F31188BFF36F8F07F022FDB9
:10C4D800201A20EAE070D0E760280024013E010815
:10C4E80000ED00E0074B00221846013203F11C0161
:10C4F800202AC3E9071103F10803F6D11F23C0F866
:10C508002031704760280024EFF31181102383F352
:10C518001288BFF36F8F054B9A68D37B013BD373A7
:10C5280081F31188BFF36F8F704700BF6028002424
:10C53800EFF31180102383F31288BFF36F8F034B3F
:10C548009A68D37B0133D373FFF768BE6028002451
:10C55800014B9868704700BF60280024D3B5DDE917
:10C568000667089CCDE90067FFF7AAFE1CB1034BDC
:10C578009B685B69236002B0D0BD00BF60280024BF
:10C58800024B1868984208BF0020704754060024E0
:10C5980008B502466FF00041FFF7F2FFC8B18A42C2
:10C5A80015D2D0E90230B0F1FF3F08BFB3F1FF3F29
:10C5B80003D16FF00040801A08BD8B4270F1000073
:10C5C80001DB0548F7E79A4201D2981AF4E7002000
:10C5D800F2E78A42EDD3EFE7FEFFFF7F024B1868D0
:10C5E80008B1FBF731B870475C060024B3F1FF3F90
:10C5F80008BFB2F1FF3F2DE9F84F04469A461546A9
:10C6080098467AD00161EFF31187102383F31288DB
:10C61800BFF36F8FBAF1000FDFF8E89023DBFFF765
:10C62800DDFF374B06461A68003A18BF0122451944
:10C638004AF100035219D9E9005143F10003551991
:10C6480043EB01080121DFF8C090C4E90223FFF79A
:10C6580097FFD9F804A0D8B9C4E9009ACAF80040ED
:10C66800C9F8044026E0D9E900136FF00102521A14
:10C678004FF0FF3161EB0303521B63EB0A03012AFE
:10C6880073F100014FF00001BCBF01220023DAE77B
:10C69800D0E9022ED4E9023C93427CEB0E0B23DA5C
:10C6A800D21A6EEB0C03C0E902234368C4E9000305
:10C6B8001C604460FFF764FF84420DD1104B1B6877
:10C6C800013309D111B9FFF789FF06463046FFF754
:10C6D8005FFF0021FAF754FF87F31188BFF36F8FCC
:10C6E80028464146BDE8F88F9B1A6CEB0E02504570
:10C6F800C4E90232B0D00068ADE70025A846EFE7EC
:10C708005C060024D021002454060024F8B5044611
:10C71800EFF31186102383F31288BFF36F8F02683B
:10C7280072B3FFF72DFF184B5B689C4208D0D2E923
:10C738000231D4E90275DB1941EB0501C2E9023186
:10C74800D4E900320025844213605A60C4E90055D8
:10C758000ED000200D4A136823F001018C4204BF5B
:10C7680043F00103136086F31188BFF36F8FF8BDA0
:10C77800FFF734FFFFF70CFF2946FAF701FFE8E758
:10C788006FF01500E6E700BF540600248C2900244A
:10C79800EFF31182102383F31288BFF36F8F064BD8
:10C7A80040F001001B681B1A5842584182F3118857
:10C7B800BFF36F8F704700BF8C2900242DE9F04725
:10C7C8000023334E334D0C46DFF8D090324F3060A3
:10C7D8002B60D6F80080B8F1000F0ED14FF0FF3370
:10C7E80040462B60FFF7D4FE4146FAF7C9FE84F3B2
:10C7F8001188BFF36F8FBDE8F087FFF7C1FE6FF0B8
:10C80800004330B1D0E90212994272F10002B8BF78
:10C818000B464345194684BF434641464FEAE37CED
:10C8280038B18268B2EB030AC26862EB0C0EC0E949
:10C8380002AED9F80020A8EB01014FF0000A4FF032
:10C848001008D218D9F80430316043EB0C03C9E959
:10C858000023FFF795FE0028BBD0D0E902120A4357
:10C86800B7D13860D0E900210A6051600269C0E997
:10C8780000AA84F31188BFF36F8F9047EFF31184F8
:10C8880088F31288BFF36F8FC7F800A0E1E700BFF5
:10C89800902900245C0600248C290024D02100243F
:10C8A80010B5EFF31184102383F31288BFF36F8F51
:10C8B800FFF794FE054AD2E90031C01841F10001A2
:10C8C80084F31188BFF36F8F10BD00BFD0210024FF
:10C8D8002DE9F0410446EFF31186102383F3128803
:10C8E800BFF36F8F03682BB186F31188BFF36F8F87
:10C8F800BDE8F081FFF74CFF07460028F4D1D4E9E2
:10C908000A586A1C48F10003022A73F1000324D371
:10C9180007F004FB281848EB0101012871F1000118
:10C9280042DB07F0FBFA6FF00203281848EB01011D
:10C9380083426FF000438B413BDB07F0EFFA6FF067
:10C9480001022D1848EB0103521B4FF0FF3161EB38
:10C9580003031A492046FFF749FE236B013323637B
:10C96800236A63B186F31188BFF36F8F2046984717
:10C97800EFF31186102383F31288BFF36F8F54F8F7
:10C98800185FA542B0D0002DAED0284607F00FFAA8
:10C998000023C5F89C3086F31188BFF36F8F2846B3
:10C9A800BDE8F04107F0F0B96FF001024FF0FF3336
:10C9B800CFE73A464FF00043CBE700BFD9C800089D
:10C9C800B3F1FF3F08BFB2F1FF3FF8B50446164682
:10C9D8001D4618D0EFF31187102383F31288BFF395
:10C9E8006F8FFFF793FE20460749DDE90623C4E968
:10C9F8000A230023324623632B46FFF7F7FD87F30C
:10CA08001188BFF36F8FF8BDD9C8000870B5054607
:10CA1800EFF31184102686F31288BFF36F8FFFF7A8
:10CA280075FE20B184F31188BFF36F8F70BD6B6AF8
:10CA380063B184F31188BFF36F8F6B6A28469847F8
:10CA4800EFF3118486F31288BFF36F8F05F1180096
:10CA580007F0E7F90028E5D007F096F921460248E3
:10CA6800BDE8704007F017BAE82C0024F8B507466F
:10CA78000C46164607F02CF908B10020F8BD0E4BFD
:10CA88009B68D3F89050002DF7D0221DF5D2EFF314
:10CA98001184102383F31288BFF36F8F47F00401CA
:10CAA8002846B04784F31188BFF36F8F0028E4D07D
:10CAB80040F8045BE2E700BF602800240146024A10
:10CAC8000020FFF7D3BF00BFA3E00008064B07B55F
:10CAD8004FF40062009305494FF0FF330448FFF715
:10CAE800A9F803B05DF804FB0C4F0108406B002463
:10CAF800D821002438B500F091FC00F03BFD0E4B26
:10CB0800984213D00133984212D041F2883400255C
:10CB1800002000F035FD0DB100F04CF807F0F1FAF7
:10CB2800204600F05DF900F045F8F9E70024EEE74B
:10CB380000240125ECE700BF010007B038B5104C10
:10CB4800236813B12368013B2360636813B16368EA
:10CB5800013B63600B4D2B7833B963687BB90220C6
:10CB680000F018FD322363602B78032B07D163682C
:10CB78002BB9022000F00EFD4FF47A73636038BDC4
:10CB8800942A0024EA2C0024084B187003280CD897
:10CB9800DFE800F008050208022007F0DBBA0220EF
:10CBA80007F0CEBA024B00225A607047EA2C0024E4
:10CBB800942A0024F0B50123804D814E85B0814C24
:10CBC8002E60236000239A0002F1006202F5003211
:10CBD8001268013206D10A222E6022607A4A136056
:10CBE80005B0F0BD0133082BEDD10227774A2E603E
:10CBF800774B276051682E60994205D80B23236034
:10CC0800714B52681A60EBE703232360714B51683C
:10CC18009B6803F1006303F50033994202D30C23A8
:10CC28002E60ECE7002007F086FA3846FFF7ACFFE5
:10CC38006948FFF7EBFE4FF0E02200234FF0206138
:10CC480013619361C2F8041D4FF0FF319A0001335C
:10CC580002F16042082B02F56142C2F88010C2F866
:10CC68008011F3D1BFF34F8FBFF36F8F04232E6072
:10CC78004FF0E0222360554BC2F8083DD3E9000489
:10CC8800BFF34F8FBFF36F8FD2F8143D02F5506298
:10CC9800DD032ED50023C2F88430BFF34F8F5369CC
:10CCA80023F480335361BFF34F8F01ABC2F8703266
:10CCB800BFF34F8FBFF36F8FD2F8803043F6E07623
:10CCC800C3F3C9050193C3F34E335B0103EA060CB2
:10CCD80029464CEA81770139C2F87472F9D2203BAF
:10CCE80013F1200FF2D1CDE90211BFF34F8FBFF33B
:10CCF8006F8FBFF34F8FBFF36F8F384A536923F499
:10CD0800003353610023C2F85032BFF34F8FBFF393
:10CD18006F8FBFF34F8FBFF36F8F5169C9032DD545
:10CD2800C2F88430BFF34F8F536923F480335361C3
:10CD3800BFF34F8F01ABC2F87032BFF34F8FBFF311
:10CD48006F8FD2F8803043F6E076C3F3C9050193BC
:10CD5800C3F34E335B0103EA060C29464CEA81779C
:10CD68000139C2F87472F9D2203B13F1200FF2D1C5
:10CD7800CDE90211BFF34F8FBFF36F8FBFF34F8F12
:10CD8800BFF36F8F154B5A6922F400325A610022A3
:10CD9800C3F85022BFF34F8FBFF36F8FBFF34F8F8E
:10CDA800BFF36F8FEFF31183102383F31288BFF360
:10CDB8006F8F854680F30888204711E7287800247C
:10CDC800504D554A24780024207800240000020899
:10CDD800FFFF010817070024E022002400ED00E00F
:10CDE8002DE9F04F97B0DFF824832022FF2103902C
:10CDF80006A8D8F8086007F0C5F9BB4B1A786AB9D5
:10CE08000121BA481970BA4907F0D0F84FF47A727C
:10CE18000023B648CDE90023FFF7D2FD039B13B1E9
:10CE2800B44B039A1A60B44A1378032B03D0002337
:10CE38001370B04A53604FF0000A039DD34654461E
:10CE4800D146012007F086F925B1AA4B1B68002BB3
:10CE580000F02C82002000F0A9FA071EF4DB012064
:10CE680007F06EF9A7F121031F2BEAD801A252F8A7
:10CE780023F000BFFDCE000819CF000897CF0008A7
:10CE88004BCE00084BCE00084BCE000831D000082E
:10CE980025D2000819D1000873D1000899D10008DB
:10CEA800BFD100084BCE0008D1D10008F5D1000849
:10CEB8006DD2000887CF00084BCE0008BBD200080F
:10CEC80073D0000887CF00084BCE000873D1000844
:10CED8004BCE00084BCE00084BCE00084BCE0008C6
:10CEE8004BCE00084BCE00084BCE00084BCE0008B6
:10CEF80097CF0008022007F0E2F8002800F0B5807C
:10CF080007F01AF90BF00B0301240B2B72D1E8E0A0
:10CF18004FF47A7000F04AFA071EC0F2A680022089
:10CF280007F0CDF8002800F0A080013F052F00F29F
:10CF3800EB81DFE807F003070A0D1029052007F049
:10CF4800C6F814E0D8F80000F9E7D8F80400F6E7C6
:10CF5800D8F80800F3E74FF01C09484609F104091E
:10CF680007F0D0F807F0B3F8B9F12C0FF5D1012389
:10CF78004FF00009BB404BEA03035FFA83FB07F05D
:10CF8800DBF8002C36D0BDE7D8F80C00D7E7002C2A
:10CF98006BD00BF00B030B2B66D1022007F08FF838
:10CFA8000446002860D001204FF0000A07F0C3F8BB
:10CFB8000220FFF7E9FDA7F14002534253410493D1
:10CFC8001FFA8AF7384600F035FA0546C0B94A4BC9
:10CFD80001222E4602201A7007F0B2F8D8F808305D
:10CFE800B3421AD80026444BA2461E70414B5E60DD
:10CFF80007F0A2F80221414800F000FA234681E137
:10D008000499384607F090F90AF1010A0546002804
:10D01800D6D1A24602213A48EEE7304607F072F828
:10D028000130F6D10436D9E7FCB10BF00B030B2B1A
:10D038001AD10220FFF7A8FD322000F0B7F9071E29
:10D0480012DB17F003030FD1BA19D8F808108A4277
:10D058000AD8B7F5807F07D82A4A9F420DDCC82036
:10D0680007F02DF80446B0B90124039B0221264895
:10D07800BAF1000F08BF1D46BEE74FF47A70CDE93C
:10D08800043200F093F90028EFDB059A049B02F8BC
:10D09800010B0133E1E71F2E11D8C6F1200206ABC0
:10D0A80026F003001749BA42184428BF3A460492AA
:10D0B80007F05AF8049AFF21124807F063F8BB10EA
:10D0C800C7F387020F493046049300F0F7F9074683
:10D0D80000289FD00422049B3C4613FB026607F0FD
:10D0E8002BF8002586E700BFE92C0024E022002465
:10D0F80045CB0008942A0024EA2C00241072010869
:10D108000C720108942900240E72010817070024E4
:10D11800022006F0D4FF0028A7D000F0BDF90028AF
:10D12800A3D000273B4612E01F2F18D8069A0132D9
:10D1380015D027F0030258326A4452F8400C0E907A
:10D14800042218460EA900F035FA04370346D8F829
:10D158000820BA42E8D8184606F0B9FF0FE7384663
:10D16800049306F0CFFF049BE9E7002364210EA88F
:10D178000E9306F0B6FF00287FF477AF022006F082
:10D188009EFF00283FF471AF0E9806F0D2FFE3E748
:10D19800002364210EA80E9306F0A3FF00287FF455
:10D1A80064AF022006F08BFF00283FF45EAF0E98B4
:10D1B80000F050F9D0E7022006F081FF00283FF484
:10D1C80054AF06F0BAFFC7E7022006F078FF002840
:10D1D8003FF44BAF0EA9142000F0B4F9074606F04F
:10D1E80076FF39460EA800F009F9C8E6022006F0D5
:10D1F80066FF00283FF439AF454B0EAF03F1100C22
:10D208001868083353F8041C3A46634503C21746A6
:10D21800F6D1102006F05BFF1021E3E7322000F082
:10D22800C5F8071EFFF621AFBB077FF41EAF07EB5B
:10D238000903D8F8082093423FF617AF022006F0FA
:10D248003EFF00283FF411AF27F003074F44B945CC
:10D258003FF495AE484609F1040906F053FF06F07D
:10D2680036FFF4E74FF47A7006F029FF00283FF400
:10D27800FCAE00F011F900283FF4CCAE069B013358
:10D288000CD0082206A9002000F018F900283FF465
:10D29800C1AE2022FF2106A806F074FF02211D4816
:10D2A80000F0ACF81C48002106F019FE17B0BDE8E4
:10D2B800F08F002C3FF4D9AE0BF00B030B2B7FF44F
:10D2C800D4AE002364210EA80E9306F00AFF074689
:10D2D80000287FF4CAAE022006F0F1FE0490002870
:10D2E8003FF4C3AE02210B4800F088F8002141F258
:10D2F800883006F0F4FD0E9806F002FF3D4606F071
:10D308001BFF049B1C469CE54FF00009ADE600BFDF
:10D31800A670010810720108A086010010B5054C1E
:10D3280023682BB90448206006F05FFA00B9206032
:10D33800206810BDC42A0024C8460108074B1A6992
:10D348009B681268D20448BF80F0010020B1DB68F6
:10D358004FF48051014818471B69F9E74045010817
:10D3680038B50E4B0E4D1A78AAB901221A700D4C19
:10D37800204606F03AFA68B122692046A168136887
:10D3880043F4805313600B680C21074A9847B0FA9E
:10D3980080F040092870287838BD00BFEC2C0024A4
:10D3A800EB2C00244045010807000A00F7B50546A4
:10D3B80006F0B4FD4FF47A7200230F4FF2F708FF1E
:10D3C8004519BE6841F10004336843B10DF1070106
:10D3D8003846984718B99DF8070003B0F0BD06F025
:10D3E8009DFD4FF47A720023F2F7F2FEA842A141A4
:10D3F800EADB4FF0FF30F0E7E845010870B5044676
:10D408004518054EAC4200D170BD14F8011BB36835
:10D4180001485B689847F5E7E8450108034B102287
:10D428001A800122024B1A60704700BFDE2C0024CC
:10D43800C82A0024054B064A1B8812689B1A834297
:10D4480094BF002001204004704700BFDE2C002458
:10D45800C82A0024F8B50E4D04462F7897B90D4E0A
:10D4680010213046F9F7E0FC002801DA0020F8BD69
:10D478000F2805D8C0F110023946304406F082FE64
:10D4880001232B70231D102BF0D8024B1859EEE7FF
:10D49800ED2C0024EE2C0024064991F8243033B1F9
:10D4A80000230822086A81F82430034B184701201A
:10D4B800704700BF9C2A0024010000242DE9F04792
:10D4C8008046894615461E4E0DB9012030E096F873
:10D4D800243028F01F0423BB2022FF213046346269
:10D4E80006F050FE012386F82430A8EB04044946D0
:10D4F800A408C4F1080706EB8400AF4228BF2F46F2
:10D508004FEA870AED1B27445246D04406F02CFE0A
:10D51800082FD144EDB2D7D1FFF7BEFF0028D3D1F1
:10D5280005E0336AA342E0D0FFF7B6FF10B9002048
:10D53800BDE8F08796F82430002BD6D1CCE700BFA1
:10D548009C2A002410B50446084604490A2C28BF22
:10D558000A24224606F008FE204610BDB7700108CE
:10D56800034B9A6B42F080729A63C3F80C017047C0
:10D578000000C940014BD3F80C0170470000C940B6
:10D58800034BD3F80C31984201D0FFF7E9BF70473D
:10D598000000C94010B5FFF7E3FE38B104484FF466
:10D5A80080518368BDE810405B69184710BD00BF13
:10D5B80040450108BAB301EB020C1B4B11F8012BD3
:10D5C8005040614540F3000202EA030282EA500239
:10D5D80042F3000000EA030080EA520040F3000230
:10D5E80002EA030282EA500242F3000000EA030062
:10D5F80080EA520040F3000202EA030282EA500283
:10D6080042F3000000EA030080EA520040F30002FF
:10D6180002EA030282EA500242F3000000EA030031
:10D6280080EA5200CAD170472083B8ED0CB430B5F7
:10D638008BB004460D462022002102A806F0A2FD68
:10D6480002238DF80A30002D0C4B0393069412DB4D
:10D6580001D06B1E1C440FAA0E99079402A80192D0
:10D6680000F00EF815B1069B00221A700BB0BDE849
:10D67800304002B070470024EDE700BF1B430108AB
:10D688002DE9F04F8BB04368009383789C07804660
:10D69800924640F1F98000250878002800F0F680CD
:10D6A80025280AD04B1C019301354146009B984719
:10D6B8000028C0F2E3800199EEE74E788B1C252EF6
:10D6C8000193F1D00027B9463C460A221F2C22D8E4
:10D6D800A6F12003102B20D8DFE803F0141F1F1A2F
:10D6E8001F1F1F0B1F1F1F121F171F1F090044F0AA
:10D6F8000104019B13F8016B0193002EE6D13AE077
:10D7080044F0020444F00404F3E744F00804F0E7AA
:10D7180044F01004EDE77F2C24D8A6F13003092B40
:10D7280008D860064EBF02FB073702FB093944F0F0
:10D738002004DEE72A2E0DD161065AF8043B53D4A3
:10D74800002BA7BF44F020049946C3F1000944F018
:10D758002804CEE72E2E05D1630600F1978044F009
:10D768004004C6E76C2E2ED028D8682E32D06A2EF8
:10D7780037D04C2E35D0002F46F02003B8BF24F008
:10D788004004A3F16502BCBFA4B20027022A01D954
:10D79800612B2BD10AF1070A2AF0070A9C4E0AF1DD
:10D7A800080A0727210760D506EB070B34465C45B6
:10D7B8005DD1AE1BA219A9EB070959E1742E98D0C7
:10D7C8007A2E96D0D7E7260648BF44F4007444F072
:10D7D80080048EE7E00548BF44F4007444F4807484
:10D7E80087E744F4207484E71F4682E7A6F16302C2
:10D7F800122A00F2D880DFE812F013004D00D6009C
:10D80800D600D600D6004D00D600D600D600D600E9
:10D81800D600E800D100D600D6001A00D600A00035
:10D828005AF8043B8DF81030012704AEBAE75AF8CD
:10D83800046B784B002E08BF1E4614F0400F14BF2F
:10D8480039464FF0FF31304606F0E6FC0746A9E7B7
:10D85800009B41462020984700280FDB013CA74247
:10D86800F6D34D442D1BA1469EE74C46F7E714F826
:10D87800010B009B41469847002898DA98F8023037
:10D8880043F0040388F802304FF0FF3528460BB008
:10D89800BDE8F08F220630D5A3052AD50AF1070A7C
:10D8A8002AF007039A4659685AF8080B24F0100B17
:10D8B80000291FFA8BFB2FDA404261EB41014BF440
:10D8C800806B04AC0A23224606F0CCFC1BF0400F08
:10D8D800A0EB040200F08E802BF001049742A4B262
:10D8E80040F38F80002E40F08E802BF01104A4B2FC
:10D8F8001DE05AF8040BC117D8E7E0055AF8041BD5
:10D9080001D40846F7E7A2054BBF48B208B241F375
:10D91800C01141F3C031C9E750EA0103D1D1630610
:10D92800CFD5002FCDD124F01104A4B23A463B46FE
:10D9380040F206410C4262D124E024F01004A4B263
:10D948000A2314F0800243D014F400711FBF0AF1B7
:10D95800070A2AF007029246516814BF5AF8080BC2
:10D968005AF8040B50EA01023ED124F0160B620665
:10D978001FFA8BFB3CD5002F3AD124F01704A4B230
:10D988003A463B4621075AD4E10705D5994572DD49
:10D99800A9EB03039F184B469B464AE044F010044A
:10D9A80010237826CDE7782B04D1C6F1780343F00D
:10D9B8001003C6E7009B4146252098470028FFF63C
:10D9C8005DAF02354146304670E608230026B8E7C9
:10D9D80014F480715AF8040BC4D014F400711ABFFF
:10D9E800C0B2114680B2BDE724F006041FFA84FBDA
:10D9F80004AC68E713465C46E10699D52EB90133B5
:10DA0800C0E71346F8E73B46F6E70233BAE700BF3C
:10DA1800C270010886570108CDE902324146009BD1
:10DA2800202098470028FFF629AFDDE902320BF1E4
:10DA3800010BD945F0DCEB1A03EB0B055B46E1065D
:10DA480027D5CDE902324146009B3020984700286F
:10DA5800FFF614AFDDE902327EB901352F44791B98
:10DA68008A4229DB144604AE9CBB2A44A9EB03096D
:10DA78001546914442E017468EE7CDE90232023559
:10DA880041463046009B98470028DDE90232E5DA36
:10DA9800F4E640F206410C42E0D014F0020F14BF45
:10DAA8002B20202014F4806FCDE9023205F1010506
:10DAB800414618BF2D20E5E7CDE902324146009BDB
:10DAC800302098470028DDE9023205F10105C6DA61
:10DAD800D4E6013CCDE90232305D009B41469847CF
:10DAE8000028DDE90232BFDAC8E6009B4146202063
:10DAF8009847002805F10105FFF6C0AEA9EB05031C
:10DB0800002BF2DCD7E500BF704701F0DAB90160FD
:10DB1800704783685B68184762B600BF00BF00BFE4
:10DB280000BF00BF00BF00BF00BF00BF00BF00BFF5
:10DB380000BF00BF00BF00BF00BF00BF00BF00BFE5
:10DB480000BF00BF00BF00BF00BF00BF00BF00BFD5
:10DB580000BF00BF00BF00BF00BF00BF00BF00BFC5
:10DB680000BF00BF00BF00BF00BF00BF00BF00BFB5
:10DB780000BF00BF00BF00BF00BF00BF00BF00BFA5
:10DB880000BF00BF00BF00BF00BF00BF00BF00BF95
:10DB980000BF00BF00BF00BF00BF00BF00BF00BF85
:10DBA80000BF00BF00BF00BF00BF00BF00BF00BF75
:10DBB80000BF00BF00BF00BF00BF00BF00BF00BF65
:10DBC80000BF00BF00BF00BF00BF00BF00BF00BF55
:10DBD80000BF00BF00BF00BF00BF00BF00BF00BF45
:10DBE80000BF00BF00BF00BF00BF00BF00BF00BF35
:10DBF80000BF00BF00BF00BF00BF00BF00BF00BF25
:10DC080000BF00BF00BF00BF00BF00BF00BF00BF14
:10DC180000BF00BF00BF00BF00BF00BF00BF00BF04
:10DC280000BF00BF00BF00BF00BF00BF00BF00BFF4
:10DC380000BF00BF00BF00BF00BF00BF00BF00BFE4
:10DC480000BF00BF00BF00BF00BF00BF00BF00BFD4
:10DC580000BF00BF00BF00BF00BF00BF00BF00BFC4
:10DC680000BF00BF00BF00BF00BF00BF00BF00BFB4
:10DC780000BF00BF00BF00BF00BF00BF00BF00BFA4
:10DC880000BF00BF00BF00BF00BF00BF00BF00BF94
:10DC980000BF00BF00BF00BF00BF00BF00BF00BF84
:10DCA80000BF00BF00BF00BF00BF00BF00BF00BF74
:10DCB80000BF00BF00BF00BF00BF00BF00BF00BF64
:10DCC80000BF00BF00BF00BF00BF00BF00BF00BF54
:10DCD80000BF00BF00BF00BF00BF00BF00BF00BF44
:10DCE80000BF00BF00BF00BF00BF00BF00BF00BF34
:10DCF80000BF00BF00BF00BF00BF00BF00BF00BF24
:10DD080000BF00BF00BF00BF00BF00BF00BF00BF13
:10DD180000BF00BF00BF00BF00BF0020704783687E
:10DD280000EBC101B3F5004F2CBF51F8220031F8C8
:10DD38001200704700EBC1018068B0F5004F2CBF9E
:10DD480041F8223021F812307047012208B5FFF758
:10DD5800E6FFD04008BD836800EBC101B3F5004F72
:10DD680008D34B681AB143F001034B60704723F0A6
:10DD78000103FAE74B881AB143F001034B8070475F
:10DD880023F00103FAE753000122FFF7D3BF08B5D8
:10DD98008368B3F5004F06D3FFF7D7FF01288CBF80
:10DDA8000020012008BD0020FCE710B50446FFF75D
:10DDB800CCFFA368B3F5004F34BF04230823C3EB9B
:10DDC800C00010BD8368B3F5004F34BF0423082397
:10DDD800C91A081AC00870478368B3F5004F28BFEE
:10DDE8000139B1FA81F0C0F11F0070472DE9F04107
:10DDF8008846174603220446FFF791FF80450546EB
:10DE080007F1060612D10122E36804EB8606BA4040
:10DE180023EA0203E3600023736041462046FFF7CC
:10DE2800C4FF23691B1A2361BDE8F0814146022221
:10DE3800204604EB8606FFF772FF07462B4601468D
:10DE4800032220467560FFF775FF3B4602222946EC
:10DE58002046FFF76FFFE0E738B504460D46FFF7A9
:10DE680096FF70B929462046FFF76FFF0146204606
:10DE7800FFF7B2FF294602462046BDE83840FFF7C3
:10DE8800B5BF38BD2DE9F04705468946FFF7A4FF21
:10DE9800064605EB800ADAF81C7077B901364FF0B0
:10DEA800FF34EB68B4401C4015D094FAA4F2B2FADF
:10DEB80082F205EB8203DC6909E03C464FF0030877
:10DEC80021462846FFF741FF814507D832462146BB
:10DED8002846FFF78BFF2046BDE8F087214603223E
:10DEE8002846FFF71CFFB8F101080446CAF81C00D1
:10DEF800D4D08742E4D1D1E72DE9F04114460E464B
:10DF08000546FFF722FF371BA4EB060831460744F6
:10DF180042462846FFF737FF3A4621462846FFF78C
:10DF280032FF4346002221462846FFF703FF2146D9
:10DF38002846FFF70AFF3B46211800222846BDE87D
:10DF4800F041FFF7F7BE2DE9F041164604460F46AB
:10DF5800FFF7FBFE054631462046FFF7F6FE05446F
:10DF6800394620462A46FFF70EFF31462046FFF77E
:10DF7800ECFE2B46311800222046BDE8F041FFF7A1
:10DF8800D9BEF8B504460D46FFF701FF18BB294670
:10DF98002046FFF7DAFE01462046FFF71DFF04EB97
:10DFA8008001CE69C6B90122E36882402046134346
:10DFB8000222E3602B46CD612946FFF7BBFE032210
:10DFC80029462046FFF7B6FE29462046FFF7EDFE14
:10DFD800236903442361F8BD022231462046FFF736
:10DFE8009EFE2946034607462046FFF7A3FE032266
:10DFF800334629462046FFF79DFE39462B462046E4
:10E00800FFF798FE02223146DBE770B5056811B9C3
:10E018000024204670BDAB6801F007042846B3F51C
:10E02800004F04F1070434BF042208221444E40812
:10E0380004EBD1049C4228BF1C462146FFF722FF6F
:10E0480006460028E4D001462846FFF77EFEA04297
:10E0580009D93444314628462246FFF74DFF214668
:10E068002846FFF78EFF012231462846FFF773FE48
:10E07800AB683146B3F5004F34BF04240824FFF7DA
:10E0880094FE6B6904EBC6041844AB692C446861C0
:10E0980083422CBFAB61A861BBE71146FFF7B5BF50
:10E0A8002DE9F8434B420668144603EA010731EAB2
:10E0B8000303B2680ED0B2F5004FB9462CBF08234F
:10E0C8000423BB4228BF3B46CF1B94B900252846F2
:10E0D800BDE8F883B2F5004F34BF04230823994202
:10E0E80004D82146BDE8F843FFF78FBF4FF0000979
:10E0F800EBE7FB1AE10804F00700B2F5004F01EB6B
:10E10800D30103F0070300F1070034BF04250825F5
:10E11800034430462B4401EBD301914228BF1146FA
:10E12800FFF7B0FE80460028D0D0B36809EBC005E1
:10E138003046B3F5004F34BF042308231D447B1E2B
:10E1480035441D44B5FBF7F57D43A5EB09052C4483
:10E158002946FFF737FE804504F10704074624F0F7
:10E168000704A4EB06044FEAE40408D20246414639
:10E178003046FFF7C1FE41463046FFF702FF3946F9
:10E188003046FFF7E2FD3844844208D2394630462B
:10E198002246FFF7B1FE21463046FFF7F2FE012284
:10E1A80039463046FFF7D7FD3946FFF7FEFD73695C
:10E1B8001844B369706183422CBFB361B06186E7CC
:10E1C800B2F5802F34BF04230823D21A2DE9F04179
:10E1D8008D18CC1D002624F0070425F007052D1BFB
:10E1E80004602046ED08C4E903662946A560C4E931
:10E1F8000566FFF7F1FD3146820004F11C0002F1CB
:10E208002707043205F0BEFF3146FF0820463A468C
:10E21800A5EB0708FFF7B7FD3346324631462046DF
:10E22800FFF788FD204631460122FFF794FD42465C
:10E238003946FFF7A8FD3B46324639462046FFF7E8
:10E2480079FD29462046FFF79EFD4346324629467A
:10E258002046FFF76FFD294620460122FFF77BFD88
:10E268003946BDE8F041FFF78CBE002070472DE924
:10E27800F04F994691B002F0040305460E46104649
:10E288000293C2F3C203AC07DDF868A003F10103EF
:10E29800049340F092812C1D8DBB01F00706341DBC
:10E2A800C6F1080600274FF0FF334FF0040800F0CE
:10E2B8000200019309F1FF32BB46434603970097DA
:10E2C80005900DB1C4F800900498002809DC484670
:10E2D800CDE90632F2F7BCFDDDE90632002800F090
:10E2E800B2800598002800F0CC80A4EB050C012032
:10E2F800BCF5007FC0F0AD806FF0150003E0072982
:10E30800D0D86FF01B0011B0BDE8F08F7A285BD829
:10E318004B280FD8472857D829282ED8252850D039
:10E3280052D8202818BF23280CBF4FF0010B4FF0FC
:10E33800000B71E04C382E2846D8DFE800F06D4518
:10E348004545454545454545454548454545454572
:10E35800454545564548485656566D486A456D45A3
:10E3680018481845457F7C48454548457C000020AD
:10E378004FF0000B4FF0040835E02A380121C0B2F5
:10E3880001FA00F010EA0E0F46D110F0625C2CD1B1
:10E3980010EA010B40D06046013C4444B4FBF8F459
:10E3A80008FB04F425B1A3EB050CA444B445A8D894
:10E3B800002800F0818004985AF8049B01380490E2
:10E3C8007FE70199013901914FF0000B24E012F821
:10E3D800010C6C2834D112F8023C00206C2B8346C7
:10E3E800C8D14FF008084346D6E70AF1070A0734B0
:10E3F8002AF0070A24F00704BAEC027B35B1069824
:10E408002044B0423FF67DAF84ED007B08344FF0E6
:10E41800000B4FF00808434612F8010F002864D09B
:10E42800BBF1000F7FF472AF2528F5D1019B4FF0A7
:10E43800010B013301934FF00408ECE7584697E7C6
:10E4480000208346A8E70599A4EB050C00297FF472
:10E458004FAF00990F293FF64FAFEDB14031CCF3E4
:10E46800870C0DEB010E01990EF820CC0EF8101C4C
:10E4780070B16CF07F0C01370EF820CC0098013099
:10E488000090C5F1080104344FF6DA7E0691C3E71F
:10E49800039801300390F1E708B10136EEE70299DD
:10E4A80002360029EAD14846CDE90632F1F7BCFE2A
:10E4B8000644DDE90632E1E7042B08D10AF104003D
:10E4C80015B1DAF80010216004348246A4E70AF195
:10E4D800070323F0070303F1080A1DB193ED007B3E
:10E4E80084ED007B0834082396E7631BB3F5806F3F
:10E4F800BFF402AF1DB9A6F10804E01803E79B08B2
:10E50800029A28602B709DF80C30BAB1EB70AF708E
:10E5180037B108A80022C5F1010C009B93420FD126
:10E52800C5F101030DF120084FF0000A0DF1300B81
:10E538000193009B534512D1601BE4E66B70E6E73C
:10E5480010F8013B190608D50CEB040E03F07F0305
:10E55800B6453FF6D6AE04F8013B0132DDE71FB100
:10E5680098F90020002A17DB029BD3B11AF80B2078
:10E5780004F8012B0022019B18191044B0423FF601
:10E58800C0AE98F800004946039204F8010B2046F3
:10E5980005F0EAFD039A14440AF1010A08F101089A
:10E5A800C7E798F80020029B55F8229045F82230DA
:10E5B8004846F1F739FE421CDDE76FF00D00A2E690
:10E5C8002DE9F04706460D46174698462BB398F8AE
:10E5D80000404FF0000A93F80190A400DB7804EBA8
:10E5E800430498F802301C444444CA4509D308F14E
:10E5F8000803D8F8042039463046AC46BDE8F04751
:10E60800604714F8013B0AF1010A204648F8234004
:10E61800F1F70AFE01300444E7E76FF01500BDE8A2
:10E62800F08730B502460024002012F8013B43B1C0
:10E6380078B18C4207D1702B04D0A3F140053A2D54
:10E6480007D8002030BDA3F140053A2D01D8013488
:10E65800EAE7252B08BF80F00100E6E700207047B5
:10E668000FB407B504A951F8040B019100F09DFB04
:10E6780003B05DF804EB04B0704710B503690246B7
:10E6880013F0080009D11368D4689C4297BF526AF6
:10E69800E31A0120D31A0B6010BD00231846FAE7CD
:10E6A80013B501A90446FFF7E8FF20B1019BE26812
:10E6B800013B13440193606A019BC01A013802B000
:10E6C80010BD10B5044650182269636AD20702D5F6
:10E6D800013B184010BD984228BFC01AFAE710B590
:10E6E80004460A46C168FFF7ECFF2369E06023F09F
:10E6F8000803236110BD38B58B00026A0D46016816
:10E7080043F00203044642F821302A460168FFF725
:10E71800D8FFE36861682A4698422060204602BF15
:10E72800236943F008032361FFF7CBFF606038BD1E
:10E738002DE9F74FD0F80CB09A46066A0F460092BA
:10E74800002116F82B2006EB8B03044602F0030287
:10E758000193009B022A0CBF56F82B2089461960AA
:10E7680008BFC2F39D09CAF80010B9F1000F07D01D
:10E778004946FFF7B4FFE368A3604FF0010804E0DF
:10E7880001698A0705D44FF00008404603B0BDE888
:10E79800F08FC16906EB8B00884716F82B100546E9
:10E7A80011F00108EFD08B071DD51FB1394620465F
:10E7B800FFF7A1FF61682A462046FFF782FF6060E5
:10E7C800D4E902138B4207D12A462046FFF779FF86
:10E7D8004FF000080146A0602369216043F0080358
:10E7E800E1602361D1E701462046FFF778FFE16841
:10E7F800A1601FB12068216A41F82090EA192046DB
:10E80800CAF800202168FFF75CFF2269206042F007
:10E818000802226116F82B2022F0010206F82B20AC
:10E82800DDE900321A60A8E770B504461546FFF71F
:10E8380048FF2368834205D12369216023F0080338
:10E84800236170BDAB00226A204643F0020342F800
:10E8580021302A466168FFF734FF6060F1E738B578
:10E86800036904465B0706D5856AFFF719FF8542E9
:10E878002CBFA562A06238BD38B50D462022002104
:10E88800044605F07FFCEB680022E361AB68A361F6
:10E898002B6823626B68A26263622A6923B1591EDE
:10E8A800194208BF42F001022261012204F12C0042
:10E8B8000021BDE8384005F05BB92DE9F04F9846D6
:10E8C800436A002587B08B4204460E469346AA4603
:10E8D8000395059538D3EFF31189102383F3128834
:10E8E800BFF36F8F059A2AB129462046FFF79CFF90
:10E8F8000023059304A92046FFF7BFFE04990746A5
:10E90800B1422AD322682046236A13F8221003EB67
:10E91800820A21F0030103F8221032462168FFF72A
:10E92800D0FEE3682060984212D0002789F311884E
:10E93800BFF36F8F039929B1A2690AB120469047A6
:10E9480000230393002FC6D1504607B0BDE8F08FCF
:10E95800236943F008032361E7E718B12046FFF76E
:10E96800CAFEE3E75BEA08031CD0019105F0B0F9A1
:10E978000199B8B9B9F1000F14D189F31188BFF31F
:10E988006F8F5A46434604F12C00FCF7C9FFEFF39A
:10E998001189102383F31288BFF36F8FB0FA80F7C1
:10E9A8007F09C3E705AB03AA20462568FFF7C0FE29
:10E9B8000746BBE770B50446C36908460D46984745
:10E9C8000246EFF31186102383F31288BFF36F8F8B
:10E9D8002B78204643F001032B706168FFF771FE26
:10E9E80060602046FFF73BFF86F31188BFF36F8F07
:10E9F80070BD2DE9F843044600271026EFF3118572
:10EA080086F31288BFF36F8F2369A268190702D4AF
:10EA18006368934200D2636A9B1A002B42D0206A33
:10EA280010F8221000EB820911F003033AD0022BF0
:10EA380004D150F822305FEA930805D1CB0720D4DF
:10EA4800E369484698478046A16842462046012720
:10EA5800FFF737FE4146A0602046FFF740FE3B46E1
:10EA680085F31188BFF36F8F002BC7D137B1B9F188
:10EA7800000F03D104F12C00FCF716FF4846BDE84F
:10EA8800F88341F0020100F822104846D4F80880C3
:10EA9800E3699847414602462046FFF712FE0023E5
:10EAA800A060DDE79946DBE7F8B50446C369084688
:10EAB8000D4698470646EFF31187102383F3128813
:10EAC800BFF36F8F2B7823F001032B7023699B070B
:10EAD80005D5E268236A03EB82039D421AD12B789D
:10EAE80023F002032B70D4E90231994204D1324653
:10EAF8002046FFF7E6FDA06031462046FFF7EFFD10
:10EB080087F31188BFF36F8F04F12C00BDE8F8403C
:10EB1800FCF7CABE2B6860F39F032B60F0E7EFF3A6
:10EB28001181102383F31288BFF36F8F0269836802
:10EB3800120702D442689A4200D2426AD31A81F379
:10EB48001188BFF36F8F181E18BF0120704770B56A
:10EB580006460C888888241A3069A4B285B2844293
:10EB680024BF641BA4B22D1BA8B2984228BF184624
:10EB78003368234413600B8803440B8070BD70B462
:10EB8800838985880669ED1AADB2731B934270BC00
:10EB980028BF13460A46011DFFF7D9BF70B40E46B9
:10EBA8000146C58831F80A3FEC1AA3B2934228BF40
:10EBB8001346324670BCFFF7CABF4B8810B50C88A5
:10EBC800E41AA4B294420ED31A448B8892B24A80B3
:10EBD8000A80D21A006992B2824201D2002010BD86
:10EBE80003448B80FAE76FF01500F8E72DE9F3414D
:10EBF80006460F4615464FF000082A4601A930463A
:10EC0800FFF7BDFF044640B1024639460198A044CB
:10EC180005F0AAFA2D1B2744EFD14246311D304694
:10EC2800FFF7CBFF404602B0BDE8F0812DE9F34184
:10EC380007460E4615464FF000082A4601A93846F1
:10EC4800FFF7ACFF044648B12EB1024630462644D1
:10EC5800019905F089FA2D1BA044EED1424607F12F
:10EC68000A013846FFF7A9FF404602B0BDE8F08127
:10EC7800704708B505F052F94FF47A720023F1F79E
:10EC8800A7FA08BD82B04FF47A710190019820EA82
:10EC9800E070A0FB010102B005F021B9F0B5012434
:10ECA80002F4C04640688C40B6F5804F406804FACC
:10ECB80001F53ED10729C2F343272ED805FA01F3FF
:10ECC800066A8B40C3EB031C7B4326EA0C063343DE
:10ECD80003624668C2F3C0338B4026EA04010B4343
:10ECE8004360846805EB4501C2F3014324EA01044B
:10ECF8006B4323438360C2F38143C468C2F3413248
:10ED08006B4324EA01046A432343C360036823EA8C
:10ED180001031A4302600020F0BD230A466A5B43E0
:10ED28005B43C3EB031C5F4326EA0C063E43466283
:10ED3800CFE7B6F5005FD4D14768C2F3C03606FA0C
:10ED480001F127EA040631434160002BC9D0D30200
:10ED580058BF24048461C4E7704703785B075FBF2A
:10ED680003684288C3F34A2303EB12105DBF1730D0
:10ED780020F00700800800207047002070470346F5
:10ED8800BFF35B8F53E8000F421C43E800210029C2
:10ED9800F8D1BFF35B8F704708B505F0BFF84FF4A3
:10EDA8007A720023F1F714FA08BD1FB50023CDE9E4
:10EDB80002011A4619461846CDE90033F2F7B0FDAC
:10EDC80005B05DF804FB0120F2F784BB0020704712
:10EDD8004368DA7101224368196043685A71F2F78F
:10EDE8006BBB70B515460C4669B1D2E901369B1B61
:10EDF80099420AD813680A460146981905F0B4F9E9
:10EE0800AB682344AB60204670BD6FF01B00FBE786
:10EE180070B50E4615461946044618B9BDE8704047
:10EE2800F2F758BB33B1C2F34A231030120D18441D
:10EE380005F09AF92046C4E90056BDE87040F2F79B
:10EE4800CFBC2DE9F3415F1C06460C4615464FEA38
:10EE5800870808F1170020F007008008F2F7BCFBCC
:10EE680000238DF80470ADF805308DF8073068B1CF
:10EE7800019A0346A8F1040143F8102F2A462944B1
:10EE880052F8045B8A4243F8045FF9D1A2010023D7
:10EE9800314602F4E07242EA482222F07F4222F42C
:10EEA800700222F03F0202B0BDE8F041FFF7B0BFA8
:10EEB80007B50123019201AAFFF7C3FF03B05DF86C
:10EEC80004FB07B5CDE9002302236A46FFF7B9FF23
:10EED80003B05DF804FB1FB5CDE90123069B01AA29
:10EEE80003930323FFF7ADFF05B05DF804FBF8B506
:10EEF80006460D4614461F4604B9F8BD2146284665
:10EF08003A46B047241A0544F6E710B54268044665
:10EF180081680068D2E90023FFF7E9FF63680022EF
:10EF28001A6010BD38B54B6805460C461A68CB68A0
:10EF38009A4202D10846FFF7E8FF6368BFF35B8F88
:10EF480053E8002F511C43E800100028F8D1BFF304
:10EF58005B8FA36800209D5438BD0A2838B5044645
:10EF68000D4602D10D20FFF7DDFF29462046FFF7A9
:10EF7800D9FF002038BD2DE9F043054689B0084681
:10EF88000E8891F800900C46D1F808801746F2F7E1
:10EF980019FD011EC6F38216C9F3C20920DB4846D3
:10EFA800F2F730FC03462146608851F8102BC0F375
:10EFB8000B100296C2F34A22002A01EB02044FF01A
:10EFC800000208BF0021CDE90507CDE90314284652
:10EFD8004146CDE90022F2F721FD09B0BDE8F083F2
:10EFE8000023E0E7436800201B685B68996170476D
:10EFF80043681B681A685268536070472DE9F041EE
:10F00800436801211B685A6811771D68D5E90136E4
:10F018002F68D3E900481CB96B681C60BDE8F08113
:10F02800214630464246B847241A0644F3E7436867
:10F038001B681868F2F738BE70B543680C461D683F
:10F048006B689869F2F722FA214603460F2228686E
:10F05800BDE87040184710B5F2F77AFE30B1C368C2
:10F0680023B15B6813B1BDE8104018476FF0150075
:10F0780010BD2DE9F0410D4616461F46F2F768FE11
:10F0880050B1C36843B19C6834B13B463246294607
:10F09800A446BDE8F04160476FF01500BDE8F08177
:10F0A8002DE9F0410D4616461F46F2F751FE50B1C4
:10F0B800C36843B1DC6834B13B4632462946A446AE
:10F0C800BDE8F04160476FF01500BDE8F08105F03C
:10F0D80059B805F049B801460068F2F72FBF08B5DE
:10F0E800F2F7BCFFBDE80840F3F720BB0A46012150
:10F0F800FFF7DEBE00210120F2F720BFF3F7C2BA06
:10F1080061B662B680F31188BFF36F8F704708B598
:10F1180072B6002383F31188BFF36F8FFEF7FCFCF0
:10F1280010B1BFF34F8F30BF62B6BFF36F8F08BD0A
:10F13800704708B5D1E904319847002008BD08B5E3
:10F14800F3F734FC002008BD7047BFF35B8F50E82D
:10F15800003F013340E80032002AF8D1BFF35B8F4B
:10F168007047002303824369C3607047816A8968D6
:10F17800F3F78ABC0146083008B5FFF7E6FF0846F2
:10F1880008BD10B508B14B68436000234C680846B9
:10F198004B60F3F7F9FC204610BD838802681944D8
:10F1A8008180D018704730B484880568A31883809C
:10F1B800281930BC04F0D8BF10B5838802685C1CDD
:10F1C8008480D018D15410BD8388026830B59D1C46
:10F1D800D4188580D154090A617030BD83885B1AC0
:10F1E8009BB2838000681844704703685869704769
:10F1F80070B50846C6B015466946013004F094F863
:10F20800044668B99DF8083028460DF11601C3F385
:10F21800001300F8013BF0F7FFFF009BC5F804312D
:10F22800204646B0BDE87040F3F722BD08B5481C3B
:10F2380004F08AF9BDE80840F3F71ABD08B5481C80
:10F2480004F033F9BDE80840F3F712BD30B5541C9B
:10F25800C7B00D462046694604F066F840B9204616
:10F2680004F023F920B147B0BDE83040F3F700BD02
:10F278002146681C04F0F4F9F5E770B5C6B00C46F1
:10F288000068694604F025F8054670B90DF11601C5
:10F29800601CF0F7C1FF63783BB19DF80830C3F3F9
:10F2A80000132370009BC4F80431284646B0BDE81B
:10F2B8007040F3F7DDBC08B5006803F001FFBDE856
:10F2C8000840F3F7D5BC012A08B505D0022A12D0A8
:10F2D8002AB16FF0150008BD03685B69194400295D
:10F2E800F7DB0068C3688B42F3D303F02FFFBDE858
:10F2F8000840F3F7BDBC0368DB68EFE7F7B50446E1
:10F3080000680E46C76803F021FF20B103B0BDE8CE
:10F31800F040F3F7ADBCB7423D46206802DD04F08B
:10F3280086F8F3E73946466903F010FF0028EDD167
:10F338008DF80300B54201DB0020E7E701AB0122AD
:10F348000DF10301206803F0FEFD0028DED1013530
:10F35800F0E773B5037A04460D4616469B0609D4B2
:10F3680001AB32462946206803F0EDFD40B901980B
:10F3780002B070BD0068C16803F0E8FE0028EFD055
:10F3880002B0BDE87040F3F773BC07B501AB006885
:10F3980003F03EFD20B103B05DF804EBF3F768BC61
:10F3A800019803B05DF804FB13B5C0680023144648
:10F3B80001A96A460130019303F0D9FF68B9019B9E
:10F3C800009AE3604FF40073236053895B02636023
:10F3D8009369023BA36002B010BD6FF00400FAE726
:10F3E8004FF0FF324FF0FF330430FCF767B9FCF7FA
:10F3F800D7B990F87000C0F34110704783691B6952
:10F4080093F8800000F001007047F8B504461E46E6
:10F418000D461746FFF7E4FF94F870309B0715D4A4
:10F4280025B1012D10D06FF0150508E0616F002996
:10F43800F9D09DF8183000250F714E718B71201D81
:10F44800FFF7D5FF2846F8BDA16FF0E76FF00F056D
:10F45800F5E738B504460D46FFF7C2FF94F870305B
:10F46800201D65F3041384F87030BDE83840FFF7B9
:10F47800BEBF90F87000C0F38000704783691B69B5
:10F4880093F88000C0F3001070470246034652F814
:10F49800680F90420BD100207047027A8A42FBD055
:10F4A800DA6E8242F7D000680028F6D1704700284B
:10F4B800F3D1704738B504460D46FFF791FF94F82D
:10F4C8007030DB0718D42B690BB9EB68BBB1A36E9E
:10F4D8001BB904F16803C4E91A332B6893B9E26EC7
:10F4E80004F16801C5E900121560E5661D46201D96
:10F4F800FFF77DFF284638BD4FF0FF35F7E76FF07F
:10F508001505F4E76FF07705F1E710B504460346F3
:10F5180054F8500FA0420DD100200DE0447D8C42DC
:10F5280004D1032909D1047A944205D05C6D844240
:10F53800F2D000680028F1D110BD0F29F5E72DE9B8
:10F54800F84305460C46071D4FF0FF324FF0FF33D6
:10F558003846FCF7B3F8D5F87890B9F1000F75D0B4
:10F56800D5F87480B8F1000F70D095F87030DB07CB
:10F578006CD42B6D1BB905F15003C5E9143323680E
:10F58800002B66D1637D0F2B09D1237A012B10D074
:10F598006B6D05F15002C4E900231C606C65637D46
:10F5A800032B29D105F150002A6D90422BD100235D
:10F5B80036E0E1682846FFF77DFF06460028E7D0D9
:10F5C8003846FCF7EDF83046BDE8F8834E7D032E4B
:10F5D80014D0013323724B68C4E900131C604C60DB
:10F5E800637A022B26D0032B2AD0012B02BF237A61
:10F5F80089F80E3088F80E300026E1E70E7A013ED1
:10F60800B342E6D11268002AD1D0517D6B6D03292F
:10F618000DD19A42137A02D011680029D6D101334C
:10F6280023726B6DC4E900031C606C65D8E79342D4
:10F63800E8D1BCE7237A89F80F3088F80F30DBE788
:10F64800237A89F8103088F81030D5E74FF0FF3664
:10F65800B6E76FF07706B3E70346006800B1187A9B
:10F6680070478388C2888168D21A03685B1AD01AE7
:10F6780070470346C08808B11878C009704770B54C
:10F688000C461546F4F7CEFE40B1406883681B6807
:10F6980023B12A462146BDE87040184770BDF8B529
:10F6A80004460D46174686680369BFF35B8FD3F897
:10F6B800A030BFF35B8F9B070ED5B36A7BB1F36BAA
:10F6C8009847B36A29463A4620469847336C054618
:10F6D800204698472846F8BD4FF0FF35FAE76FF007
:10F6E8008505F7E770B504460D4686680369BFF3DC
:10F6F8005B8FD3F8A030BFF35B8F9B070BD5F36B01
:10F708009847736A294620469847336C0546204631
:10F718009847284670BD4FF0FF35FAE72DE9F041CC
:10F7280090F82C3004460F4600F12C0603F01F0316
:10F73800012B28D0022B11D053B394F82D1020465A
:10F74800FFF7A3FE024660B33046FFF792FF30BBD7
:10F75800136933B33A463146204611E0018EC9B2E7
:10F76800F4F760FE05460028E7D03046FFF781FF32
:10F7780002466868836882B99B6893B13A46314605
:10F78800BDE8F0411847018EC9B200F08BF8E9E7EF
:10F7980090F82D1000F09FF8E4E7DB68EDE7D368F8
:10F7A800D7E76FF08500BDE8F08110B5044619B9B8
:10F7B800002084F8340010BDF3F732FC0028F7D09D
:10F7C800F9E70A460121FFF773BB4FF0FF324FF00C
:10F7D800FF330430FBF772BFFBF7E2BF21B1012909
:10F7E8000DD000231B68FFDE5830006848B143681D
:10F7F8005B79934205D000680028F8D170476030E3
:10F80800F3E7704710B590F834300446022B09D15D
:10F81800FFF7EFFD94F83C2001462046BDE8104074
:10F82800FFF7DCBF002010BD08B5FFF7D7FF003891
:10F8380018BF012008BD38B505460C1F54F8041F31
:10F8480009B9084638BD6B681868F0F7DBFC002872
:10F85800F4D10120F6E74FF0FF324FF0FF330430C8
:10F86800FBF72CBF08B583681B6B0BB198470346A1
:10F87800002023B153F8042B0AB1127802B908BD4D
:10F888001044F6E710B51C46FFF7A8FF48B101225F
:10F89800C06802FA04F320B10269134201D100687A
:10F8A800F9E710BD10B50C46FFF7ACFF48B10123CE
:10F8B800C06803FA04F120B10369194201D1006854
:10F8C800F9E710BDD1F81A0083681B6903B118471E
:10F8D8006FF08500704738B50C46FFF793FF80B18D
:10F8E800C06870B14368DA681AB111790023994287
:10F8F80001DC0068F5E71568ED5CA54201D001332D
:10F90800F5E738BDF8B50646CC680CB9204622E0C4
:10F9180004F10C070125E268AAB165F07F03D9B2AA
:10F9280003F07F031033DA40D2070ED4E368EB40CC
:10F93800DB0705D53A46E9B2B06900F09AF850B944
:10F948000135102DE7D12468DFE73A46B06900F0A9
:10F9580090F80028EAD0F8BD2DE9F347002457684D
:10F9680005460E4697F80580A1463B79A34203DC7D
:10F97800002002B0BDE8F0875FFA84FA31464246BB
:10F9880028465346FFF77EFF014650B153460122F1
:10F998002846CDF80090F4F741FE0028E9D101345B
:10F9A800E3E76FF03C00E4E72DE9F74380460D46B6
:10F9B8001746FFF777FF064628B96FF0010420467F
:10F9C80003B0BDE8F0830F2DF7D808EB0509014611
:10F9D8002B46002299F83E4040460097F4F71EFE59
:10F9E8000028EAD100942B46022231464046F4F71B
:10F9F80015FE04460028E2D12B4601223146404636
:10FA08000097F4F70BFE04460028D8D17068836885
:10FA18005B6813B13A462946984789F83E70CEE7A5
:10FA280011F0800F4FF0010302681CBF21F0800124
:10FA380010318B4022EA03030360704737B58B7996
:10FA48000C46154600938B88CA78897800F0BDFD6E
:10FA580068B994F90230A178002B4FF001032A68A5
:10FA6800BCBF21F0800110318B4013432B6003B0E1
:10FA780030BDF8B506460D46174600F0CFFD0446E2
:10FA880058B929463846FFF7CBFF2946304600F0DB
:10FA98009FFE044608B904F042F92046F8BD0A461C
:10FAA8008069802100F0C4BE43689869F5F714BAEC
:10FAB80070B591F9183005460C464668002B07DBEF
:10FAC800C4F81A502146B069BDE8704000F022BE63
:10FAD8003046FFF7CEFC0028F2D04FF0FF3070BD63
:10FAE800806900F0CABE38B5054680690C4600F04A
:10FAF800B1FD58B914F0800F4FF00103AA6B1CBF79
:10FB080024F080041034A3401343AB6338BD70B5B0
:10FB1800054680690E4600F0C9FD044620B9314605
:10FB280005F13800FFF77CFF204670BD0B06806B9F
:10FB380044BF21F080011031C84000F00100704737
:10FB480070B504460D46061D4FF0FF324FF0FF33E7
:10FB58003046FBF7B3FD94F87020C2F340039207D8
:10FB680056BFE5616FF00F041C463046FBF718FEE0
:10FB7800204670BD82B0C3698DF8001001922BB188
:10FB880002AB13E9060002B0F4F748BE02B07047B2
:10FB980082B0C3698DF8001001922BB102AB13E952
:10FBA800060002B0F4F73ABE02B070477047036926
:10FBB8005B68D3E90320012918BF104670474368E2
:10FBC8000361037A63B1012B0CBF0223032343753E
:10FBD800437A5A1E032A05D8DFE802F00505050511
:10FBE8000123F4E700230375837A062B09D0072B3A
:10FBF80009D0052B0CBF002303238375837EC375AF
:10FC080070470123F9E70223F7E7036993F84400F3
:10FC180030B11A6C9388918910695B1A9BB2C01A2B
:10FC28007047036993F83C007047036993F84420D0
:10FC380012B993F83C007047012070470369C3E983
:10FC4800081270470229036907D0042907D001293F
:10FC580007D11B690020136070471B7EFAE75B7EA3
:10FC6800F8E76FF085007047CB79026923B1012B63
:10FC780002D06FF085007047002093767047BFF37D
:10FC88005B8F0068BFF35B8F084100F0010070478D
:10FC980010B5036940685B689C68FFF7AAFB0128F8
:10FCA8000CBF94F8440094F8260010BD10B5036901
:10FCB80040685B689C68FFF79CFB01280CBF94F8C0
:10FCC800520094F83D0010BD10B5036940685B68A8
:10FCD8009C68FFF78EFB01280CBF94F84B0094F842
:10FCE800360010BD03691B69BFF35B8F883353E887
:10FCF800001F41F0020143E80012002AF7D1BFF3C8
:10FD08005B8F704710B50469A06BFEF78FFF10B1C9
:10FD1800012384F83D3010BD10B50469A06B4289F9
:10FD2800C3889A4202D14FF0FF3010BD0122FEF77E
:10FD38007DFF0028F7D004F17800FBF775FF00205D
:10FD4800F3E738B50469EFF31185102383F31288BC
:10FD5800BFF36F8F206CFEF749FF85F31188BFF35F
:10FD68006F8F10B1012384F8453038BD0269002037
:10FD780013690B6053694B60704738B50346406898
:10FD88001B695D68AC68A37A84F8223094F82D303A
:10FD980084F82330A376696841B1237C33B9FFF72F
:10FDA800CEFB18B96868FFF757FC2074002038BDEF
:10FDB80038B513464A780469202A4568206904D072
:10FDC800222A16D06FF0850012E0CA88072AF9D1D6
:10FDD8006BB1DB681A6842609A8802819B798372EA
:10FDE800FFF7EDFE224608212846FFF7D1FE002046
:10FDF80038BDCB88002BE5D14B880921C3F34002DD
:10FE0800838103F00103027622464376ECE708B5C6
:10FE1800FFF7EFFA01280CBF4FF40070402008BD2F
:10FE280040297FB534D00DD8102933D006D8012900
:10FE38006AD0082930D06FF0150426E02029FAD1BD
:10FE4800042308E0B1F5807F28D0B1F5007F27D0E2
:10FE58008029F0D1102304699BB2E18912B30B43C6
:10FE6800E38142F2A10106694FF40032ADF80C308B
:10FE78004368CDE901121C6806F188030021184681
:10FE8800FFF7FDFE88B96FF00C04204604B070BD82
:10FE98000823E0E70223DEE70123DCE72023DAE793
:10FEA8004023D8E721EA0303DAE701211846FFF7E0
:10FEB800E6FE0028E7D12046FFF7EAFE0A220146BF
:10FEC8002046FFF7F1FD0546D8B10A2201A90C30FA
:10FED800FFF769F920462946FFF7EAFD044618B1FD
:10FEE8002846F2F751FED0E74FF0FF324FF0FF33CC
:10FEF80006F18C00FBF714FD0B3008BF6FF08B0484
:10FF0800C3E76FF00B04C0E70024BEE70123BFF38B
:10FF18005B8F8B40DB4350E8002F1A4040E80021FC
:10FF28000029F8D1BFF35B8F704700690221883040
:10FF3800FFF7ECBF006903218830FFF7E7BF08B57A
:10FF480003690021186901778830FFF7DFFF012175
:10FF5800BDE80840FFF7DABF10B5036901211C6945
:10FF680004F18800FFF7D2FF0421FFF788FE28B9C3
:10FF780004F17800BDE81040FBF756BE10BD08B587
:10FF88001346026910694A78212A0BD16BB1CA88D5
:10FF9800011D03F10C00072A28BF0722FFF703F908
:10FFA800002008BD6FF08500FBE76FF00B00F8E755
:10FFB80038B550F8083C0446002B4FD050F8283C80
:10FFC80000F1600502215B681A680023838283833D
:10FFD8002846FFF754FEB8B1106954E90231984732
:10FFE800637D1BB104F15000FBF71EFE0521284676
:08FFF800FFF745FE98B9637F95
:020000040801F1
:100000006BB10022002304F12000FBF781FE0AE01F
:1000100003212846FFF737FE0028E1D1E4E714F872
:100020000D3C002BEDD102212846FFF72CFE38B104
:1000300023695A89DB889A4202D02046FBF7F8FDF3
:1000400003212846FFF71FFE60B1A26993889189BA
:1000500012695B1A9BB29A4204D02046BDE8384030
:10006000FBF7E6BD38BD08B50369022103F188023C
:100070001046FFF708FE28B1996B4889C988401AD5
:1000800018BF012083F83C0003211046FFF7FBFD59
:1000900040B11A6C908891891269401A80B2801A16
:1000A00018BF012083F8440008BD0069BFF35B8FCF
:1000B00000F1880353E8001F41F0080143E80012F3
:1000C000002AF7D1BFF35B8F026C93889189126984
:1000D0005B1A9BB29A4202D02830FBF7A9BD704749
:1000E00038B50469BFF35B8F04F1880555E8003F1C
:1000F00043F0040345E80032002AF7D1BFF35B8FD9
:10010000A36B5A89DB889A4203D004F12800FBF7DD
:100110008FFD04212846FFF7B6FD28B904F17800C9
:10012000BDE83840FBF784BD38BD10B503691C69D4
:10013000BFF35B8F04F1880050E8002F42F001020A
:1001400040E800210029F7D10221BFF35B8FFFF7C0
:100150009AFD10B11846FFF7C3FF236A1BB904F1DB
:100160007800FBF765FD012304F148000022E376E7
:100170000023BDE81040FBF7CBBD08B506220121E6
:100180000020F4F79BFD002206201146F2F714FA36
:10019000012107220846F4F791FD002207201146AD
:1001A000F2F70AFA082201210220F4F787FD002263
:1001B00008201146F2F700FA092201210320F4F782
:1001C0007DFD002209201146F2F7F6F90A220121ED
:1001D0000420F4F773FD00220A201146F2F7ECF92F
:1001E000052117220846F4F769FD00221720114661
:1001F000F2F7E2F9282206210A20F4F75FFD002237
:1002000028201146F2F7D8F9002008BD01F01F019F
:100210000120884070474FF0B042D2F8803023EA86
:100220000003C2F880307047032925D8DFE801F0C9
:10023000020D121C4FF0B0431A6822EA00021A6045
:100240005A6822EA00025A6070474FF0B0431A68B9
:100250000243F4E74FF0B0435A6802435A601A6809
:1002600022EA00021A6070474FF0B0431A68024356
:100270001A605A6810435860704700F003020F2359
:1002800004329200934043EA900000F00303020C12
:1002900092FAA2F29B0003F1B04303F5806310B51C
:1002A0009C6824EA10400AB1B2FA82F291400143FC
:1002B000996010BD38B50446807AF2F7BDFB05465B
:1002C000616949B1637ADB0704D4836A20461B68FD
:1002D0009B6898470023636121462846BDE8384063
:1002E00003F026BC090630B50546847F14D414F00B
:1002F000400016D0A98BC3F30A00C1F30A0188425B
:1003000020D802F00300022809D003280AD00128CF
:1003100011D004F0010004E014F02000E9E7C4F378
:10032000800030BD14F00200FBD013F4C05F0BD08E
:10033000C4F30010F5E714F0080207D013F4C05F0F
:10034000EFD0F5E70020ECE70120EAE71046E8E708
:10035000BFF35B8FD0F8A000BFF35B8F00F001000C
:100360007047BFF35B8FD0F8A000BFF35B8FC0F383
:1003700040007047026902F1A003BFF35B8FD2F81F
:10038000A020BFF35B8FBFF35B8F51B153E8001F19
:1003900041F0040143E80012002AF7D1BFF35B8F5C
:1003A000704753E8001F21F0040143E80012002ABF
:1003B000F4D0F6E701F00F030906026948BF1033D5
:1003C00052F82300704790F82000C0F300107047E7
:1003D00090F8203061F3041380F82030704708B59E
:1003E00002691046FFF7B4FF68B991F8240000F0E5
:1003F0000F03000648BF103342F82310084603F0ED
:1004000077FB002008BD6FF00C00FBE70022002303
:10041000FBF71ABA03F09EBB03F077BB407EC0F334
:10042000C0007047437E23F00803437670471FB532
:1004300004698DF8041001A9D4F89830CDE90220A0
:10044000984704B010BD1FB50346046906208DF817
:1004500004002046CDE90213FFF77AFF40B1C1F84E
:100460001E201846D4F8982001A9904704B010BD6A
:100470004FF0FF30FAE738B505460C462046FFF747
:10048000C5FF014600B938BD6FF070022846FFF77E
:10049000DAFFF3E72DE9F843066907460D46D6F87B
:1004A0000090D6F840804FF0FF324FF0FF3306F156
:1004B0008400FBF707F94046FFF7A8FF014618BB89
:1004C0004846FFF7A3FF044620BB99F8203023F0ED
:1004D000100389F8203098F8203023F0100388F8B2
:1004E000203024BB012286F8B020EDB12B68C6F87D
:1004F000A8306B6886F8B120C6F8AC303869843013
:10050000BDE8F843FBF750B96FF067023846FFF7D4
:100510009AFFD0E7637EDB07D7D46FF067022146EE
:100520003846FFF790FFCBE786F8B150E6E72DB1EC
:100530000822294604F10C00FEF739FE002221466C
:100540003846FFF780FFD9E72DE9F843054688468E
:1005500014461F46D0F80890FFF72CFF06460028E7
:1005600034D0D9F83C302846984741463B8822464B
:100570003046FFF7B7FE804688B183B92B6904F097
:10058000030493F88030DB0753BF40224FF48062AE
:100590004FF400711146022C0DD0032C11D02846C7
:1005A000D9F840309847B8F1000F14BF00206FF021
:1005B0008500BDE8F883B38B8B4228BF0B463B8098
:1005C000EDE7B38B934228BF1346F8E76FF01200B4
:1005D000EFE72DE9F3411F464B0604460D4616464C
:1005E000D0F808801BD0D8F83C3098472069FFF736
:1005F000B8FE88B19DF82030294632462046009347
:100600003B46F4F7F3FB0546D8F8403020469847C0
:10061000284602B0BDE8F0814FF0FF35F4E76FF0F7
:100620001505F5E74B0670B504460D46866812D0F1
:10063000F36B98472069FFF78BFE48B129462046A7
:10064000F4F720FC0546336C20469847284670BDD9
:100650004FF0FF35F7E76FF01505F7E770B58668DF
:1006600005460C46F36B98472869FFF77AFEC0B140
:1006700021462846FFF79EFE0146A8B190F820309B
:10068000DB0711D590F8253003F00303012B0ED0C2
:10069000F3682846984704462846336C9847204616
:1006A00070BD4FF0FF34F7E76FF01204F4E76FF01E
:1006B0008504F1E7F8B5876806460C46FB6B98475A
:1006C0003069FFF74EFE00B321463046FFF772FE59
:1006D0000546E8B190F82030DB0719D590F82530B1
:1006E00003F00303012B16D001463B6930469847BF
:1006F000044628B995F8203060F3410385F820308E
:1007000030463B6C98472046F8BD4FF0FF34F7E782
:100710006FF01204F4E76FF08504F1E72DE9F04182
:100720008668054607690C46F36B98472869FFF70A
:1007300018FEA0B394F8188028464146FFF73AFE09
:10074000014678B390F82030DA072BD518F07F0FE8
:1007500020D197F8B030EBB1637EDB0717D597F85F
:10076000B13033B1082207F1A80104F10C00FEF703
:100770001EFD002287F8B02021462846FFF763FEC1
:1007800004462846336C98472046BDE8F0816FF058
:100790006702F1E77368224628469847F0E74FF072
:1007A000FF34EEE76FF01204EBE770B5866805469C
:1007B0000C46F36B984721462846FFF7FBFD48B1EE
:1007C00003F0C8F9B0FA80F464092846336C9847FE
:1007D000204670BD0124F8E770B5866805460C46D2
:1007E000F36B98472869FFF7B3FD80B1214628468F
:1007F000FFF7E0FD014668B104681CB1B368284604
:10080000984704462846336C9847204670BD4FF001
:10081000FF34F7E76FF01204F4E708B5036900212D
:100820001B68DA8CF4F75CFB28B1437E23F00703E6
:1008300043F00103437608BD08B539B90369013AAD
:100840001B68DB8C1A44B2FBF3F25A43F4F748FB03
:1008500028B1437E23F0070343F00203437608BD2B
:1008600008B561B903691B68DA8CF4F739FB28B164
:10087000437E23F0070343F00403437608BD0022C0
:10088000F3E770B586680D460446F36B9847284633
:10089000F2F77EF92046336C9847002070BD70B5A2
:1008A00086680546F36B98472869FFF75AFD0446AA
:1008B00020B133683BB12846984704462846336C3C
:1008C0009847204670BD0124F8E7F8B587680446CC
:1008D0000669FB6B98472069FFF73AFDD8B120699C
:1008E000FFF73FFDD0B9FB6A20469847054668B937
:1008F00006F1A003BFF35B8F53E8001F41F0020134
:1009000043E80012002AF7D1BFF35B8F20463B6C0F
:1009100098472846F8BD4FF0FF35F7E76FF07705A9
:10092000F4E7F8B5876804460669FB6B98472069C9
:10093000FFF717FDB0B13B6B2046984706F1A003C7
:100940000546BFF35B8F53E8001F21F0020143E827
:100950000012002AF7D1BFF35B8F20463B6C98470B
:100960002846F8BD6FF07705F7E72DE9F041054619
:100970001446D0F808800F46066931B32AB3D8F878
:100980003C3098472869FFF7E3FCD8B92846C6E908
:100990002674D8F834309847044660B9A036BFF3BF
:1009A0005B8F56E8003F43F0010346E80032002A1F
:1009B000F7D1BFF35B8FD8F84030284698472046E0
:1009C000BDE8F0816FF07704F5E76FF01504F6E706
:1009D000F8B5876804460669FB6B98472069FFF7FE
:1009E000C0FCD0B92069FFF7B3FCC8B1BB6B20468F
:1009F000984706F1A0030546BFF35B8F53E8001F3D
:100A000021F0010143E80012002AF7D1BFF35B8F08
:100A100020463B6C98472846F8BD6FF00F05F7E776
:100A20006FF07705F4E70346F0B40C46DA88006807
:100A30001979224342F3000306690125876803F40C
:100A4000402334688D40534023F48012DB074CBFB1
:100A50002C43AC4334603B68F0BC18470369D3F8BF
:100A6000A430D87928B1013801288CBF002001209A
:100A700070470220704738B503690C46054691F867
:100A80002410D3F8A40000F02CFF21462846FFF7DD
:100A9000F2FC20460021FFF79BFC002038BD00221D
:100AA00065201146F1F788BD13460A460121FEF77D
:100AB0000CBA0A460121FEF7FFB9006984304FF0F5
:100AC000FF324FF0FF33FAF7FDBD00698430FAF7CB
:100AD0006BBEF8B506460C461546EFF3118710239A
:100AE00083F31288BFF36F8F11462046FFF794FC03
:100AF00094F92430002B0FDA94F820309B0705D5A9
:100B0000002087F31188BFF36F8FF8BD2A46214676
:100B10003069F4F715FDF4E72046FFF754FC002890
:100B2000EED12A4621463069F4F73EFDE9E738B5B3
:100B3000D0F8E454044600212846FFF73BFC48B1B6
:100B400090F82030DA0705D50023402220461946C8
:100B500000F0B4FD80212846FFF72CFC48B190F846
:100B60002030DB0705D5002340228021204600F0FD
:100B7000A5FD28460021FFF7FDFBD4F8E404002280
:100B80000421BDE83840FFF752BC0022D0F8E4044D
:100B90001146FFF74CBC00220121D0F8E404FFF716
:100BA00046BC10B504460121D0F8E404FFF7E2FB8F
:100BB000D4F8E40400220321BDE81040FFF737BC5D
:100BC00010B504460021D0F8E404FFF7D3FBD4F8B5
:100BD000E40400220221BDE81040FFF728BC704762
:100BE00010B5807A0C46F1F727FF836A21465868D2
:100BF000BDE8104002F055BE73B50C46807A16462B
:100C00001D46F1F719FF2168836A1F31CDE90065A0
:100C100021F01F0258682021FAF736FC00B9206045
:100C200002B070BD0B8882B0C3F30B0303F62C72C5
:100C3000C2F30B02202A14D803F1B043486803F52D
:100C400011331A68024300201A600B88C3F30B03A8
:100C500003F1B04303F511331B680193019B02B00C
:100C600070476FF08500FAE70B88C3F30B0303F6B8
:100C70002C72C2F30B02202A0AD803F1B043496850
:100C8000002003F511331A6822EA01021A60704746
:100C90006FF08500704770B508884A68C0F30B0094
:100CA00094B2C2F30445F5F7EDF8A0B9FF2A11D0CC
:100CB000C2F34156012304F1B041120E013601F591
:100CC0001131AA40B3400C68013BAB4024EA030356
:100CD00013430B6070BD6FF08500FBE70888C0F31D
:100CE0000B0008B500F62C73C3F30B03202B0AD8B6
:100CF00000F1B0404B6800F51130026893430CBF1F
:100D00000220012008BDF5F7BDF800280CBF022025
:100D10000120F7E703691B69D3F8B0007047FEF7BD
:100D2000D4B8A1F11000FAF783BF0022312008B532
:100D30001146F1F741FC3120BDE80840F1F70CBC49
:100D400000693430F8F7FEB9FAF7EEBD8368DB6965
:100D50000BB100221847704738B500F1D0050446A2
:100D60004FF400112846F5F7C5F800212846F5F79D
:100D7000DDF804F1C401D4F8D000BDE83840FFF735
:100D8000E5BF07B501AA00F0A9F9002805DB019B22
:100D900000221979186800F0B3F903B05DF804FB7C
:100DA000D0F8D8300BB1F5F741B9704738B5A0F19C
:100DB000B40504462846F5F7D7F830B92846F5F7C4
:100DC00051F9022344F8043C38BD0123FAE710B579
:100DD000013903698AB014461B69062929D8DFE85E
:100DE00001F00412281B0F1D220001A903F1340099
:100DF00000F0E2FD10B16FF0040002E0079B2360F9
:100E000000200AB010BD01A903F1340000F0D4FDA8
:100E10000028F0D1089BF2E70123F0E70AB0BDE813
:100E20001040F5F779B918460AB0BDE81040F5F75B
:100E300019B96FF01500E4E7436BC3671838FAF788
:100E400037BDFFF7F9BFFFF7F7BFF5F70FBB2DE988
:100E5000F3411C469046002382680D466946236094
:100E6000A360536901AA9847019B5A1E019223B9B6
:100E70006FF0150002B0BDE8F0810098A2684768E5
:100E80002168676085B9A8EB02030668B34228BFF2
:100E900033461A4403FB0711A260216002689A429C
:100EA00006D808300090DFE76B1AB3FBF7F3ECE7E6
:100EB0000020DFE713460022FFF7C9BF08B500692D
:100EC00004300122114602F057FE002008BD4FF009
:100ED000FF324FF0FF330430FAF726BD7FB50546E9
:100EE0000E46144601AAFFF7E5FF50B9013C01AADE
:100EF0002846A119FFF7DEFFB0FA80F0400904B0E0
:100F000070BD0020FBE708B50BB1CB0603D1BDE8EF
:100F10000840FFF7E3BF0846F5F7AEFC002008BD28
:100F20002DE9F043074689B00D4690461E46002441
:100F3000A64214D904F120094E4512D22022FF21E5
:100F4000684603F023F9321B08EB0401684603F0FE
:100F50000FF96A4629463846F5F7CAFD50B9002010
:100F60000AE024F007042946384608EB0402F5F7A6
:100F7000BFFD20B16FF0040009B0BDE8F08320355B
:100F80004C46D5E7436800205B681B690B607047DF
:100F900043685B68586942400A40424000205A61F9
:100FA0007047436800205B68996170474368090493
:100FB00000205B6899617047436800205B685A694C
:100FC00051405961704730B50369986800B30024F7
:100FD000884219D108688CB9DC689860A14200D1B8
:100FE000D860002008602AB19A680A60DA689960BF
:100FF00002B9D96000200FE02846E9E72060D868F0
:10100000814208BFDC60ECE705680446002DF3D19F
:10101000002AE9D16FF0150030BDF8B512F40034A4
:101020000D46076902F030061DD0940718D5510708
:101030003BD54FF42044130301D544F48014102E03
:101040002ED144F4802412F4403611D0796821FA6C
:1010500005F3DB075FBF0123AB400B437B6007E079
:101060004FF40054E7E7D103E9D4F6B94FF4C04494
:1010700002F44023D2012946003B02F4403218BF5B
:1010800001232243FDF70EFE46B97B6823FA05F2E1
:10109000D20741BF0122AA4093437B600020F8BDE4
:1010A000202E08BF44F40024CDE76FF08500F6E75A
:1010B00070B50B690E460546996809B10C6801B90F
:1010C00070BD8A682A4002D04B68304698471CB1F0
:1010D000236821461C46F2E72346FAE730B5036849
:1010E00013600579046804EBC504A34202D36FF0D2
:1010F000010030BD5C7908338C42F1D10020F8E763
:10110000F8B5044600EB8105AC4201D100200FE0A8
:1011100054F8046B06F01F00C6F34317F0F7D2F83B
:1011200038B1012332463946FDF7BCFD0028EBDA21
:10113000F8BD6FF01200FBE74368C1F34B1001F0FC
:101140001F011B68C05801238B4003400020003B57
:1011500018BF01231370704710B54368C1F34B10DB
:1011600001F01F011A68012384588B4023438350E8
:10117000002010BD10B54368C1F34B14012201F0EB
:101180001F0118688A40235823EA020323500020D5
:1011900010BD38B504460D46FFF7DEFF2946204650
:1011A000FFF7E8FF002038BDB0F5805F07D0B0F151
:1011B000805F09D100290CBF02200120704700295F
:1011C0000CBF04200320704700290CBF032002201D
:1011D000704743681B68D869DA69C0F3C00002F041
:1011E000010240EA4200DA699207DA6948BF40F03A
:1011F00004005107DA6948BF40F02000D20504D549
:101200004FF4807240F008001A62C10701D508222D
:101210001A62820701D501221A62410701D5022212
:101220001A62820601D504221A62704743681A685E
:1012300052E8003F43F0400342E800310029F7D173
:10124000704743681A6852E8003F23F0400342E8C1
:1012500000310029F7D1704743681A6852E8003F0F
:1012600043F0200342E800310029F7D1704743687A
:101270001A6852E8003F23F0200342E800310029B9
:10128000F7D1704743681B68D869C0F340107047B6
:101290000369C3E901127047026953680BB1916891
:1012A000184770470022262008B51146F1F784F947
:1012B0002620BDE80840F1F74FB90022272008B5E5
:1012C0001146F1F779F92720BDE80840F1F744B954
:1012D0000022342008B51146F1F76EF93420BDE83C
:1012E0000840F1F739B90022522008B51146F1F74C
:1012F00063F95220BDE80840F1F72EB900225320CF
:1013000008B51146F1F758F95320BDE80840F1F748
:1013100023B943681B68D869C0F3801070474368DD
:101320001B68D86910F0800002D01868C0F38010E4
:10133000704710B5026904460B46126812680A60CD
:1013400042681268126802F4C062B2F5806F33D04E
:10135000A2F5C060424242411A7162681268526846
:1013600002F44052B2F5805F28D0B2F5405F27D03A
:10137000002A0CBF012203225A71626812681068A9
:10138000116800F0102001F4C061FFF70DFF9871A3
:10139000626800201268926802F44072A2F54071FF
:1013A0004A424A41DA7161680968896811F4804FDC
:1013B00018BF0322DA7110BD0222CDE70022DBE75D
:1013C0000222D9E738B543680C461B6818681968CB
:1013D00000F0102001F4C061FFF7E6FE04281AD0E7
:1013E000D86910F0800015D0EFF31181102080F340
:1013F0001288BFF36F8F0020151A002D06DDDD69FE
:101400002D0603D5255C01309D62F5E781F3118837
:10141000BFF36F8F38BD6FF08500FBE710B54368F1
:1014200010201B68DA691206FCD5EFF3118280F3F5
:101430001288BFF36F8FDC69240604D482F311880D
:10144000BFF36F8FEEE7996282F31188BFF36F8F5E
:1014500010BD43681B68DA69910602D51A689206C6
:1014600007D4D86910F0400004D01868C0F3801089
:1014700070470120704738B543680C461B681868F0
:10148000196800F0102001F4C061FFF78DFE0428F8
:101490000FD000200821151A002D0CDDDD69AD06E6
:1014A00009D55D6A25540130DD692D07F3D5196230
:1014B000F1E76FF0850038BD43681B68DA691007F3
:1014C00001D508221A62DA69920603D55B6A002008
:1014D0000B7070474FF0FF307047EFF3118010230F
:1014E00083F31288BFF36F8F70474FF0FF30704760
:1014F00043684AF6AA2200201B681A607047002041
:1015000070477047F7B50446E0B190F8953403F0A2
:10151000FF021BB980F89424FFF7F3FF0323206830
:10152000251D84F8953400F054FD237C8DF800309F
:10153000206895E80E0000F0F4FC014630B102236B
:1015400084F895340125284603B0F0BD206800F0EA
:1015500046FD0028F3D1267904F114030127024641
:10156000C1B224338E4220D8002104F515730A46F7
:10157000C8B22433864226D8237C8DF800302068F8
:1015800095E80E00F8F74CF905460028D7D101235D
:10159000607484F89534237B012B02D1204600F03F
:1015A000E2F9206800F026FFCDE723F80A0C0130AD
:1015B00003F8237C03F8241C03F8202C43F8142C94
:1015C00043E90722CCE7013103F8232C03F8240C6C
:1015D00003F8202C43F8142C43E90722C8E770478E
:1015E00038B5044610B90125284638BD032380F8D4
:1015F0009534006800F0BEFE05460028F3D1204671
:10160000FFF7EDFF84F89554EEE710B590F89424B9
:1016100004460368012A16D0012280F89424DA686F
:10162000520606D5427B012A03D19A6B42F48032DE
:101630009A63206800F0C7FC206800F0CDFE00200F
:1016400084F8940410BD0220FCE738B590F8943477
:101650000446012B1BD00123056880F894342846EA
:1016600000F0B7FC206800F0C5FE1021206800F0F3
:10167000E4FCEB685B0606D5637B012B03D1AB6B07
:1016800023F48033AB63002084F8940438BD022037
:10169000FCE77047704710B590F894240446012A7F
:1016A0000AD00122417480F89424006800F084FE7E
:1016B000002084F8940410BD0220FCE770B50546B4
:1016C000242401F00F0011F0800FC2F30A0200FB86
:1016D00004F414BF04F1140104F5157105EB0406BC
:1016E00019BF012449194919002414BF747586F8DB
:1016F00055428A604A7808700B7102B14883022B08
:1017000004BF00234B7195F89434012B09D00123B9
:10171000286885F8943400F0E6FC002085F89404ED
:1017200070BD0220FCE701F00F02242311F0800FAE
:1017300002FB03F310B514BF03F1140103F5157197
:101740000446184415BF012300230919091914BFC1
:10175000437580F855320A7094F89434012B09D0FF
:101760000123206884F89434F8F712F9002084F8F3
:10177000940410BD0220FCE738B51546242401F07E
:101780000F02544304F515710444C4E9985300232F
:1017900084F854220144C4F8683284F855328279BE
:1017A000012A08BFC4F870520068F8F751F9002008
:1017B00038BD01F00F01242303FB0100D0F86802BB
:1017C000704738B51546242401F00F02544304F144
:1017D00014010444C4E90853002322750144A362A0
:1017E0000123637582799A4208BF25630068F8F780
:1017F0002FF9002038BD38B501F00F0503790446F4
:10180000AB422BD311F0800F4FF024031DD06B435C
:10181000012203F11401034401445A7501230D70A0
:101820008B7094F894249A421AD0206884F89434E7
:1018300000F018FD2DB904F29C42A1792068F8F758
:10184000EDF9002084F8940438BD4B43002203F5E1
:1018500015710344014483F85522DFE70120F3E7C3
:101860000220F1E738B501F00F02037904469342F4
:1018700025D3242311F0800F4FF0000502FB03F362
:1018800014BF03F1140103F51571184419BF0123A6
:1018900009190919002314BF437580F855328D705A
:1018A0000A7094F89434012B0BD00123206884F83B
:1018B000943400F002FD284684F8945438BD012089
:1018C000FCE70220FAE701F00F03242253430A0643
:1018D0004CBF03F1140103F515710144006800F0D9
:1018E00041BC10B590F894340446012B10D001236C
:1018F00080F894340B06006807D501F00F0100F062
:101900009CFB002084F8940410BD00F0B9FBF8E7BC
:101910000220F9E7006800F0BBBD006800F0C4BD1C
:1019200070B500681204436A19B91343836200203A
:1019300070BD846A4E1E03EB14430024A64205D8F2
:101940003F31134300EB81004360F0E704F14005B1
:10195000013400EB85056D6803EB1543EEE7036882
:10196000002059627047012102680346C0F8D8146C
:10197000002083F8CC04936943F000639361536DB6
:1019800043F0805343F0030353657047704770473B
:10199000704710B5044668B1032380F83030006802
:1019A00000F093F82046FFF7F3FF0020606384F80F
:1019B000300010BD0120FCE7836B0B60C36B4B60F4
:1019C000036C8B60436CCB60836C0B61C36C4B61AD
:1019D000036D8B61436D0020CB61704710B5416C86
:1019E00004460068090400F0C8F9014628B92068D7
:1019F00000F075F8C0F3432010BD636B0343002073
:101A00006363F7E770B5044686B018B90125284628
:101A100006B070BD90F8303003F0FF0213B90276C3
:101A2000FFF7B5FF0423204684F83030F7F7ECF8D1
:101A30000028EBD101A92046F7F704FA0028E5D1E8
:101A4000A16B9DF8143001299DF81520DBB2D2B2AC
:101A500005D1134314BF4FF400704FF48070A0659C
:101A60002046E168F7F7B4FA05460028CED1FDF725
:101A700004F906462046FFF7B1FF042806D10023EB
:101A80006363E362012384F83030C0E7FDF7F5F8C3
:101A9000801B0130EED14FF0004303256363012327
:101AA00084F83030B3E77047704770477047D0F81C
:101AB000800070470B68C0F88030002070470368D2
:101AC00043F00303036000207047036823F003031F
:101AD000036000207047006800F003007047143076
:101AE0004058704710B50B6843624B688362C26A06
:101AF000D1E9023422F0FF0223430C6949692343F0
:101B00000B431343C362002010BD30B54FF4807304
:101B100087B0102504460022019101A9CDE90253A6
:101B20004FF48053CDE90423F7F75AFC41F2883291
:101B30002946204607B0BDE83040F7F78DBC30B5E8
:101B40004FF4807387B0112504460022019101A94A
:101B5000CDE902534FF48053CDE90423F7F740FC5D
:101B600041F288322946204607B0BDE83040F7F7F9
:101B700073BC30B54FF4807387B012250446002241
:101B8000019101A9CDE902534FF48053CDE904231B
:101B9000F7F726FC41F288322946204607B0BDE817
:101BA0003040F7F759BC30B54FF4807387B0182533
:101BB00004460022019101A9CDE902534FF480535C
:101BC000CDE90423F7F70CFC41F288322946204680
:101BD00007B0BDE83040F7F73FBC30B54FF4807335
:101BE00087B0192504460022019101A9CDE90253CD
:101BF0004FF48053CDE90423F7F7F2FB41F288322A
:101C00002946204607B0BDE83040F7F725BC30B57F
:101C10004FF4807387B0202504460022019101A96A
:101C2000CDE902534FF48053CDE90423F7F7D8FBF5
:101C300041F288322946204607B0BDE83040F7F728
:101C40000BBC30B54FF4807387B0212504460022C9
:101C5000019101A9CDE902534FF48053CDE904234A
:101C6000F7F7BEFB41F288322946204607B0BDE8AF
:101C70003040F7F7F1BB30B54FF4807387B02625BD
:101C800004460022019101A9CDE902534FF480538B
:101C9000CDE90423F7F7A4FB4FF21862294620464A
:101CA00007B0BDE83040F7F7D7BB30B54FF48073CD
:101CB00087B0072504460022019101A9CDE902530E
:101CC0004FF48053CDE90423F7F78AFB41F28832C1
:101CD0002946204607B0BDE83040F7F7BDBB30B518
:101CE0004FF4807387B0372504460022019101A983
:101CF000CDE902534FF48053CDE90423F7F770FB8D
:101D000041F288322946204607B0BDE83040F7F757
:101D1000A3BB30B54FF4807387B00625044600227C
:101D2000019101A9CDE902534FF48053CDE9042379
:101D3000F7F756FB41F288322946204607B0BDE846
:101D40003040F7F789BB30B5002387B033254FF417
:101D50008072044601A9CDE90323CDE901354FF492
:101D600080530593F7F73CFB41F288322946204621
:101D700007B0BDE83040F7F76FBB30B54FF4807364
:101D800087B00D2504460022019101A9CDE9025337
:101D90004FF48053CDE90423F7F722FB41F2883258
:101DA0002946204607B0BDE83040F7F755BB30B5AF
:101DB000002387B00D254FF48072044601A9CDE9B8
:101DC0000323CDE901354FF480530593F7F708FB62
:101DD00041F288322946204607B0BDE83040F7F787
:101DE0003BBB10B5002386B00222044601A9CDE911
:101DF00001324FF44072CDE903234FF48053059331
:101E0000F7F7EEFA204606B0BDE81040F7F7E0BB62
:101E100010B5092286B04FF44073044601910021A9
:101E2000CDE902234FF48053CDE9041301A9F7F75C
:101E3000D7FA204606B0BDE81040F7F7C9BB10B589
:101E4000292286B04FF48073044601910021CDE928
:101E500002234FF48053CDE9041301A9F7F7C0FA28
:101E6000204606B0BDE81040F7F7DABB70B5002396
:101E700086B003264FF4807204460D4601A9CDE9D1
:101E80000323CDE901364FF480530593F7F7A8FA01
:101E90002A463146204606B0BDE87040F7F7E4BB5D
:101EA00010B54FF4D57286B008234FF48071044604
:101EB000CDE901230023CDE903134FF4805301A999
:101EC0000593F7F78DFA204606B0BDE81040F7F706
:101ED0000DBC82B0002302460193019B01330193A4
:101EE000019BB3F1706F1AD81369002BF5DA0A233E
:101EF0000193019B83B9136943F001031361019BB3
:101F000001330193019BB3F1706F08D8106910F091
:101F10000100F4D102B07047019B013BE8E70320C8
:101F2000F8E784B038B505AD044685E80E009DF8A5
:101F30001930012B35D1836B23F480338363C3685D
:101F400023F4840323F04003C360C36823F44013E5
:101F5000C3609DF82030012B03D1C36843F4801384
:101F6000C3602046FFF7B5FF9DF81630012B14D152
:101F7000E36D9BB2E365E36D43F07B7343F40033A1
:101F8000E365A36823F01E03A360A36843F0060380
:101F9000A360A36843F02003A360BDE8384004B009
:101FA0007047C36843F04003C360FFF792FF9DF89A
:101FB0001D3023B9A36B43F48033A363D4E7A36B31
:101FC00023F48033F9E7836843F001038360002042
:101FD0007047836823F0010383600020704738B5A1
:101FE000C368012905460C4623F0C043C36013D1E2
:101FF000C368002443F00053C3600A200A34FCF78E
:1020000045FE6B69D90702D4C82CF6D1C824A4F1C7
:10201000C8035842584138BD69B9C36843F080438A
:10202000C3600A200A34FCF731FE6B69DA07EED58B
:10203000C82CF6D1EAE70120EDE782B00023024682
:102040000193019B01330193019BB3F1706F15D88C
:102050001369002BF5DA8901002341F02001019377
:102060001161019B01330193019BB3F1706F05D89E
:10207000106910F02000F4D102B070470320FBE794
:1020800082B0002302460193019B01330193019B1F
:10209000B3F1706F13D81369002BF5DA00230193A5
:1020A00010231361019B01330193019BB3F1706F06
:1020B00005D8106910F01000F4D102B07047032069
:1020C000FBE7D0F800381943C0F80018002070472B
:1020D000D0F8083813F0060004D013F0020F14BF34
:1020E00002200F20704730B50C78012200F5006304
:1020F00004F00F0500EB4410AA404D78012D19D1D2
:10210000DD692A43DA61D0F800391A0410D48A68EC
:10211000D0F80059C2F30A030A792B4343EA8243F9
:1021200043EA845343F0805343F40043C0F800393A
:10213000002030BDDC6944EA0242DA61D0F8003B9D
:102140001B04F5D48B68D0F8002BC3F30A031343A8
:102150000A7943EA824343F0805343F40043C0F8D2
:10216000003BE5E737B500220346009284684878D3
:10217000012820D10A7803F510635201D458002CAD
:1021800002DB002003B030BDD45844F00064D450CA
:102190000A785201D45844F08044D450009A013255
:1021A0000092009AB2F5702FECD80A7852019A5832
:1021B000002AF3DBE5E79A6922F080029A6103F5D1
:1021C00000625869050603D4506840F400705060FE
:1021D000A00641D40098013000900098B0F5702F0F
:1021E00038D85869C506F5D500201C6A0194019CB1
:1021F00000240094009C01340094009CB4F5702FDE
:102200002CD85C692406F5D50C7803F5306364019D
:10221000E55845F00065E5500C786401E55845F057
:102220008045E55000240978009403EB41130099A0
:10223000013100910099B1F5702F11D89968890783
:10224000F5D5996841F002019960536843F48063C1
:10225000536097E70120C8E70020C9E70120D3E7D2
:102260000120EEE74A780B78012A00EB431012D1E7
:10227000D0F80029002A06DB2BB1D0F8003923F072
:102280008043C0F80039D0F8003943F40013C0F897
:10229000003900207047D0F8002B002A06DB2BB154
:1022A000D0F8003B23F08043C0F8003BD0F8003B5F
:1022B00043F40013C0F8003BEBE70B7800EB43104E
:1022C0004B78012B11D1D0F8003923F40013C0F85A
:1022D00000390B79023B012B05D8D0F8003943F0C7
:1022E0008053C0F8003900207047D0F8003B23F439
:1022F0000013C0F8003B0B79023B012BF3D8D0F858
:10230000003B43F08053C0F8003BECE710B59DF86C
:10231000084044B9033301329B0800EB023001EB63
:102320008303994201D1002010BD51F8042B0260B3
:10233000F7E770B50023940800F5805502F003021A
:10234000A34204D301EB840132B9084670BD2E6864
:1023500041F823600133F3E700F58050002304685F
:10236000D80024FA00F05854013398B28242F7D1D1
:102370005018EBE710B500F51063044600F52E6128
:102380004FF67F329A602033C3F8E8218B42F9D1AF
:1023900000222046C4F81028C4F81428C4F81C28C9
:1023A000FFF76EFE08B1032010BD10212046FFF795
:1023B00044FE0028F8D0F6E7D0F80038090123F4ED
:1023C000FE6301F4FE61C0F80038D0F8003819430C
:1023D000C0F8001800207047D0F8003E23F0030337
:1023E000C0F8003ED0F8043823F00203C0F80438E7
:1023F00000207047D0F8003E23F00303C0F8003EF1
:10240000D0F8043843F00203C0F8043800207047C5
:102410004269806910407047D0F8183800F50060B4
:10242000C0691840000C7047D0F8183800F50060FB
:10243000C069184080B2704700EB411100F50060A0
:10244000D1F8082B406910407047D0F81028D0F818
:10245000343800EB411001F00F0100F51060CB4063
:102460008068DB01DBB2134318407047406900F01D
:1024700001007047D0F800396FF30A03C0F8003943
:10248000D0F8043843F48073C0F804380020704753
:10249000D0F8083800F50060DB0703D5436843F047
:1024A0000103436000207047D0F8043823F0010393
:1024B000C0F8043800207047006870470B0A0170AC
:1024C00043700B0C090E8370C17070478369023929
:1024D000023B8B4283BF4389006B01FB030000205A
:1024E0007047034600F10B010020C20142EA50028E
:1024F00013F8010B50FA82F28B42D0B2F5D170473B
:1025000038B50D46044618B9092000232B6038BDA4
:102510000368002BF8D01A78002AF5D08188DA8871
:102520009142F1D15878F8F729FD10F00100EBD174
:102530002368EBE738B503790446C3B100F14005E1
:10254000026A012340782946F8F72CFD88B9A36A6E
:102550002071D4E90721CB1A934208D2E378022BE9
:1025600005D10A44012329466078F8F71BFD0020B5
:1025700038BD0120FCE72DE9F0470027D0F8009096
:1025800006460C468F758369002B00F08280C36A73
:1025900001335DD100231A46F069815C01322029A4
:1025A0000DD0052908BFE521092A05D10B2B9FBFB6
:1025B000E0182E2501334572E018013341720B2AD1
:1025C000EAD1E21800215172A27D002A51D1002BDC
:1025D00045D004F1080308205A78591C002A5AD122
:1025E0001B1B083B3EE0B8F1000F05D100F520535E
:1025F0009BB2B3F5006F13D340F2B51140EA084027
:10260000F8F70CFDFF28C5F1FF0A19D9BAF1010F3F
:1026100021D96319020AD8759A7502231D44002036
:1026200002378046D9F80C30D85B0028DBD1B8F1EE
:10263000000F4FF0000318BF00252544AB75A9E734
:1026400048B1BAF1000F08D0631998750123E5E786
:10265000B8463D46E6E70025E9E75546E7E73F236C
:10266000A3750123234400229A75F3691B7B03B9E8
:102670006372F369DB7A03F03F032372F0691C3065
:10268000FFF71AFF2060F369DB8AE380F3691B8B95
:10269000A380BDE8F0872E2A13460AD0413A192AB2
:1026A00004D8F269127B104200D020334B730B46E2
:1026B00092E71020FAE7F8B50446FFF73BFF05461E
:1026C000002846D16779012F3BD123786071032B15
:1026D00037D104F1400601464FF40072304601F054
:1026E00055FD52234122722184F8403004F50A70CE
:1026F00084F84130612384F8432084F8423084F820
:10270000273284F8241284F8251284F8262261697D
:10271000FFF7D4FE216904F50B70FFF7CFFE5523B8
:10272000626A314684F83E32AA230132607884F826
:102730003F323B4684F83C5284F83D522262F8F71F
:1027400031FC002260781146F8F736FC003818BFDB
:102750000120F8BDC2F307238A76CB760378032BDA
:1027600001BF120C0A75120A4A75704738B5036A20
:1027700004460D468B420FD0FFF7DCFE58B901230B
:102780002A4604F140016078F8F702FC10B10120FC
:102790004FF0FF35256238BD0020FCE701292DE907
:1027A000F84305460C4616466DD983698B426AD9B3
:1027B0000378022B3ED0032B4ED0012B63D101EBCB
:1027C0005107816A01EB5721FFF7D0FF10B10120BB
:1027D000BDE8F88314F0010405F1400807F1010990
:1027E000C7F30807F3B228461FBF18F8072002F006
:1027F0000F0242EA0313DBB208F807300123A96A8B
:102800002B7101EB5921FFF7B1FF0028DFD1C9F38C
:1028100008023CB1C6F3071608F802600123002045
:102820002B71D5E718F80230C6F3032623F00F0307
:102830001E43F1E7816A01EB1421FFF797FF00289F
:10284000C5D1640005F1400304F4FF741E551A1944
:10285000C6F307265670E1E7816A01EBD411FFF752
:1028600085FF0028B3D1A40005F1400304F4FE74F1
:1028700023441846FFF720FE0146184666F31B0165
:10288000FFF71CFECAE70220A2E7F8B505460E4690
:10289000FFF750FE0446A0B905F14007314628462F
:1028A0004FF40072FFF712FE2146064628623846B2
:1028B00001F06CFC6B899C4205D36B891C1B18BF13
:1028C00001242046F8BD0123321939466878F8F70B
:1028D00069FB0028F1D10134ECE703284B8B04BFDE
:1028E0008A8A43EA0243184670470129F8B506462A
:1028F0000C464FD9836999424CD20378022B29D0D8
:10290000032B35D0012B45D101EB5105816A01EB39
:102910005521FFF72BFF10B14FF0FF30F8BD6F1CB2
:10292000C5F30805B16A3046354401EB572195F8E7
:102930004050FFF71BFF0028EED1C7F308073744CC
:1029400097F8403045EA0320E3074CBF0009C0F385
:102950000B00E3E7816A01EB1421FFF707FF002872
:10296000DAD1640004F4FF743444B4F84000D5E7CD
:10297000816A01EBD411FFF7F9FE0028CCD1A40045
:1029800006F1400004F4FE742044FFF795FD20F0AA
:102990007040C3E70120C1E7F8B50C460646114672
:1029A0000568012C2BD9AB69A34228D92AB14FF075
:1029B000FF322846FFF7F2FE38B921463068274635
:1029C000FFF793FF044608B90020F8BD012816D090
:1029D000431C16D0002239462846FFF7DFFE0028A8
:1029E000F3D1D5E90532911E8B4205D201336B61DB
:1029F0006B7943F001036B71A242DED8E4E7022059
:102A0000E3E70120E1E72DE9F843814605680F4639
:102A100049B92E69C6B1AB69B34298BF01266B694B
:102A2000A3B9002406E02846FFF75FFF012804460B
:102A300003D801242046BDE8F883421C58D0AB6976
:102A40008342F7D83E46EAE70126E8E7BE4216D1C0
:102A5000AB69741CD9F800009C4228BF02242146AF
:102A6000FFF743FF0128E4D0431C41D0F0B1D5F873
:102A70001080B8F1010F02D9AB69984500D3B04678
:102A800044460134AB69A34203D8B8F1010FC8D062
:102A900002242146D9F80000FFF727FF40B10128A2
:102AA000C7D0013024D04445EBD1BAE7002CE6D0A2
:102AB0004FF0FF3221462846FFF770FEB0B977B9D4
:102AC0006B692C61002BB5D0AA69023A9342B1D848
:102AD000013B6B616B7943F001036B71AAE72246FE
:102AE00039462846FFF75AFE0028E9D00128A0D130
:102AF0004FF0FF349EE72DE9F84307690446894605
:102B000006682037B7F5001F24BF0023836183695F
:102B100073B1C7F30808B8F1000F39D10133416927
:102B2000836141B93389B3EB571F31D80023A361C7
:102B30000420BDE8F8837389013B13EA572327D1AA
:102B40003046FFF7D2FE0128054601D80220F0E703
:102B5000421C01D10120ECE7B369834212D8B9F1DC
:102B6000000FE3D061692046FFF74DFF0546A8B18D
:102B70000128EBD0431CEDD001463046FFF785FE1F
:102B80000028E7D1294630466561FFF79FFCA06128
:102B90004036002027614644E661CAE70720C8E7BF
:102BA000B1F5001FF8B506460C4601D30220F8BD6A
:102BB000CA06FBD1826805680161BAB92B78022B7D
:102BC00001D9EB6A9BB92B89B3EB541FEED9E86AA4
:102BD000C6E905200028E9D000EB54204035C4F3B5
:102BE0000804B06100202544F561E0E713466F89D1
:102BF0001A467F02BC42114603D22846FFF766FC04
:102C0000E6E73068FFF771FE431C024606D0012854
:102C1000CCD9AB698342C9D9E41BEBE70120C6E7F5
:102C20002DE9F041C16A044605684B1C066918D1BC
:102C3000E5274FF00108A1692846FFF797FDA0B9E5
:102C4000E3691F7085F804802369B3420DD2014601
:102C50002046FFF750FF0028EDD0042808BF0220CF
:102C600003E0FFF79DFF0028E2D0BDE8F0812DE9E9
:102C7000F04790B0904604460191002800F0CA80C9
:102C800002F03F0703A901A83A46F7F7EBF806461A
:102C9000002840F0B780039D04A8019925600495A1
:102CA000F7F728FB20B99DF93B30002BB8BF062071
:102CB00018F01C0F00F08A8000284BD0042840F048
:102CC000A18004A8F7F776FC002840F09B8047F02D
:102CD00008070B9B4FF0000A5A22212183F80EA00F
:102CE0005A7483F80FA019740B9B5A7683F816A0B8
:102CF00083F817A019760B992878FFF7EEFD2023AB
:102D000080465246CB7228460B99FFF723FD0B9B5A
:102D100083F81CA083F81DA083F81EA083F81FA0D1
:102D200001232B71B8F1000F11D05246414604A87F
:102D3000D5F82090FFF730FE002863D14946284699
:102D4000FFF714FD08F1FF332B6100285AD147F03B
:102D500040070AE018F0040F53D19DF8163013F025
:102D6000110F3DD118F0080FB3D12B6A0B992362D4
:102D700061622878FFF7B1FDA060034601F11C00F5
:102D8000FFF79AFBE060EA88B90680462774A280C4
:102D90004FF000026274E261626113D590B160612C
:102DA0006F897F0247451DD30020A36150BBC8F344
:102DB00008023AB119462846FFF788FB40B300EBFA
:102DC0005820E061304610B0BDE8F087D0B99DF8DA
:102DD0001630DA061AD418F0020FC6D0D807C4D5B8
:102DE00007200FE019462068FFF77FFD0128034602
:102DF000A8EB070803D9421CD4D10120D5E7022053
:102E0000D3E70820002306462360DBE70420F9E728
:102E10000220F7E70926D5E72DE9F04F9A4685B05D
:102E20000023894603A90446CAF800301546FFF777
:102E300067FB002840F0858094F81180B8F1000FFE
:102E40001FD194F810B01BF0010300937CD0E6680A
:102E50006369F61AAE4228BF2E4696B16269039F97
:102E6000C2F30803002B54D17B89013B13EA522B98
:102E700018D152B9A06801280CD84FF0020884F884
:102E80001180404605B0BDE8F08FA1692068FFF7CA
:102E90002CFDF0E7431C04D10123DDF800806374AE
:102EA000EFE7A061A1693846FFF710FB0028E4D0E6
:102EB000B6F5007F0BEB00022AD379890BEB562085
:102EC000750A01928842787888BFA1EB0B054946C4
:102ED0002B46F8F75DF80028DED13B7963B1386AFC
:102EE000019A801AA84207D24FF4007207F14001FC
:102EF00009EB402001F03CF96D02DAF80030761B56
:102F0000A9442B44CAF8003063692B446361A4E7E9
:102F1000E26165693846E169C5F30805C5F50075E4
:102F2000B54228BF3546FFF721FC0028B4D16169BE
:102F300040372A464846C1F30801394401F018F9E0
:102F4000DBE74FF009089CE74FF0070899E72DE908
:102F5000F04F9A4685B00023894603A90446CAF873
:102F600000309046FFF7CCFA002840F0A980677C3B
:102F70001FBB237C9A0740F1A580636913EB080F00
:102F800001D36FEA0308B8F1000F12D06369039E02
:102F9000C3F30802002A77D17589013D15EA53254C
:102FA0001ED173B9A16871B92046FFF72CFD014607
:102FB00048B9237C43F040032374384605B0BDE88C
:102FC000F08FA169F0E7012902D102276774F4E7C5
:102FD0004B1C01D10127F9E7A368A16103B9A160E6
:102FE000326AE3699A4204D13046FFF7A3FA002817
:102FF000F0D1A1693046FFF769FA0028E5D0B8F5AD
:10300000007F05EB000B32D3718905EB58204FEAA6
:1030100058235A468842707888BF4B1B4946019313
:10302000F7F7C0FF05460028D4D1316A019BA1EB18
:103030000B01994209D24FF4007209EB412106F1CC
:10304000400001F095F8019B35715D02DAF800301F
:10305000A8EB0508A9442B44CAF8003063691D4455
:10306000E3686561AB422CBFE360E5608BE76169B3
:10307000E368994206D33046FFF75CFA0028A9D1ED
:10308000C6F820B0C4F81CB065693046E169C5F3E4
:103090000805C5F50075454528BF4546FFF766FBA1
:1030A000002897D1636906F140002A464946C3F3D8
:1030B0000803184401F05CF84FF001033371C5E7D1
:1030C00009277AE7072778E7F7B501A90646FFF74A
:1030D00017FA70BB347C14F0400427D0019F316A8A
:1030E0003846FFF743FB044600BB756AEB7A294676
:1030F00043F02003EB72B2683068FFF72BFBF168F6
:1031000005F11C00FFF7DAF92123AC7538462B7660
:103110005A23EC756B760123AC74EC743B71FFF7AA
:10312000CAFA337C044623F040033374204603B0CC
:10313000F0BD0924FAE713B50446FFF7C5FF28B927
:1031400001A92046FFF7DCF910B9206002B010BDDC
:103150000920FBE72DE9F7430D4601A90446FFF7D7
:10316000CFF900287DD1667C002E51D1E368AB42B7
:1031700004D2227C12F0020F08BF1D4600226369B0
:1031800062619DB90020E2686369934284BF227C3A
:10319000E360C3F3080384BF42F040022274002BB3
:1031A00036D0E369834233D0E06131E0DDF804805A
:1031B000B8F80A707F027BB1013B6A1EB3FBF7F1DE
:1031C000B2FBF7F28A4207D37A42A1691340ED1AA3
:1031D00063610029D6D002E0A16889B1A161BD4236
:1031E000636920D863692B446361C5F30803002B2E
:1031F000C8D04046FFF76AF940B100EB5520C2E75E
:103200002046FFF700FC0128014605D1022666741E
:10321000304603B0BDE8F083481C01D10126F6E733
:10322000A160A161D5E73B44A5EB07096361237C5D
:103230009A0706D52046FFF7E6FB054628B9014662
:10324000D0E72068FFF751FB05466B1CE6D0012D47
:10325000DCD9D8F81830AB42D8D92946A5614D46FB
:10326000BDE70926D4E730B585B00446019148B3DF
:10327000002203A901A8F6F7F5FDC8B9039D204671
:1032800001992560F7F736F8B0B994F92B30002B87
:1032900007DBA379DB0613D52878E169FFF71DFB6F
:1032A000A060EB8800212046A380FFF779FC08B1DD
:1032B0000023236005B030BD042808BF0520F7E7D0
:1032C0000520F5E70920F5E713B501A90446FFF746
:1032D00017F900B9206002B010BD73B50C4601A902
:1032E0000546FFF70DF9D0B934B92146284602B09A
:1032F000BDE87040FFF754BCA0752846F6F7DAFE2B
:1033000010F0FB0611D121462846FFF734F931466B
:103310002846FFF7F0FB042805D1304601E00920DC
:103320001CB902B070BD0028FBD00023A375F8E7DC
:1033300030B58FB00D460022019002A901A8F6F722
:1033400091FD044690B9019902A8F6F7D3FF04460F
:1033500060B99DF93330002B07DB1DB1294602A867
:10336000FFF709F920460FB030BD0624002DF9D033
:103370000023AB75F6E72DE9F04F85B08846164679
:103380000022019003A901A8F6F76CFD054648B993
:10339000039C3460D4E90539A9F10202934205D8AF
:1033A000C8F80030284605B0BDE8F08F2378012B1F
:1033B00017D10227064639462046FFF796FA431CE6
:1033C00035D0012835D000B901360137A369BB4299
:1033D000F1D8C8F800606379666143F00103637156
:1033E000E0E7A16A0746064604F1400A37B92046DD
:1033F00001F1010BFFF7BAF9C8B959462378022B3E
:103400000BD1E319B3F8403003B901360237B9F1F3
:103410000109C7F30807E9D1DBE70AEB0700043726
:10342000FFF74AF830F0704308BF0136EFE7012597
:10343000B8E70225B6E773B501A90446FFF760F8BF
:10344000002832D1657CB5B9237C9A072FD56669EF
:10345000E3689E420FD28EB92A46A1682046FFF744
:103460009BFA0546A6606369E360237C43F0400352
:10347000237405B16574284602B070BDA169206847
:10348000FFF733FA431C01460BD001280BD0019BF8
:103490009B698342E7D9A2692046FFF77DFA05467A
:1034A000E1E70125DFE70225DDE70925E3E7072559
:1034B000E1E7F0B59DB00222019003A901A8F6F75B
:1034C000D1FC044688B9039E04A801990496F6F736
:1034D00011FF044648B99DF83B3013F0A00F35D1D9
:1034E0009DF81670FA0703D5072420461DB0F0BDDD
:1034F0000B993078FFF7F1F9FB0605460BD404A8C9
:10350000FFF78EFB04460028EFD1B5B93046FFF730
:10351000D2F80446E9E72146129010A81096FFF76A
:103520003FFB04460028E0D110A8F6F7C3FD04468F
:103530000028D9D00428D8D1E1E70246294604A8BA
:10354000FFF72AFA04460028CFD1DFE70624CCE7AC
:1035500070B594B00222019003A901A8F6F782FC8D
:103560000446054670B9039B08A801990893F6F72D
:10357000C1FE044648B99DF84B3013F0A00F0CBFB4
:1035800008240624204614B070BD0428FAD1039BF9
:10359000294604A80493FFF736FA054600285FD0B1
:1035A00001285FD0431C06D101240022294604A82B
:1035B000FFF7F2F9E6E701460398FFF766F90346DD
:1035C0000028F1D103984FF0203280F8563000F1F6
:1035D0004001C0F84120C0F84520A0F849202E2223
:1035E00080F85730212380F84020102280F858308E
:1035F0005A2380F84B202A4680F85930FFF7AAF862
:1036000000F160031A4651F8044B994242F8044B0A
:10361000F9D12E2301260A9A80F86130FFF79AF833
:10362000067108A8F6F7C6FF04460028BDD10F9B17
:1036300021215A229873D8735A7419740F9B987564
:10364000D8755A762A46197603980F99FFF782F8AB
:103650000F9B1022DA720671FFF72DF8044691E7EE
:103660000724A2E70224A0E72DE9F041A4B0CDE9A8
:1036700000106846F6F772FB022203A901A8F6F7CC
:10368000F1FB00287BD1039D002301990CA80C9528
:103690000E93F6F72FFE002871D19DF85B3013F0E2
:1036A000A00F6FD1139C04AEDDF83880234604F1DF
:1036B00020071868083353F8041C3246BB4203C283
:1036C0001646F6D10CAEE77A18AC0FCE0FC40FCE6B
:1036D0000FC496E80F0084E80F00009918A8F6F7C9
:1036E00009FE40B91A9B434503D11C9A109B9A428C
:1036F00003D0082043E0042841D118A8F6F75AFF68
:1037000000283CD11F990DF11D030DF12D0001F191
:103710000D0253F8044B834242F8044BF9D1188848
:10372000012410809B789370FA0658BF47F0200759
:10373000CF722C71CB7ADB061AD51A9B434517D072
:103740002878FFF7CAF801462846FEF7BFFE014673
:10375000D0B12846FFF70AF888B995F861302E2BCA
:1037600006D11A9A05F160012846FEF7F3FF2C7185
:103770000CA8FFF755FA10B92846FEF79CFF24B0B5
:10378000BDE8F0810620FAE70220F8E707B501233B
:103790000DF1070205218DF80730F7F70DFC03B096
:1037A0005DF804FB38B5044650B1F3F767FF4FF4FA
:1037B000F07305465C43F3F761FF431BA342FAD362
:1037C00038BD10B5436904463BB90020E268404269
:1037D000537843F00103537010BD98470028F4D08C
:1037E0000028E368B8BF4042FF28A8BFFF20187038
:1037F000ECE740B1C368587810F001001EBF18789C
:10380000B0FA80F0400970472DE9F04F89B00546C5
:103810000F46059206A8DDE912684346324600F0DD
:1038200083FBDDE90634CDE90234EFF311844FF078
:10383000100989F31288BFF36F8F05F10C0A05F1A7
:10384000140B059A39462846149B984730B184F3E7
:103850001188BFF36F8F09B0BDE8F08F56EA0806F4
:10386000F5D006A8DDE9022300F083FB524621468D
:103870005846DDE90668CDE90068F8F725FDEFF365
:10388000118489F31288BFF36F8FDAE710B400F167
:103890000C04C0E90344002404755DF8044BFAF7F6
:1038A00093BC38B50446EFF31185102383F31288D7
:1038B000BFF36F8FEDF73AFA04F10C0000F0F2FA63
:1038C00030B1294604F11400BDE8384000F0E7BAF1
:1038D00085F31188BFF36F8F38BD10B582696AB167
:1038E000C36842EA0301890708D14169A2FB0114B8
:1038F00024B95B182CBF0121002102D36FF0150001
:1039000005E09B1A016142698A4201D8002010BD7E
:10391000026901311A60826903619B1AF3E72DE99C
:10392000F04105460F46EFF31188102383F3128808
:10393000BFF36F8F0669FEB90468A0421CD0DCB1EA
:1039400004F11800D4E9003213605A60237CA660A9
:1039500023F00203C4E900662374F8F7DBFE204677
:10396000C4F89C60676100F022FA414605F1080046
:10397000BDE8F04100F093BA3E60EB692F61013B76
:10398000EB6188F31188BFF36F8FBDE8F08110B54C
:103990001024EFF3118384F31288BFF36F8FFBF7CA
:1039A000BAFBF6E7D0E9003213605A600023027CCC
:1039B000836022F00202C0E9003302747047C0E95C
:1039C000032303FB021200234161436280F830307D
:1039D000037200F128030162C0E90621C0E900007A
:1039E000C0E90A33704713B501240094F7F79AFD34
:1039F00002B010BD90F90E308B4201D0F8F78ABCAE
:103A000000207047D0E9003213605A600023027C26
:103A1000836022F00202C0E90033027470472DE98E
:103A2000F04190469DF8182004460D46079E02B1CD
:103A30004568224652F80C7F974217D0B7B13846F6
:103A4000FFF7E0FF07F11800F8F764FE002338469F
:103A5000C7F81480C7F89C3000F0A9F904F10800F9
:103A6000314600F01CFA0020BDE8F081A3B1082027
:103A7000F9F728F8002838D00122C0F80480026045
:103A8000016801F003015DB922680A4302606268BF
:103A900020606AB960600BE04046C8F80030EFE78C
:103AA0002A68032A16D80160616869B9C4E9000070
:103AB000042104F1140000F0D4FA0028CED186F3DA
:103AC0001188BFF36F8FCFE70A6802F00302024349
:103AD0000A60DFE722F003020A4302602A6802F06C
:103AE000030240EA02032B60E2E76FF00B00E6E717
:103AF0000023C0E90033037200F10C03C0E9033373
:103B000000F11403C0E90533704707B50A46EFF327
:103B10001183102181F31288BFF36F8F019301236A
:103B2000009300231946FFF77AFF03B05DF804FB0A
:103B300007B50A46EFF31183102181F31288BFF312
:103B40006F8F0193002319460093FFF768FF03B0BE
:103B50005DF804FBEFF31183102282F31288BFF3A8
:103B60006F8F006818B10268920718BF406883F32E
:103B70001188BFF36F8F70475AB18A4209D300F1A1
:103B80001003C0E90212C0E90000C0E904330020BC
:103B900070476FF015007047012302688B4022EADE
:103BA0000303036022FA01F000F001007047F8B54A
:103BB00004460E460C300321FFF7EEFF054630B1F8
:103BC000103410272046F8F7A5FD0B3001D0284609
:103BD000F8BD336883F31188BFF36F8FEFF3118360
:103BE00087F31288BFF36F8F3360EBE738B5E0B12E
:103BF00050F8F44F844218D0BCB1002504F11800ED
:103C0000D4E9003213605A60237CA56023F00203DC
:103C1000C4E900552374F8F77DFD2046C4F89C5094
:103C20006561BDE8384000F0C2B838BD73B50446E0
:103C3000EFF31185102383F31288BFF36F8F0023F6
:103C4000A0F11006032104380193FFF7A5FF28B166
:103C5000A36901A930460193F7F798FF85F311880E
:103C6000BFF36F8F02B070BD38B504460D46102209
:103C7000002100F08BFA656038BD13B5019008464D
:103C8000EFF31184102383F31288BFF36F8F01A920
:103C9000F7F77CFF84F31188BFF36F8F02B010BD7C
:103CA00010B5FFF7EAFF041E08DDEFF311801023C3
:103CB00083F31288BFF36F8FF8F7C6FB204610BD61
:103CC00038B530220D460021044600F05FFA4FF46B
:103CD00080736560E36038BDEFF30580003818BF7E
:103CE000012070476230704738B58589EFF3118144
:103CF000102282F31288BFF36F8F037C13F0080445
:103D000004D081F31188BFF36F8F38BD0122F8F71B
:103D1000CDF9EB07F9D584F31188BFF36F8F042336
:103D2000184602DFF1E7F8F79FBA38B50D46F8F705
:103D300015F9037C044643F002030374D5B1856092
:103D40002B689D4209D16B68C4E900531C606C600C
:103D500010E06A689A42F6D01B68002BF3D093F902
:103D60000E1094F90E209142F3DD5A68C4E9003236
:103D700014605C6038BDD0E9003213605A600023E3
:103D8000027C836022F00202C0E9003302747047B3
:103D900010B5EFF31184102383F31288BFF36F8FF4
:103DA000F8F72AF984F31188BFF36F8F10BDF8F785
:103DB00023B9F8F7D3B808B5EFF31181102282F3D5
:103DC0001288BFF36F8F83680BB1FFF7D4FF81F3C5
:103DD0001188BFF36F8F08BD08B5037C014613F04F
:103DE000280F0CD183680BB1FFF7C5FF0B7C084689
:103DF00023F004030B74BDE80840F8F7FDB808BDD4
:103E000038B50446EFF31185102383F31288BFF30E
:103E10006F8FF8F7C1FC18B9A4F11800FFF7DCFFA9
:103E200085F31188BFF36F8F38BD08B50346EFF3F4
:103E30001181102282F31288BFF36F8F00688342D2
:103E400007D008B1FFF797FF81F31188BFF36F8F99
:103E500008BD0020F8E770B50546EFF31184102384
:103E600083F31288BFF36F8F83680BB1FFF783FF73
:103E7000183510262846F8F74DFC0B3004D084F393
:103E80001188BFF36F8F70BD84F31188BFF36F8FFC
:103E9000EFF3118486F31288BFF36F8FEAE70846C9
:103EA000F8F7F0B870B50546EFF31186102383F3E9
:103EB0001288BFF36F8F04680020A54204D186F3F7
:103EC0001188BFF36F8F70BD002CF8D02046FFF72C
:103ED00052FF04F11800F8F71DFC2046F8F78CF8A3
:103EE0002C680120E9E738B505460C46F8F7C0FA1A
:103EF000B4F1FF3F08BFB5F1FF3F0CD040F2E7330C
:103F0000C1174FF47A72C0184FF0000341F100015D
:103F1000ECF762F938BD4FF0FF30FBE708B5F8F772
:103F2000C3FC08BDF8F7C0BCB3F1FF3F08BFB2F156
:103F3000FF3F70B506461D46144614D01A4316D0EE
:103F4000002B08DBF8F7B0FC041941EB0501304603
:103F5000C6E9004170BD6FF001031C1B4FF0FF3339
:103F600063EB0501F3E74FF0FF342146EFE7002450
:103F7000FBE7B3F1FF3F08BFB2F1FF3FF8B50746DB
:103F800016461C4610D054EA020311D0F8F78CFCF8
:103F9000B0420A460346A1410AD2F31A64EB020476
:103FA0003846C7E90034F8BD4FF0FF331C46F7E749
:103FB0000023FBE730B5002300240025036343639F
:103FC000C0E9081200F11802C0E90033C0E9062276
:103FD000C0E9024530BD2DE9F843846805460E4628
:103FE000D4B16378012B22D114F8503C9A0711D533
:103FF000A4F160073846FFF72EFF082E14BF0023F8
:104000006FF00303E36314F8503CDB0602D138463B
:10401000FFF7BEFE002323700023AB60EB68C3F301
:104020008632164366F39433EB60BDE8F883022BC7
:10403000F0D12378002BEDD054F8048CB8F1000FA8
:10404000E8D04FF00009274604F1140007F814994E
:10405000F8F760FB39464046C4F82C90FFF70DFE98
:10406000D8E738B5EFF31185102383F31288BFF337
:104070006F8F0468A04211D02046D4E9003213604B
:104080005A600023C4E90033FFF7A5FF85F31188C8
:10409000BFF36F8F201E18BF012038BD0024F5E745
:1040A000014610B570B151F8040DEFF311841023DF
:1040B00083F31288BFF36F8FECF738FE84F3118817
:1040C000BFF36F8F10BD08B5F9F774F9A0F12003A5
:1040D0005842584108BD07B5042101900DEB01007D
:1040E000F9F790F903B05DF804FB70B50E46451E74
:1040F000C41C3046F9F75EF9431C04D005F8010FE3
:10410000A542F6D1002070BD7047704700F10060F5
:1041100000F5003000687047400400F1006000F5D1
:10412000003300F580201A68013204D10433834241
:10413000F9D1012070470020704700207047704778
:1041400070470020F9F78AB908B5F9F70DF920B1E1
:104150000120BDE80840F9F7F5B808BD08B5F9F742
:1041600003F920B10020BDE80840F9F7EBB808BD1D
:104170000A44914200F1FF3300D1704710B511F8A5
:10418000014B03F8014F9142F9D110BD024403469F
:10419000934200D1704703F8011BF9E710B50139CC
:1041A0000244904201D1002005E0037811F8014F4C
:1041B000A34201D0181B10BD0130F2E7C9B203467B
:1041C000184613F8012B12B18A42F9D17047002921
:1041D00018BF0020704710B56AB10139841810F873
:1041E000012B11F8013F9A4203D1A04201D0002ACD
:1041F000F5D1D01A10BD1046FCE710B501390346C1
:1042000032B111F8014F03F8014B013A002CF7D1FC
:104210001A440021934200D110BD03F8011BF9E7B5
:1042200010B5024601448A42134603D01C7801327D
:10423000002CF8D1181A10BDC36803B118471846EE
:10424000704770B58B789B0705460C460BD54E68BA
:1042500015F8010B48B12146B0470028F8DAA378D9
:1042600043F00403A3704FF0FF3070BDF0B5C3F10D
:1042700037070446FFB203F01F031046082BE6B2CF
:1042800033D0102B3ED06508A40844EA817445EA77
:10429000C1752D194FEA910242EB5102290941EAF9
:1042A00002716D1842EB1212290A41EA02616D187F
:1042B00042EB1222290C41EA02416D1842EB1242F4
:1042C000AD1842F10002EC0844EA4274D10804EB54
:1042D0008402A6EB4205EDB2092D0CD90134A5F1FB
:1042E0000A0541F10001EDB212E0E40844EA41742C
:1042F00006F00705C908303554EA010200F8015BF1
:10430000BCD1F0BD240944EA017406F00F05090987
:10431000092D84BFED19EDB2EDE7D1E904329342E6
:104320001EBF5A1C0A611870704700000000000090
:084330005FF800F07B0000249F
:0843380008BFFE7F0100000038
:10434000000000006044010889120008000000001D
:1043500065B4000800000000000000007C44010873
:10436000000000005C450108000000004045010815
:1043700000000000CC45010800000000784501085D
:1043800000000000B045010800000000944501084D
:104390000000000024450108000000000845010855
:1043A00000000000EC44010800000000D0440108B7
:1043B00000000000B4440108000000009844010817
:1043C0007B01010800000000000000000446010815
:1043D000000000009046010800000000744601083B
:1043E0000000000058460108000000003C4601089B
:1043F000000000002046010800000000E845010818
:10440000A55E000800000000890B00080000000005
:10441000E574000800000000991300080000000087
:10442000DD2900080000000000000000C846010867
:1044300000000000E446010800000000AC4601084E
:104440000000000000470108B93B00080000000020
:104450008D2C00080000000073E20008000000003E
:104460003E6A010800000000884701084407002454
:10447000000000006D5B0008000000001F6E0108D6
:10448000244D0108684701084C0700240000000083
:1044900000000000000000004C580108F449010829
:1044A000444701082807002460230024A5120008BF
:1044B000000000005A580108084A01084447010852
:1044C0002A07002470230024A51200080000000021
:1044D000685801081C4A0108444701082C070024B9
:1044E00080230024A512000800000000765801086F
:1044F000304A0108444701082E0700249023002475
:10450000A51200080000000084580108444A010870
:104510004447010830070024A0230024A512000806
:104520000000000092580108584A01084447010859
:1045300032070024B0230024A51200080000000068
:10454000A05801086C4A01084447010834070024B8
:10455000C0230024A512000800000000AE58010886
:10456000804A01084447010836070024D02300246C
:10457000A512000800000000BC580108944A010878
:104580004447010838070024E0230024A51200084E
:1045900000000000CA580108A84A01084447010861
:1045A0003A070024F0230024A512000800000000B0
:1045B000D8580108BC4A0108444701083C070024B8
:1045C00000240024A5120008000000003665010840
:1045D0000000000000000000400700240000000070
:1045E000FD4B0008000000000C650108D44B0108D9
:1045F000A44701083E070024300100240D4A0008AA
:1046000000000000B46C0108C00500242447010824
:104610004807002454050024A96400080000000095
:10462000236F0108284D0108F84701084E070024B0
:10463000E80500248D72000800000000336F0108B7
:104640007C4D0108F847010850070024FC050024B0
:104650008D72000800000000436F0108D04D010872
:10466000F847010852070024100600248D72000844
:1046700000000000536F0108244E0108F8470108AC
:1046800054070024240600248D7200080000000056
:10469000636F0108784E0108F847010856070024A7
:1046A000380600248D72000800000000066A010828
:1046B0000C4C0108804C01084207002488030024A8
:1046C0005553000800000000F76D010800000000CD
:1046D0002C4701084A070024CC050024BD0E010820
:1046E000000000007E6F0108CC4E010878470108E9
:1046F0005807002450280024FF140108000000007F
:104700004B6C010800000000000000004607002478
:0C4710003C040024AD6000080000000024
:04471C00A5B4000838
:04472000D5CA0008EE
:10472400F1650008A1660008DD690008016D000854
:10473400656C000839680008416800085968000879
:104744001B100108850F0108910F0108A30F010830
:10475400AD0F0108B90F0108856D0008C70F0108E6
:1047640000000000391101085911010875110108F0
:104774009311010815770008EB1401089D760008D1
:10478400F1140108250C0108690C0108000000005F
:104794007D5A0008DD0C010800000000970C010898
:1047A40021FD0008914800080000000071FC000889
:1047B40075FD00084BFD00080DFD0008AB00010865
:1047C4003DFF000813FC0008E100010833FF000866
:1047D400000000002BFC00080000000000000000A6
:1047E40033FC00086700010845FC000829FE0008A6
:1047F4004DFC0008B91401081D140108D311010867
:104804006571000833130108C51301087714010802
:104814002D120108431201081F130108591201083F
:104824006F1201081313010885120108696E00084C
:10483400E16E000853140108000000009112010801
:0848440000000000000000006C
:10484C003058010803000000A65A010803000000BC
:10485C00C16C01080300000054650108030000004E
:10486C00AB5A010803000000116E010803000000A0
:10487C00065F0108030000000D5901080300000049
:10488C001C59010803000000205901080300000016
:10489C00205A010803000000EF5E0108030000002D
:1048AC00F75E0108030000009A7001080300000085
:1048BC007E570108030000003B5F01080300000065
:1048CC00176A010803000000F958010803000000F2
:1048DC00E6580108030000005D6C010803000000AD
:1048EC00306A010803000000415801080300000071
:1048FC00736F010803000000E0650108010000006F
:10490C00136A010801000000C563010801000000E2
:10491C005B61010801000000A064010801000000B7
:10492C001A62010801000000E65F010801000000A6
:10493C00DD5F010801000000FB64010801000000BC
:10494C00DC64010801000000CF62010801000000D6
:10495C000365010801000000CA55010803000000AE
:10496C00604B0108A00200240F5A0108010000004E
:10497C000F01000000000000000200000000000019
:10498C00F400000002000000904601083100000015
:10499C00744601083200000058460108330000003C
:1049AC0020460108340000003C4601083500000098
:1049BC00B855010800000000D4550108DF55010866
:1049CC00EC550108FB5501080C5601081656010858
:1049DC002F560108405601084C5601086056010834
:1049EC007B5601088E560108FFFF00000028025874
:1049FC000A000000E000000000040000FFFF0000BF
:104A0C000024025809000000E00000000002000031
:104A1C00FFFF00000020025808000000E00000002A
:104A2C0000010000FFFF0000001C025807000000FE
:104A3C00E000000080000000FFFF0000001802589A
:104A4C0006000000E000000040000000FFFF000036
:104A5C000014025805000000E000000020000000D7
:104A6C00FFFF00000010025804000000E0000000EE
:104A7C0010000000FFFF0000000C025803000000B3
:104A8C00E000000008000000FFFF000000080258D2
:104A9C0002000000E000000004000000FFFF000026
:104AAC000004025801000000E000000002000000B9
:104ABC00FFFF00000000025800000000E0000000B2
:104ACC0001000000B0450108944501087845010833
:104ADC005C450108404501082445010808450108CA
:104AEC00EC440108D0440108B4440108984401087E
:104AFC00B00F002400020000CFED000863ED0008A9
:104B0C00020000007FEF0008000000000000000021
:104B1C000000000000000000EF590108F7590108DF
:104B2C00000000000000000000000000FF59010818
:104B3C00035A0108075A01080B5A0108504B010887
:104B4C002C240024351D00084C240024E22C0024C5
:104B5C000100000041F0000837F0000805F00008E3
:104B6C00F9EF000800000000EDEF00080000000065
:104B7C00B00200246D2A00080000000051F100086A
:104B8C00A92D000893F300085BF30008CFF200088E
:104B9C00F3F1000805F30008BFF20008812D0008AE
:104BAC00312D000883F200080D2D0008992C000807
:104BBC00012E000845F2000855F2000835F20008F5
:104BCC00F9F10008B1F30008E8020024000000002D
:104BDC00BE06002428030024FC020024804B01089C
:104BEC00F84B01080002000000000000E00900245E
:104BFC00C44C010804080024000000000000000060
:104C0C000000084009000000001000009F0A010885
:104C1C0065000000584C0108684C0108D04C010894
:104C2C000000000000000000000000000000000078
:104C3C0002000000020000009C2600241025002425
:104C4C000040002400020000FF030200D800000016
:104C5C00000000080F00000054003402704C0108E2
:104C6C0001000000784C01080200000060550000B3
:104C7C00805500005D0A0108D30A0108770A010873
:104C8C00354F00086D5800080000000099570008C7
:104C9C002558000831510008F557000800000000A5
:104CAC0025500008D55000082552000889510008ED
:104CBC00BB0A0108CB0A0108F90B0108000000002F
:104CCC00E10B0108415A0008595A00080000001075
:104CDC00E44C010801000000EC4C01080600000047
:104CEC000259070022590700425907006259070070
:104CFC00825907004358070019610008150D010877
:104D0C00FD62000891630008D55F0008CF0D010813
:104D1C002000000000FF000000440258007C00400E
:104D2C00604401087C4401081F120000544D010826
:104D3C000200000000000000000000000000000065
:104D4C00644D0108FD120108E8000000000000801D
:104D5C000F000000540040026C4D010801000000DF
:104D6C00744D01080200000024500400045000009F
:104D7C0000780040604401087C4401081E120000C9
:104D8C00A84D010802000000000000000000000017
:104D9C0000000000B84D0108E7120108E80000000F
:104DAC00000000400F00000054004002C04D0108FC
:104DBC0001000000C84D010802000000044F04006F
:104DCC00E44E0000004C0040604401087C440108A3
:104DDC0013120000FC4D010802000000000000004E
:104DEC0000000000000000000C4E0108D112010868
:104DFC00E8000000000008000F0000005400400212
:104E0C00144E0108010000001C4E010802000000B5
:104E1C00005004002050000000480040604401088D
:104E2C007C44010812120000504E010802000000E0
:104E3C00000000000000000000000000604E0108AF
:104E4C00BB120108E8000000000004000F00000085
:104E5C0054004002684E010801000000704E010829
:104E6C0002000000034F0400234F000000440040E8
:104E7C00604401087C44010811120000A44E010892
:104E8C000200000000000000000000000000000014
:104E9C00B44E0108A5120108E80000000000020051
:104EAC000F00000054004002BC4E0108010000003D
:104EBC00C44E010802000000A34E0400C34E0000C3
:104ECC00004800580700000000000000000000002F
:104EDC00000000004B700108597001086D7001084A
:104EEC007C700108887001084043010840430108A8
:104EFC00084401081844010858440108604401089A
:104F0C009D70010800010000000000000904001061
:104F1C0000000030010004001000400000010002FD
:104F2C000000010002000400080010002000000036
:104F3C007D1D0100632C001E9601A01E5A01001F4E
:104F4C000806101F0606201F0806301F0806401F03
:104F5C000606511F0700591F521F5B1F541F5D1F70
:104F6C00561F5F1F601F0806701F0E00BA1FBB1F65
:104F7C00C81FC91FCA1FCB1FDA1FDB1FF81FF91F61
:104F8C00EA1FEB1FFA1FFB1F801F0806901F080665
:104F9C00A01F0806B01F0400B81FB91FB21FBC1F0A
:104FAC00CC1F0100C31FD01F0206E01F0206E51F25
:104FBC000100EC1FF31F0100FC1F4E2101003221E8
:104FCC0070211002842101008321D0241A05302C79
:104FDC002F04602C0201672C0601752C0201802C19
:104FEC006401002D260841FF1A03000061001A031A
:104FFC00E0001703F8000703FF000100780100012F
:10500C00300132010601390110014A012E017901EA
:10501C00060180014D00430281018201820184015D
:10502C00840186018701870189018A018B018B012B
:10503C008D018E018F0190019101910193019401D9
:10504C00F60196019701980198013D029B019C0184
:10505C009D0120029F01A001A001A201A201A401B7
:10506C00A401A601A701A701A901AA01AB01AC01EA
:10507C00AC01AE01AF01AF01B101B201B301B3019B
:10508C00B501B501B701B801B801BA01BB01BC014A
:10509C00BC01BE01F701C001C101C201C301C401C1
:1050AC00C501C401C701C801C701CA01CB01CA01AE
:1050BC00CD011001DD0101008E01DE011201F301B1
:1050CC000300F101F401F401F8012801220212019C
:1050DC003A020900652C3B023B023D02662C3F0262
:1050EC0040024102410246020A0153024000810182
:1050FC008601550289018A0158028F015A029001DA
:10510C005C025D025E025F02930161026202940125
:10511C006402650266026702970196016A02622CBC
:10512C006C026D026E029C01700271029D01730291
:10513C0074029F0176027702780279027A027B026E
:10514C007C02642C7E027F02A60181028202A901EC
:10515C008402850286028702AE014402B101B201CB
:10516C0045028D028E028F0290029102B7017B03E1
:10517C000300FD03FE03FF03AC0304008603880356
:10518C0089038A03B1031103C2030200A303A3031F
:10519C00C4030803CC0303008C038E038F03D803D2
:1051AC001801F2030A00F903F303F403F503F60301
:1051BC00F703F703F903FA03FA033004200350044E
:1051CC001007600422018A043601C1040E01CF04C9
:1051DC000100C004D0044401610526040000C7008E
:1051EC00FC00E900E200E400E000E500E700EA0072
:1051FC00EB00E800EF00EE00EC00C400C500C900B5
:10520C00E600C600F400F600F200FB00F900FF0017
:10521C00D600DC00A200A300A500A7209201E100AB
:10522C00ED00F300FA00F100D100AA00BA00BF00B3
:10523C001023AC00BD00BC00A100AB00BB0091254D
:10524C009225932502252425612562255625552571
:10525C006325512557255D255C255B2510251425D7
:10526C0034252C251C2500253C255E255F255A253B
:10527C00542569256625602550256C2567256825EC
:10528C006425652559255825522553256B256A25F6
:10529C0018250C25882584258C2590258025B1037F
:1052AC00DF009303C003A303C303B500C403A60329
:1052BC009803A903B4031E22C603B5032922612255
:1052CC00B1006522642220232123F7004822B0007C
:1052DC001922B7001A227F20B200A025A0003F009F
:1052EC0055534244206D6573736167653A2025738D
:1052FC00004661696C656420746F20656E61626C38
:10530C00652055534220646576696365207375701A
:10531C00706F7274004661696C656420746F2064F0
:10532C00697361626C6520555342206465766963CC
:10533C006520737570706F7274000A0A2A2A2A200D
:10534C004D41494E28292053544152544544202A5A
:10535C002A2A0A000A0A3D3D3D204D41494E20456E
:10536C004E5445524544203D3D3D0A00436F6E6608
:10537C0069677572696E672055534220636C6F6361
:10538C006B20666F722048534934380048534934B7
:10539C0038206661696C656420746F207374616277
:1053AC00696C697A65004661696C656420746F206C
:1053BC00616464206C616E672064657363726970EC
:1053CC00746F722028256429004661696C6564201D
:1053DC00746F20616464206D6672206465736372FF
:1053EC006970746F722028256429004661696C65A8
:1053FC006420746F206164642070726F64756374D0
:10540C002064657363726970746F72202825642937
:10541C00004661696C656420746F20616464204887
:10542C005320636F6E66696775726174696F6E2065
:10543C0028256429004661696C656420746F2072AC
:10544C006567697374657220485320636C6173736C
:10545C0065732028256429004661696C6564207495
:10546C006F2061646420465320636F6E66696775B4
:10547C00726174696F6E2028256429004661696C1D
:10548C00656420746F20726567697374657220633C
:10549C006C61737365732028256429004661696CFF
:1054AC00656420746F206164642073657269616C3B
:1054BC002064657363726970746F72202825642987
:1054CC00004661696C656420746F2072656769734E
:1054DC00746572206D6573736167652063616C6CB4
:1054EC006261636B202825642900757362645F69AF
:1054FC006E697428292074696D6564206F75743B1E
:10550C0020736B697070696E6720757362645F6578
:10551C006E61626C65282920616E6420636F6E7405
:10552C00696E75696E6700757362645F696E697424
:10553C0028292072657475726E65642025643B2081
:10554C00617474656D7074696E6720656E61626CF0
:10555C006520616E7977617900757362645F656E41
:10556C0061626C6528292072657475726E656420A1
:10557C0025640025733A20757362643D25640063CD
:10558C007562655F6F72616E67655F7A6570687969
:10559C00720073657269616C25632064657669635A
:1055AC0065206E6F74207265616479006466755F46
:1055BC0064667500637562655F75736264007A6515
:1055CC0070685F6D61696E0056425553207265615B
:1055DC00647900564255532072656D6F7665640090
:1055EC0044657669636520726573756D6564004406
:1055FC0065766963652073757370656E64656400A8
:10560C00427573207265736574004E65772064650E
:10561C007669636520636F6E66696775726174691C
:10562C006F6E00436F6E74726F6C6C657220657276
:10563C00726F7200537461636B206572726F7200CB
:10564C004344432041434D206C696E6520636F6475
:10565C00696E67004344432041434D20636F6E7471
:10566C00726F6C206C696E65207374617465004494
:10567C004655206465746163682072657175657345
:10568C00740044465520646F776E6C6F61642063C0
:10569C006F6D706C65746564002323232046415440
:1056AC00414C204552524F522023232300726561F6
:1056BC00736F6E3D0070633D006C723D0072303D47
:1056CC0000787073723D00434653523D0048465378
:1056DC00523D004D4D4641523D00424641523D0027
:1056EC002323232048414C54494E4720286E6F7485
:1056FC0020726573657474696E67292023232300F7
:10570C006865617020636F7272757074696F6E205A
:10571C00286E6F7420696E207573653F2920617443
:10572C00202570006865617020636F7272757074EB
:10573C00696F6E2028627566666572206F76657279
:10574C00666C6F773F292061742025700068656155
:10575C007020636F7272757074696F6E2028646F3D
:10576C0075626C6520667265653F29206174202521
:10577C0070006F735F6865617000286E756C6C29C2
:10578C000028756E7369676E6564292063686172A1
:10579C00202A207573656420666F72202525702081
:1057AC00617267756D656E742E2049742773207253
:1057BC0065636F6D6D656E64656420746F206361E5
:1057CC00737420697420746F20766F6964202A20AA
:1057DC0062656361757365206974206D61792063FE
:1057EC0061757365206D69736265686176696F7246
:1057FC0020696E206365727461696E20636F6E66DA
:10580C00696775726174696F6E732E205374726957
:10581C006E673A2225732220617267756D656E740E
:10582C003A25640063627072696E74665F706163BE
:10583C006B616765007379735F6765746F70740073
:10584C006770696F403538303232383030006770ED
:10585C00696F403538303232343030006770696FE0
:10586C00403538303232303030006770696F403537
:10587C0038303231633030006770696F4035383002
:10588C003231383030006770696F40353830323122
:10589C00343030006770696F403538303231303019
:1058AC0030006770696F403538303230633030000B
:1058BC006770696F4035383032303830300067707F
:1058CC00696F403538303230343030006770696F72
:1058DC004035383032303030300073746D33325FD5
:1058EC006770696F706F72745F6D67720073746D3F
:1058FC0033325F6261636B75705F646F6D61696E8B
:10590C000066735F7A6D73006C6F6767696E670012
:10591C006C6F67006C6F675F6D676D74004D6573BE
:10592C0073616765202822257322292064726F70A9
:10593C0070656420626563617573652069742065A8
:10594C007863656564732073697A65206C696D6929
:10595C00746174696F6E2028257529004D65737309
:10596C006167652064726F70706564206265636145
:10597C00757365206974206578636565647320733D
:10598C00697A65206C696D69746174696F6E202821
:10599C00257529000D0A001B5B306D0025732E0048
:1059AC0025733A2000257320005B2530386C755D1B
:1059BC0020005B253032753A253032753A2530326D
:1059CC00752E253033752C253033755D20003C2524
:1059DC00733E200025732F002530327820007C0088
:1059EC002563001B5B313B33316D001B5B313B335B
:1059FC00336D006572720077726E00696E660064BA
:105A0C006267006C6F675F6261636B656E645F7584
:105A1C00617274006C6F675F7561727400446973B6
:105A2C006B207265666572656E636520636F756E5B
:105A3C0074206174206D61782076616C756500440A
:105A4C0069736B20697320616C7265616479206481
:105A5C0065696E697469616C697A656400696E76F2
:105A6C00616C6964206469736B20696E746572661D
:105A7C006163652121006469736B20696E746572C2
:105A8C006661636520616C7265616479207265671B
:105A9C00697374657265642121006469736B0066B7
:105AAC006C6173680072302F61313A202030782598
:105ABC00303878202072312F61323A20203078250E
:105ACC00303878202072322F61333A2020307825FC
:105ADC003038780072332F61343A202030782530FA
:105AEC003878207231322F69703A20203078253086
:105AFC003878207231342F6C723A2020307825306F
:105B0C0038780020787073723A202030782530383D
:105B1C007800735B2532645D3A202030782530386C
:105B2C00782020735B2532645D3A20203078253054
:105B3C0038782020735B2532645D3A20203078253C
:105B4C003038782020735B2532645D3A2020307821
:105B5C00253038780066707363723A2020307825CF
:105B6C00303878004661756C74696E6720696E73A5
:105B7C007472756374696F6E20616464726573739B
:105B8C0020287231352F7063293A2030782530382F
:105B9C007800556E68616E646C6564204952516E74
:105BAC003A202564002A2A2A2A2A2055534147459F
:105BBC00204641554C54202A2A2A2A2A00202044C7
:105BCC0069766973696F6E206279207A65726F00ED
:105BDC002020556E616C69676E6564206D656D6F14
:105BEC007279206163636573730020204E6F2063AC
:105BFC006F70726F636573736F7220696E737472FA
:105C0C00756374696F6E73002020496C6C656761F5
:105C1C006C206C6F6164206F66204558435F524561
:105C2C005455524E20696E746F2050430020204909
:105C3C006C6C6567616C20757365206F6620746889
:105C4C00652045505352002020417474656D70746A
:105C5C0020746F206578656375746520756E646556
:105C6C0066696E656420696E737472756374696FAE
:105C7C006E002A2A2A2A2A204D5055204641554C7E
:105C8C0054202A2A2A2A2A002020537461636B6923
:105C9C006E67206572726F722028636F6E74657800
:105CAC00742061726561206D69676874206265207B
:105CBC006E6F742076616C696429002020556E73B8
:105CCC007461636B696E67206572726F720020205D
:105CDC0044617461204163636573732056696F6C12
:105CEC006174696F6E0020204D4D46415220416415
:105CFC0064726573733A2030782578002020496EE1
:105D0C00737472756374696F6E204163636573732A
:105D1C002056696F6C6174696F6E002020466C6F41
:105D2C006174696E672D706F696E74206C617A791D
:105D3C00207374617465207072657365727661741A
:105D4C00696F6E206572726F72002A2A2A2A2A20C5
:105D5C00425553204641554C54202A2A2A2A2A00BF
:105D6C002020537461636B696E67206572726F7269
:105D7C000020205072656369736520646174612032
:105D8C00627573206572726F720020204246415218
:105D9C0020416464726573733A2030782578002052
:105DAC0020496D707265636973652064617461204C
:105DBC00627573206572726F72002020496E737465
:105DCC0072756374696F6E20627573206572726F81
:105DDC0072005265736572766564204578636570F0
:105DEC0074696F6E20280053707572696F7573201B
:105DFC00696E746572727570742028495251200056
:105E0C00535053454C20696E207468726561642050
:105E1C006D6F646520646F6573206E6F7420696E9E
:105E2C0064696361746520505350002A2A2A2A2A17
:105E3C002048415244204641554C54202A2A2A2AB3
:105E4C002A002020427573206661756C74206F6E79
:105E5C0020766563746F72207461626C6520726564
:105E6C0061640020204465627567206576656E74F8
:105E7C000020204661756C7420657363616C6174DD
:105E8C00696F6E20287365652062656C6F772900D9
:105E9C00415243485F4558434550542077697468D4
:105EAC0020726561736F6E2025780A002A2A2A2ACF
:105EBC002A204465627567206D6F6E69746F72205D
:105ECC00657863657074696F6E202A2A2A2A2A0005
:105EDC002A2A2A2A2A20257320256429202A2A2ABC
:105EEC002A2A006E65745F627566006E65745F6267
:105EFC0075665F73696D706C6500667300556E6DC9
:105F0C006F756E74206661696C6564202825642940
:105F1C0000436F756C64206E6F7420706F776572C0
:105F2C00206F6666206469736B20282564290070D5
:105F3C006F7369785F74696D6572005553422064A4
:105F4C00657669636520636F6E74726F6C6C6572D5
:105F5C00206973206E6F74207265616479004661EC
:105F6C00696C656420746F20656E61626C6520637A
:105F7C006F6E74726F6C6C657200427566666572DA
:105F8C0020707265616C6C6F636174696F6E2066F2
:105F9C0061696C6564004661696C656420746F208E
:105FAC00726573657420636F6E6669677572617470
:105FBC00696F6E004661696C656420746F2064695A
:105FCC007361626C65205553422064657669636524
:105FDC0000757362645F64657600757362645F64F8
:105FEC00657363004661696C656420746F20656E2F
:105FFC0071756575652053746174757320494E20F5
:10600C00627566666572004661696C656420746FC2
:10601C0020656E7175657565205345545550206229
:10602C00756666657200436F6E666967757261743A
:10603C00696F6E2064657363726970746F7220256A
:10604C0075206E6F7420666F756E640043616E20F0
:10605C006F6E6C792068616E646C6520636F6E7412
:10606C00726F6C207265717565737473004D616C21
:10607C00666F726D656420736574757020706163F2
:10608C006B657400556E6578706563746564206229
:10609C007566666572206C696E6B656420746F2022
:1060AC007365747570004661696C656420746F204B
:1060BC0073657420646576696365206164647265D8
:1060CC0073732030782578004661696C65642074A0
:1060DC006F2073657420636F6E6669677572617487
:1060EC00696F6E2025752C202564004857494E4653
:1060FC004F206E6F7420696D706C656D656E746584
:10610C0064206F7220656E61626C65640046616923
:10611C006C656420746F20656E71756575652053B0
:10612C007461747573204F55542062756666657280
:10613C00004661696C656420746F20656E61626CE9
:10614C006520544553545F4D4F44452025750075CB
:10615C007362645F636839004661696C65642074BE
:10616C006F20676574206366675F6E642C206465BE
:10617C00737069746520636F6E66696775726564A8
:10618C00207374617465004661696C656420746F7A
:10619C00207365742064656661756C742061646439
:1061AC0072657373206166746572206275732072F8
:1061BC0065736574004661696C656420746F207347
:1061CC0065742064656661756C74207374617465A4
:1061DC0020616674657220627573207265736574D4
:1061EC0000554443206572726F72206576656E743B
:1061FC00004661696C656420746F20696E69742057
:10620C00646576696365206472697665720075737E
:10621C0062645F636F726500456E64706F696E6770
:10622C0020307825303278206E6F7420617373695A
:10623C00676E6564004661696C656420746F2061EB
:10624C00737369676E20656E64706F696E7420611C
:10625C006464726573736573004661696C65642070
:10626C00746F20696E697469616C697A6520636CFE
:10627C0061737320696E7374616E63650046616946
:10628C006C656420746F20696E69742048532063B8
:10629C006F6E66696775726174696F6E2025750023
:1062AC004661696C656420746F20696E6974204660
:1062BC005320636F6E66696775726174696F6E20C7
:1062CC00257500757362645F696E6974004665615B
:1062DC0074757265206E6F7420737570706F727444
:1062EC00656420627920636F6E74726F6C6C65727A
:1062FC000055534220646576696365207375707030
:10630C006F727420697320696E697469616C697A43
:10631C00656400436F6E74726F6C6C657220646F91
:10632C0065736E277420737570706F727420485388
:10633C0000556E737570706F7274656420636F6E48
:10634C0066696775726174696F6E207370656564D8
:10635C0000485320636F6E66696720616C726561DB
:10636C006479206F6E204653206C69737400465319
:10637C0020636F6E66696720616C72656164792059
:10638C006F6E204853206C697374004661696C65AC
:10639C006420746F2061646420636F6E6669677536
:1063AC00726174696F6E20737472696E67206465B4
:1063BC007363726970746F7200757362645F636685
:1063CC0067005553422064657669636520636C6190
:1063DC007373202573206E6F7420666F756E640066
:1063EC004E6F20636F6E66696775726174696F6E4C
:1063FC002073657420284164647265737320737410
:10640C006174652900436C617373207265676973ED
:10641C00746572656420746F206F74686572206394
:10642C006F6E746578742061742064696666657239
:10643C00656E74207370656564004661696C656493
:10644C0020746F20726567697374657220257320E0
:10645C00746F20485320636F6E6669677572617440
:10646C00696F6E202575004661696C656420746FD8
:10647C0020726567697374657220257320746F20B0
:10648C00465320636F6E66696775726174696F6ECF
:10649C0020257500757362645F636C6173730046CD
:1064AC0061696C656420746F2068616E646C652032
:1064BC006F702025642C2065702030782530327860
:1064CC002C20626D203078253038782C2025640003
:1064DC00757362645F6966616365006465766963A0
:1064EC00652069732073757370656E6465640075DF
:1064FC007362645F657000757362645F6D736700CF
:10650C006364635F61636D30006364635F61636DDB
:10651C005F3000496E76616C6964206C696E652031
:10652C006E756D62657220257500696E7465727288
:10653C007570742D636F6E74726F6C6C6572403510
:10654C003830303030303000657874695F73746D7A
:10655C0033320065702030782530327820616C72CF
:10656C006561647920656E61626C656400456E647A
:10657C00706F696E74203078253032782076616CBB
:10658C0069646174696F6E206661696C656400652D
:10659C00702030782530327820616C7265616479B6
:1065AC002064697361626C6564004661696C656442
:1065BC0020746F20616C6C6F63617465206E657400
:1065CC005F62756620257A642C20657020307825F2
:1065DC00303278007564630068616C5F7564635F6A
:1065EC007365745F656E64706F696E745F737461EC
:1065FC006C6C206661696C65642830782530327863
:10660C00292C20256400556E61626C6520746F2006
:10661C00616C6C6F63617465204649464F20666FF0
:10662C007220307825303278005043445F537461C7
:10663C007274206661696C65642C20256400466167
:10664C00696C656420656E61626C696E672065704B
:10665C0020307825303278004661696C656420748E
:10666C006F2064697361626C6520636F6E74726F06
:10667C006C20656E64706F696E74005043445F5398
:10668C00746F70206661696C65642C2025640068E9
:10669C00616C5F7564635F72656D6F74655F776164
:1066AC006B6575705F73746172742C202564005077
:1066BC0043445F4465496E6974206661696C656426
:1066CC002C202564004661696C656420746F20641D
:1066DC00697361626C6520555342205048593A20C9
:1066EC00256400556E61626C6520746F206469735B
:1066FC0061626C652055534220636C6F636B00457F
:10670C0072726F722064697361626C696E67206368
:10671C006C6F636B287329004572726F7220646909
:10672C007361626C696E672055534220706F776598
:10673C00723A202564004572726F7220656E616238
:10674C006C696E672055534220706F7765723A20E2
:10675C00256400436F756C64206E6F742073656CD8
:10676C006563742055534220646F6D61696E2063BC
:10677C006C6F636B00556E61626C6520746F206585
:10678C006E61626C652055534220636C6F636B00C5
:10679C004661696C656420746F206765742055537D
:1067AC004220646F6D61696E20636C6F636B207245
:1067BC006174650055534220436C6F636B206973A1
:1067CC00206E6F742034384D487A202825642900B7
:1067DC004661696C656420746F20656E61626C65DE
:1067EC0020555342205048593A2025640045727276
:1067FC006F7220656E61626C696E6720636C6F638B
:10680C006B287329005043445F496E69742066619C
:10681C00696C65642C202564004661696C65642094
:10682C00746F20726567697374657220656E64702D
:10683C006F696E74005553422070696E6374726C8C
:10684C00207365747570206661696C6564202825F9
:10685C006429005265736574204750494F20646564
:10686C0076696365206E6F7420726561647900438C
:10687C006F756C646E277420636F6E6669677572D2
:10688C00652072657365742070696E0068616C5F59
:10689C007564635F7365745F656E64706F696E7445
:1068AC005F7472616E736D6974206661696C656486
:1068BC0028307825303278292C2025640068616CCA
:1068CC005F7564635F7365745F656E64706F696E2A
:1068DC00745F72656365697665206661696C656471
:1068EC0028307825303278292C2025640068616C9A
:1068FC005F7564635F7365745F656E64706F696EFA
:10690C00745F7472616E736D6974206661696C6515
:10691C00643A202564006570203078253032782068
:10692C00717565756520697320656D707479006883
:10693C00616C5F7564635F6F70656E5F656E6470CC
:10694C006F696E74206661696C65642830782530D7
:10695C003278292C2025640068616C5F7564635F54
:10696C007365745F6465766963655F6164647265A1
:10697C007373206661696C656428307825303278D1
:10698C00292C2025640068616C5F7564635F636CFF
:10699C006F73655F656E64706F696E742066616994
:1069AC006C656428307825303278292C20256400D9
:1069BC0068616C5F7564635F636C6561725F656E63
:1069CC0064706F696E745F7374616C6C206661695E
:1069DC006C656428307825303278292C20256400A9
:1069EC00554443204D6573736167652071756575FA
:1069FC0065206F76657272756E0075736240343007
:106A0C00303830303030007564635F73746D3332FE
:106A1C0000505752206E6F74206163746976652044
:106A2C007965740073746D33325F7573625F707760
:106A3C007200726363403538303234343030007257
:106A4C00656164696E672063617264206465746556
:106A5C006374206661696C656420256400666169F5
:106A6C006C656420746F206465696E69742073743E
:106A7C006D33325F73646D6D6320284572726F7273
:106A8C00436F64652030782558290073646D6D63FD
:106A9C0020657261736520626C6F636B206661693F
:106AAC006C6564202564004661696C656420746FB4
:106ABC0020636F6E6669677572652070696E7320EE
:106ACC00666F7220736C65657020282564290072CE
:106ADC006573657420636F6E74726F6C2064657679
:106AEC00696365206E6F742072656164790046611C
:106AFC00696C656420746F20656E61626C652053EF
:106B0C00444D4D4320646F6D61696E20636C6F63FF
:106B1C006B004661696C656420746F206765742036
:106B2C0053444D4D4320646F6D61696E20636C6FEF
:106B3C00636B20726174650053444D4D4320436C6C
:106B4C006F636B206973206E6F742034384D487AF4
:106B5C002028256429006661696C656420746F20A7
:106B6C00696E697420636C6F636B73006661696C2A
:106B7C00656420746F20726573657420706572692A
:106B8C0070686572616C006661696C656420746F15
:106B9C0020696E69742073746D33325F73646D6D2C
:106BAC006320284572726F72436F646520307825BC
:106BBC005829006661696C656420746F20636F6E80
:106BCC0066696775726520776964652062757320E4
:106BDC006F7065726174696F6E20284572726F7286
:106BEC00436F6465203078255829007364207265E2
:106BFC00616420626C6F636B206661696C656420F4
:106C0C0025640073642072656164206572726F7212
:106C1C0020256400736420777269746520626C6F40
:106C2C00636B206661696C65642025640073642065
:106C3C007772697465206572726F722025640073B7
:106C4C00646D6D6340353230303730303000534432
:106C5C000073746D33325F73646D6D6300466169EC
:106C6C006C656420746F20656E61626C6520524E99
:106C7C00472062757320636C6F636B20286572729A
:106C8C00202564292E20436865636B20636C6F6339
:106C9C006B20636F6E66696775726174696F6E20C5
:106CAC00696E204454532E00726E67403438303273
:106CBC003138303000656E74726F70795F73746D3B
:106CCC003332005772697465206F66667365742081
:106CDC006E6F7420616C69676E6564206F6E2066E0
:106CEC006C617368776F7264206C656E6774682E64
:106CFC00204F66667365743A203078256C782C20AA
:106D0C00666C617368776F7264206C656E6774680B
:106D1C003A2025640042616E6B2564204543432074
:106D2C006572726F7220617420307825303878006B
:106D3C005374617475732042616E6B25643A203014
:106D4C00782530387800526561642072616E676511
:106D5C0020696E76616C69642E204F66667365746B
:106D6C003A20256C642C206C656E3A20257A7500CF
:106D7C0054696D656F7574212076616C3A202564B9
:106D8C00206D730054696D656F7574212076616C8C
:106D9C003A2025640045726173652072616E6765E7
:106DAC0020696E76616C69642E204F66667365741B
:106DBC003A20256C642C206C656E3A20257A75007F
:106DCC0057726974652072616E676520696E7661B1
:106DDC006C69642E204F66667365743A20256C646A
:106DEC002C206C656E3A20257A7500666C61736890
:106DFC002D636F6E74726F6C6C657240353230300F
:106E0C003230303000666C6173685F73746D33328E
:106E1C0068370072657365742D636F6E74726F6C76
:106E2C006C6572004661696C65642063616C6C20F2
:106E3C00636C6F636B5F636F6E74726F6C5F6765AF
:106E4C00745F726174652870636C6B656E5B315D29
:106E5C0029004661696C65642063616C6C20636C0D
:106E6C006F636B5F636F6E74726F6C5F6765745F7B
:106E7C00726174652870636C6B656E5B305D2900A4
:106E8C00556E61626C6520746F2073657420257378
:106E9C0020746F20256400436F756C64206E6F74D2
:106EAC0020656E61626C6520284C50295541525406
:106EBC0020636C6F636B00436F756C64206E6F7432
:106ECC002073656C656374205541525420646F6D5A
:106EDC0061696E20636C6F636B00726573657420FF
:106EEC00636F6E74726F6C6C6572206E6F7420724F
:106EFC006561647900257320646F6573206E6F740F
:106F0C0020737570706F727420647269766572206C
:106F1C00656E61626C650073657269616C403430DA
:106F2C003030376330300073657269616C403430D7
:106F3C003030373830300073657269616C403430F2
:106F4C003030346330300073657269616C403430BA
:106F5C003030343830300073657269616C403430D5
:106F6C0030303434303000756172745F73746D334B
:106F7C0032007761746368646F6740353830303441
:106F8C00383030002A3A3C3E7C223F7F002B2C3B91
:106F9C003D5B5D00EBFE904D53444F53352E30005E
:106FAC004E4F204E414D4520202020464154333237
:106FBC00202020004E4F204E414D452020202046C1
:106FCC004154202020202000556E6B6E6F776E2070
:106FDC006572726F7200756E6B6E6F776E003E3EEF
:106FEC003E205A455048595220464154414C204568
:106FFC0052524F522025643A202573206F6E204345
:10700C005055202564004661756C74206475726956
:10701C006E6720696E746572727570742068616E2B
:10702C00646C696E670A0043757272656E742074C5
:10703C0068726561643A2025702028257329004305
:10704C00505520657863657074696F6E00556E6875
:10705C00616E646C656420696E74657272757074AF
:10706C0000537461636B206F766572666C6F77008A
:10707C004B65726E656C206F6F7073004B65726E32
:10708C00656C2070616E69630069646C65006F7378
:10709C0000737973776F726B710033373735333810
:1070AC0039353333626363373963004D494D585278
:1070BC005431313736002A666C6F61742A0048539C
:1070CC0020436F6E66696775726174696F6E0046F6
:1070DC005320436F6E66696775726174696F6E00D9
:1070EC00437562654F72616E67655A657068797237
:1070FC002D424C004172647550696C6F7400206DA8
:10710C00657373616765732064726F70706564205A
:10711C002D2D2D0D0A1B5B306D001B5B313B33316C
:10712C006D2D2D2D2000000000000100FBFFFBEA5F
:10713C0000FBFBFBFEFEFEF3EFF7E2EDEDEDFBFBE0
:10714C00FBF4E8EA303132333435363738394142E2
:10715C0043444546000A06050504010301020101EA
:10716C0001000100000000010203040102030406F7
:10717C00070809809A45418E418F8045454549490C
:10718C00498E8F9092924F994F555559999A9B9C35
:10719C009D9E9F41494F55A5A5A6A7A8A9AAABACF2
:1071AC00ADAEAFB0B1B2B3B4B5B6B7B8B9BABBBC8B
:1071BC00BDBEBFC0C1C2C3C4C5C6C7C8C9CACBCC7B
:1071CC00CDCECFD0D1D2D3D4D5D6D7D8D9DADBDC6B
:1071DC00DDDEDFE0E1E2E3E4E5E6E7E8E9EAEBEC5B
:1071EC00EDEEEFF0F1F2F3F4F5F6F7F8F9FAFBFC4B
:1071FC00FDFEFF01030507090E10121416181C1EC4
:10720C001211121312100000000000000000000008
:10721C00FDF0000800000000FDF000080000000078
:10722C00FDF0000800000000FDF000080000000068
:10723C00FDF0000800000000FDF000086D71010871
:10724C00D54C00086B710108D54C00086971010818
:10725C00D54C000867710108D54C00086571010810
:10726C00D54C000800000000FDF0000800000000F4
:10727C00FDF0000800000000FDF000080000000018
:10728C00FDF0000800000000FDF000080000000008
:10729C00FDF0000800000000FDF0000800000000F8
:1072AC00FDF0000800000000FDF0000800000000E8
:1072BC00FDF0000800000000FDF0000800000000D8
:1072CC00FDF0000863710108D54C000800000000B7
:1072DC00FDF0000800000000FDF0000800000000B8
:1072EC00FDF0000800000000FDF0000800000000A8
:1072FC00FDF0000800000000FDF000080000000098
:10730C00FDF0000800000000FDF000080000000087
:10731C00FDF0000800000000FDF000080000000077
:10732C00FDF0000800000000FDF000080000000067
:10733C00FDF0000800000000FDF000089046010878
:10734C00991201087446010899120108617101082B
:10735C00D54C000800000000FDF000080000000003
:10736C00FDF0000800000000FDF000080000000027
:10737C00FDF0000800000000FDF000080000000017
:10738C00FDF0000800000000FDF000080000000007
:10739C00FDF0000800470108410D01080000000045
:1073AC00FDF0000800000000FDF000085846010840
:1073BC009912010800000000FDF000080000000018
:1073CC00FDF0000800000000FDF0000800000000C7
:1073DC00FDF0000800000000FDF0000800000000B7
:1073EC00FDF0000800000000FDF0000800000000A7
:1073FC00FDF0000800000000FDF000080000000097
:10740C00FDF0000800000000FDF000080000000086
:10741C00FDF0000800000000FDF000080000000076
:10742C00FDF0000800000000FDF000080000000066
:10743C00FDF0000800000000FDF000080000000056
:10744C00FDF0000800000000FDF000080000000046
:10745C00FDF0000800000000FDF000080000000036
:10746C00FDF0000800000000FDF000080000000026
:10747C00FDF0000800000000FDF000080000000016
:10748C00FDF0000800000000FDF000085405002489
:10749C008167000800000000FDF000083C46010870
:1074AC0099120108204601089912010800000000F9
:1074BC00FDF0000800000000FDF0000800000000D6
:1074CC00FDF0000800000000FDF0000800000000C6
:1074DC00FDF0000800000000FDF0000800000000B6
:1074EC00FDF0000800000000FDF0000800000000A6
:1074FC00FDF0000800000000FDF000080000000096
:10750C00FDF0000800000000FDF000080000000085
:10751C00FDF0000800000000FDF000080000000075
:10752C00FDF0000800000000FDF000080000000065
:0C753C00FDF00008D81800244D80000865
:107548002DE9F04104460F46904600F071F8C8B1A5
:10755800114B196804EB4141EFF31186102383F3B3
:107568001288BFF36F8F83683A465D684FEA8803D5
:10757800A84786F31188BFF36F8F30B1074B1C60A3
:10758800074B18600020BDE8F081064A0120136807
:1075980001331360F7E700BFC82A002460060024FF
:1075A800D02A0024CC2A002407B50122019101A980
:1075B800FFF7C6FF03B05DF804FB38B5044621B1F8
:1075C80000F036F838B9002038BD00F035F800284A
:1075D800F6D00120F8E7114A116821444904EFF375
:1075E8001185102282F31288BFF36F8F83689B681E
:1075F80063B14FF40032984785F31188BFF36F8F5A
:1076080038B1074B1C60074B1860DCE76FF0570078
:10761800F2E7054A136801331360DAE7C82A002441
:1076280064060024D82A0024D42A0024000000007C
:107638005FF800F025D300085FF800F01941010851
:107648000000000099470008000000000001000049
:107658000000000000000000000000000000000022
:107668000000000000000000000000000000000012
:10767800E845010800C20100000008000000000001
:1076880000000000000000000000000000000000F2
:1076980000000000000000000000000000000000E2
:1076A8000000000000000000D402002400000000D8
:1076B800C0020024000000000000000000000000DC
:1076C80000000000000000000000000000000000B2
:1076D80000000000000000000000000000000000A2
:1076E8000000000000000000000000000000000092
:1076F800000000000000000000000000BC010024A1
:10770800BC0100240000000001000000CC0100249E
:10771800CC010024000000000000000088060024BE
:10772800EC01002400000000000000000000000040
:10773800000000000004010000000000CA700108F9
:107748002203000000000000910600241802002413
:107758000000000000000000000000000000000021
:107768000004010000000000DB7001082203000093
:1077780000000000000000000003030000000000FB
:1077880000000000000300000000000000000000EE
:107798000002010000000000EC700108280300004E
:1077A80000000000000000000001010000000000CF
:1077B8000071010814030000000000000000000030
:1077C8000000000000000000184F0108040300003A
:1077D800EFBEADDE19FCFFFF65E6000883ED00088B
:1077E800484B010800000000A8020024A802002459
:1077F8000000000047F10008000000000000000041
:107808002C780024000000000000000000000000A8
:10781800000400002C7C0024000000000000000090
:1078280000000000000400001565010800000000C9
:107838005403002400000000E8450108BE060024A7
:10784800C6060024CF060024D4060024D906002446
:10785800DD06002400070024E906002407070024A9
:107868000E07002415070024BE060024C6060024BF
:10787800CF060024D4060024D9060024DD060024FF
:10788800E2060024E9060024F2060024F906002492
:107898001507002400000000B5FB0008B9FD00082A
:1078A80087FF00080D490008EDFC000861FF00088B
:1078B800000000002B01010847FF000883FD0008B5
:1078C80000000000B7FB00080000000000000000F6
:1078D80000000000000000000000000000000000A0
:1078E8000000000000000000000000000000000090
:1078F8000000000000000000000000000000000080
:10790800000000000000000000000000000000006F
:10791800000000000000000000000000000000005F
:10792800000000000000000000000000000000004F
:10793800000000000000000000000000000000003F
:107948000000000000000000000000000C040024FB
:107958000C04002400000000000000000E000000DD
:10796800000000000000000000000000D8180024FB
:107978000000000000000000000000002B0D0108BE
:1079880000000000000000000000000000000000EF
:1079980000000000000000000000000000000000DF
:1079A80000000000000000000000000000000000CF
:1079B80000700052000000000000000000000000FD
:1079C80000000000000000000000000000000000AF
:1079D800000000000000000000000000000000009F
:1079E800000000000000000000000000000000008F
:1079F800000000000000000000000000000000007F
:107A0800000000000000000000000000000000006E
:107A1800000000000000000000000000000000005E
:107A2800000000000000000000000000000000004E
:107A3800000000000000000000000000000000003E
:107A4800000000000000000000000000000000002E
:107A58000000000000000000000000002C050024C9
:107A6800DC4C01087C440108900F0000D4000000A1
:107A7800000001000D0000004C0010010000000093
:107A8800000000005A6C0108044D010800000000C5
:107A9800000000000018024800000000000000007C
:107AA80000000000000000000000000000000000CE
:107AB80000000000000000000000000000000000BE
:107AC80000000000000000000000000000000000AE
:107AD800000000000000000000000000000000009E
:107AE800000000000000000000000000000000008E
:107AF800000000000000000000000000000000007E
:107B0800C4050024DC0000004000000000200052F2
:107B1800000000000000000000000000000000005D
:107B28000000000000000000F40500240000000030
:107B38000000000080250000000103000806002462
:107B4800000000000000000000E100000001030048
:107B58001C06002400000000000000008025000032
:107B680000010300300600240000000000000000AF
:107B780000E10000000103004406002400000000AA
:107B88000000000000C20100000103000090D003C3
:107B98000090D0035406002454060024FFFFFFFF82
:107BA800FFFFFFFFFFFFFFFFFF00FF00FF00FF00D9
:107BB800FF00FF00FF00FF00FF00FF00FF00FF00C5
:107BC800FF00FF00FF00FF0009020000000100C0E5
:107BD8007D09020000000100C07D12010002EF02D1
:107BE8000140B12704000404000000001201000253
:107BF800EF020140B1270400040400000000080B54
:107C0800000202020000090400000102020000054F
:107C180024001001052401000104240202052406A1
:107C280000010705810310000A09040100020A0087
:107C3800000007058202400000070501024000001D
:107C480007058103100007070582020002000705E7
:107C5800010200020000008C00000000000000008B
:077C6800001E0000000000F7
:107C6F000000000000000000000000000000000005
:107C7F0000000000000000000000000000000000F5
:107C8F0000000000000000000000000000000000E5
:057C9F000000000000E0
:107CA40000000000000000000000000000000000D0
:107CB40000000000000000000000000000000000C0
:107CC40000000000000000000000000000000000B0
:107CD40000000000000000000000000000000000A0
:047CE400000000009C
:047CE8000000000098
:107CEC00A4070024A407002400000000E073002473
:107CFC000000000004000000300000000000000044
:107D0C00C4070024C40700240000000040730024B2
:107D1C00000000000400000028000000000000002B
:107D2C00E4070024E4070024000000001875002478
:107D3C00000000000800000010000000000000001F
:107D4C0000000000002D00240004000000000000D2
:087D5C0000000000000000001F
:107D64001C0800241C08002400000000000000007F
:047D74000E000000FD
:107D78003008002430080024000000000C00000037
:107D88000A000000A074002418750024A0740024C0
:107D9800A07400240000000058080024580800249B
:047DA80000000000D7
:107DAC0064080024640800240000000001000000A6
:107DBC0074080024740800247C0800247C08002427
:107DCC0000000000010000008C0800248C08002436
:107DDC009408002494080024010000000100000015
:107DEC00A4080024A4080024AC080024AC08002437
:107DFC000000000001000000BC080024BC080024A6
:107E0C00000000000000000000000000D00800246A
:107E1C00D0080024D8080024D80800240000020050
:107E2C0002000A0000000000E84B010898750024CD
:107E3C000000000000000000000000000009002409
:107E4C00000900240809002408090024000010007F
:107E5C0010000A00B5020108FC4B0108E075002473
:107E6C00C0550108000000000000000000000000E8
:107E7C000000000000000000AC46010800000000FB
:107E8C0000000000000000000000000000000000E6
:107E9C0000000000000000000000000000000000D6
:107EAC0000000000000000000000000000000000C6
:107EBC0000000000000000000000000000000000B6
:107ECC0000000000000000000000000000000000A6
:107EDC0000000000AC0600249A06002400000000FC
:107EEC0000000000E8020024000000000000000078
:087EFC0000000000000000007E
:107F040000000000E802002400000000000000005F
:087F1400000000000000000065
:047F1C0015E015E077
:04000005080024EDDE
:00000001FF
