:020000040800F2
:1000000000060020E1020008E3020008E302000805
:10001000E3020008E3020008E3020008E30200082C
:10002000E3020008E3020008E3020008F177000899
:10003000E3020008E3020008E3020008E30200080C
:10004000E3020008E3020008E3020008E3020008FC
:10005000E3020008E3020008E3020008E3020008EC
:10006000E3020008E3020008E30200082947000851
:10007000514700087D470008A9470008D5470008F8
:10008000FD47000829480008E3020008E3020008D1
:10009000E3020008E3020008E3020008E3020008AC
:1000A000E3020008E3020008E3020008E30200089C
:1000B000E3020008E3020008E3020008E30200088C
:1000C000E3020008E3020008E3020008E30200087C
:1000D000E3020008E3020008E3020008E30200086C
:1000E000E3020008E3020008E3020008E30200085C
:1000F000E3020008E3020008E30200085548000894
:10010000E3020008B1870008D9870008E30200086D
:10011000E3020008E3020008E3020008E30200082B
:1001200081480008A9480008D5480008014900088E
:100130002D490008E3020008E3020008E30200087A
:10014000E3020008E3020008E3020008E3020008FB
:100150005549000881490008AD490008E30200083C
:10016000E3020008E3020008E3020008E3020008DB
:10017000E302000889840008E3020008E3020008A3
:10018000E3020008E3020008C5870008E302000854
:10019000E3020008E3020008E3020008E3020008AB
:1001A000E3020008E3020008E3020008E30200089B
:1001B000E3020008E3020008E3020008E30200088B
:1001C000E3020008E3020008E3020008E30200087B
:1001D000E302000875840008E3020008E302000857
:1001E000E3020008E3020008E3020008E30200085B
:1001F000E3020008E3020008E3020008E30200084B
:10020000E3020008E3020008E3020008E30200083A
:10021000E3020008E3020008E3020008E30200082A
:10022000E3020008E3020008E3020008E30200081A
:10023000E3020008E3020008E3020008E30200080A
:10024000E3020008E3020008E3020008E3020008FA
:10025000E3020008E3020008E3020008E3020008EA
:10026000E3020008E3020008E3020008E3020008DA
:10027000E3020008E3020008E3020008E3020008CA
:10028000E3020008E3020008E3020008E3020008BA
:10029000E3020008E3020008E3020008E3020008AA
:1002A000E3020008E3020008E3020008E30200089A
:1002B000E3020008E3020008E3020008E30200088A
:1002C000E3020008E3020008E3020008E30200087A
:1002D000E3020008E3020008E3020008E30200086A
:1002E00002E000F000F8FEE772B6374880F30888B5
:1002F000364880F3098836483649086040F20000E5
:10030000CCF200004EF63471CEF200010860BFF36B
:100310004F8FBFF36F8F40F20000C0F2F0004EF637
:100320008851CEF200010860BFF34F8FBFF36F8F8B
:100330004FF00000E1EE100A4EF63C71CEF20001E3
:100340000860022080F31488BFF36F8F07F0B2FAC1
:1003500006F028FC4FF055301F491B4A91423CBF24
:1003600041F8040BFAE71D49184A91423CBF41F895
:10037000040BFAE71A491B4A1B4B9A423EBF51F83D
:10038000040B42F8040BF8E700201849184A914280
:100390003CBF41F8040BFAE707F0CAFA06F086FC06
:1003A000144C154DAC4203DA54F8041B8847F9E7A6
:1003B00000F0C4F9114C124DAC4203DA54F8041B9E
:1003C0008847F9E707F0B2BA0006002000220020B3
:1003D0000000000808ED00E00000002000060020FA
:1003E000489C0008002200206C220020702200207F
:1003F000D45D0020E0020008E0020008E0020008EE
:10040000E00200082DE9F04F2DED108AC1F80CD064
:10041000D0F80CD0BDEC108ABDE8F08F002383F338
:1004200011882846A047002006F09EF9FEE706F056
:10043000F1F800DFFEE7000053B94AB9002908BF10
:1004400000281CBF4FF0FF314FF0FF3000F074B9AF
:10045000ADF1080C6DE904CE00F006F8DDF804E01B
:10046000DDE9022304B070472DE9F047089D0446FA
:100470008E46002B4DD18A42944669D9B2FA82F257
:1004800052B101FA02F3C2F1200120FA01F10CFA93
:1004900002FC41EA030E94404FEA1C48210CBEFBCB
:1004A000F8F61FFA8CF708FB16E341EA034306FB54
:1004B00007F199420AD91CEB030306F1FF3080F0E3
:1004C0001F81994240F21C81023E63445B1AA4B230
:1004D000B3FBF8F008FB103344EA034400FB07F7D2
:1004E000A7420AD91CEB040400F1FF3380F00A8113
:1004F000A74240F207816444023840EA0640E41B08
:1005000000261DB1D4400023C5E900433146BDE8B3
:10051000F0878B4209D9002D00F0EF800026C5E955
:10052000000130463146BDE8F087B3FA83F6002E6D
:100530004AD18B4202D3824200F2F980841A61EBE5
:10054000030301209E46002DE0D0C5E9004EDDE703
:1005500002B9FFDEB2FA82F2002A40F09280A1EBEB
:100560000C014FEA1C471FFA8CFE0126200CB1FB40
:10057000F7F307FB131140EA01410EFB03F0884239
:1005800008D91CEB010103F1FF3802D2884200F2C6
:10059000CB804346091AA4B2B1FBF7F007FB101158
:1005A00044EA01440EFB00FEA64508D91CEB0404F6
:1005B00000F1FF3102D2A64500F2BB800846A4EB51
:1005C0000E0440EA03409CE7C6F12007B34022FA3C
:1005D00007FC4CEA030C20FA07F401FA06F31C436B
:1005E000F9404FEA1C4900FA06F3B1FBF9F8200C78
:1005F0001FFA8CFE09FB181140EA014108FB0EF0BE
:10060000884202FA06F20BD91CEB010108F1FF3A0D
:1006100080F08880884240F28580A8F10208614419
:10062000091AA4B2B1FBF9F009FB101144EA014127
:1006300000FB0EFE8E4508D91CEB010100F1FF34D2
:100640006CD28E456AD90238614440EA0840A0FB6A
:100650000294A1EB0E01A142C846A64656D353D040
:100660005DB1B3EB080261EB0E0101FA07F722FA64
:1006700006F3F1401F43C5E9007100263146BDE88D
:10068000F087C2F12003D8400CFA02FC21FA03F3F0
:10069000914001434FEA1C471FFA8CFEB3FBF7F071
:1006A00007FB10360B0C43EA064300FB0EF69E4296
:1006B00004FA02F408D91CEB030300F1FF382FD22F
:1006C0009E422DD9023863449B1B89B2B3FBF7F6D7
:1006D00007FB163341EA034106FB0EF38B4208D9B0
:1006E0001CEB010106F1FF3816D28B4214D9023EF1
:1006F0006144C91A46EA004638E72E46284605E70F
:100700000646E3E61846F8E64B45A9D2B9EB0208DF
:1007100064EB0C0E0138A3E74646EAE7204694E76F
:100720004046D1E7D0467BE7023B614432E73046A2
:1007300009E76444023842E7704700BF38B501F06A
:1007400079FA01F035FC06F04FFF054607F042F854
:100750000446D0B90F4B9D4219D001339D4241F25E
:10076000883504BF01240025002006F047FF0CB1A6
:1007700000F076F801F0BAFB00F012FD08B100F0CD
:100780006FF8284600F01AF9F9E70025ECE705466E
:10079000EAE700BF010007B008B501F017FAA0F1C1
:1007A00020035842584108BD07B5042101900DEBC4
:1007B000010001F029FA03B05DF804FB38B53023DD
:1007C00083F31188174803680BB106F0B1F80023D2
:1007D000154A4FF47A71134806F0A0F8002383F30A
:1007E0001188124C236813B12368013B23606368AE
:1007F00013B16368013B63600D4D2B7833B96368B7
:100800007BB9022001F0DCFA322363602B78032BE2
:1008100007D163682BB9022001F0D2FA4FF47A7342
:10082000636038BD70220020BD07000890230020BF
:1008300088220020084B187003280CD8DFE800F04D
:1008400008050208022001F0B3BA022001F0A6BA9E
:10085000024B00225A60704788220020902300201B
:10086000F8B5504B504A1C461968013100F0998088
:1008700004339342F8D162684C4B9A4240F2918023
:100880004B4B9B6803F1006303F500339A4280F001
:100890008880002001F0F4F90220FFF7CBFF454BE0
:1008A0000021D3F8E820C3F8E810D3F81021C3F8EA
:1008B0001011D3F81021D3F8EC20C3F8EC10D3F8C2
:1008C0001421C3F81411D3F81421D3F8F020C3F87D
:1008D000F010D3F81821C3F81811D3F81821D3F861
:1008E000802042F00062C3F88020D3F8802022F0FC
:1008F0000062C3F88020D3F88020D3F8802042F033
:100900000072C3F88020D3F8802022F00072C3F870
:100910008020D3F8803072B64FF0E023C3F8084D42
:10092000D4E90004BFF34F8FBFF36F8F224AC2F8A0
:100930008410BFF34F8F536923F480335361BFF3A7
:100940004F8FD2F8803043F6E076C3F3C905C3F386
:100950004E335B0103EA060C29464CEA81770139E4
:10096000C2F87472F9D2203B13F1200FF2D1BFF319
:100970004F8FBFF36F8FBFF34F8FBFF36F8F5369ED
:1009800023F4003353610023C2F85032BFF34F8F7A
:10099000BFF36F8F302383F31188854680F3088877
:1009A0002047F8BD0000020820000208FFFF0108F0
:1009B000002200200044025800ED00E02DE9F04F35
:1009C00095B0DFF8D8922022FF21029004A8D9F830
:1009D000085001F035FAA84A1378A3B90121A748B5
:1009E00011700360302383F3118803680BB105F0A5
:1009F0009FFF0023A24A4FF47A71A04805F08EFFB2
:100A0000002383F31188029B13B19E4B029A1A6054
:100A10009D4A1378032B03D000231370994A536027
:100A20004FF0000B029C5E46DA46CDF804B0012080
:100A300001F0BEF924B1934B1B68002B00F0288213
:100A4000002001F0C3F8B0F10008F3DB012001F051
:100A5000A5F9A8F121031F2BE9D801A252F823F030
:100A6000E10A0008FD0A00088B0B00082F0A0008A5
:100A70002F0A00082F0A0008150C0008070E0008AE
:100A8000F90C0008550D00087B0D0008A10D0008A9
:100A90002F0A0008B30D0008D70D00084F0E0008FC
:100AA000690B00082F0A0008970E0008ED0A0008DD
:100AB000690B00082F0A0008550D00082F0A0008CE
:100AC0002F0A00082F0A00082F0A00082F0A000822
:100AD0002F0A00082F0A00082F0A00088B0B0008B5
:100AE0000220FFF759FE002840F0FF81029B0221FF
:100AF0006648BBF1000F08BF1C4640E04FF47A7017
:100B000001F064F8071EF1DB0220FFF745FE002824
:100B1000ECD0013F052F00F2EA81DFE807F0030780
:100B20000A0D10330520FFF73FFE14E0D9F800004E
:100B3000F9E7D9F80400F6E7D9F80800F3E74FF031
:100B40001C08404608F1040801F09CF8FFF72CFE51
:100B5000B8F12C0FF5D10120019B4FF0000A00FAEB
:100B600007F71F43FBB2019301F0B6F92EB1019BC9
:100B700003F00B030B2B08BF00240221444801F0B3
:100B800043F854E7D9F80C00CDE7002EAED0019B16
:100B900003F00B030B2BA9D10220FFF7FDFD074645
:100BA0000028A3D00120002601F06AF80220FFF7F8
:100BB00041FE1FFA86FB584601F072F8044688B1E0
:100BC000A8F14002584601365142514101F078F8EF
:100BD0000028EED1BB46044602212E483E4601F0D5
:100BE00013F824E725460120FFF724FED9F8083042
:100BF000AB4207D9284601F045F8013040F07A8130
:100C00000435F3E70025204BBB463E461D701D4BC7
:100C10005D60A9E7002E3FF469AF019B03F00B0371
:100C20000B2B7FF463AF0220FFF704FE322000F0AD
:100C3000CDFFB0F10008FFF659AF18F003077FF4BD
:100C400055AF08EB0503D9F8082093423FF64EAFA5
:100C5000B8F5807F3FF74AAF0F4BB84503931FDDD0
:100C60004FF47A7000F0B2FF0028FFF63FAF039B0D
:100C7000013703F8010BF0E78C23002070220020DD
:100C8000BD07000890230020882200200092000861
:100C9000F8910008FC9100088C220020002200201E
:100CA000C820FFF779FD074600283FF41FAF1F2D2E
:100CB00011D8C5F1200204AB25F003008F4942454D
:100CC000184428BF4246039201F094F8039AFF218A
:100CD0008A4801F0B5F84FEAA803C8F387028749AC
:100CE0002846039301F0B4F8064600283FF474AF99
:100CF000039B05EB830537E70220FFF74DFD002836
:100D00003FF4F4AE00F0FAFF00283FF4EFAE002706
:100D1000B846D9F80830BB4218D91F2F11D8049B08
:100D200001330ED027F0030314AA134453F8403CB8
:100D30000C93404604220CA9043701F04BF980467D
:100D4000E7E7384600F09EFF0C90F2E74046FFF7D9
:100D50002BFD09E7002364210CA80C9300F04AFF47
:100D600000287FF4C3AE0220FFF716FD00283FF4F1
:100D7000BDAE0C9800F0B8FFE9E7002364210CA891
:100D80000C9300F037FF00287FF4B0AE0220FFF78D
:100D900003FD00283FF4AAAE0C9800F0A7FFD6E7A9
:100DA0000220FFF7F9FC00283FF4A0AE00F0B6FFE8
:100DB000CDE70220FFF7F0FC00283FF497AE0CA926
:100DC000142000F0B1FF0390FFF7EEFC03990CA88C
:100DD00000F01AFFC8E60220FFF7DEFC00283FF40F
:100DE00085AE474B0CAF03F1100C1868083353F86D
:100DF000041C3A46634503C21746F6D11020FFF79C
:100E0000D3FC1021E3E7322000F0E0FE071EFFF6DE
:100E10006DAEBB077FF46AAE07EB0A03D9F8082072
:100E200093423FF663AE0220FFF7B6FC00283FF482
:100E30005DAE27F003075744BA453FF495AE5046E0
:100E40000AF1040A00F01EFFFFF7AEFCF4E74FF4CE
:100E50007A70FFF7A1FC00283FF448AE00F04EFF87
:100E6000002849D0049B01330BD0082204A900209C
:100E700000F0EEFF00283FD02022FF2104A800F060
:100E8000DFFF2048022100F0BFFE1F4805F072FC82
:100E900015B0BDE8F08F002E3FF428AE019B03F0A3
:100EA0000B030B2B7FF422AE002364210CA80C93C0
:100EB00000F0A0FE074600287FF418AE0220FFF7DE
:100EC0006BFC804600283FF411AE02210D4800F073
:100ED0009BFE41F2883005F04DFC0C9801F046F87D
:100EE00046463C4600F0F8FFA1E506463CE64FF0DA
:100EF000000AFBE5BB466FE637466DE68C22002014
:100F0000E4910008F8910008A086010070470000F5
:100F1000704700007047000038B505461446084683
:100F20000322064900F070FF38B905F10802204697
:100F30001021BDE8384001F079B838BD04920008AE
:100F40002DE9F04100F58037044616463B7C5BB93D
:100F5000C0681030204400F04DFFE5683544B5F519
:100F6000004FE56002D816B1BDE8F081DEB905F0AA
:100F70007F0605F110000021C6F180062044F6B27C
:100F800032462E4400F05CFFA06804F1100832469F
:100F900000F10060414600F5003006F0C5F830B9B8
:100FA00001233B74E0E74FF400463546ECE7A268C6
:100FB00005F11001404632442144A260E268521B10
:100FC000E26000F017FF0220BDE8F04100F0F8BE3B
:100FD000183000F0B9BC000010B5044601F050F81C
:100FE000204610BD10B5044601F04AF8204610BD59
:100FF0002DE9F04FADF53F7D0746416801222AA853
:1010000002F03EFF002840F0878006468246814677
:101010001125DFF80C81DFF80CB101AB4FF48052E1
:1010200041462AA803F08CF8002875D1019AB2F540
:10103000805F71D8002A65D00446019A9442ECD2B0
:10104000282D0FD008DC132D2DD01E2D39D0112DB9
:1010500013D00134A4B2F0E7322D2DD0372D2FD08C
:101060002D2DF6D13B68121B08EB040138461B6995
:101070002D259847BDF80440EBE7121B022A09D939
:10108000594608EB040000F0BFFE18B902342825C9
:10109000A4B2DEE718F804303A2B3DD00A2B1CBF6F
:1010A000A1461325D5E718F804300A2B34D03A2B83
:1010B00004BFA2463225CCE718F80430202BC8D054
:1010C000264618F804300A2B1AD1AAEB090208EBBD
:1010D000090102A811254F2A28BF4F2208F06EF8F7
:1010E000A21B08EB060116A84F2A28BF4F2208F0C2
:1010F00065F83B6816AA02A9DB6838469847A8E756
:101100001E25A6E73B68384604491B69984701201D
:101110000DF53F7DBDE8F08F0020F9E7069300084C
:10112000982300200892000800F1180110B5044629
:1011300086B00846019100F0F1FB2046FFF758FF0A
:1011400060B1019902A800F049FC102204F10801E5
:1011500002A807F0F3FFB0FA80F0400906B010BD16
:1011600070B504460025EEB2304600F099FD58B146
:1011700000213046013500F0A3FD08B9002070BD04
:10118000022000F01DFEEEE72046FFF731FF0028A9
:10119000F4D004F58034207C80F00100EFE70000FB
:1011A000F0B5C9B006F038FA00F0C8FF18B900254C
:1011B000284649B0F0BD69462A4803F083F8002864
:1011C0004BD1294C204603F0ADF8284803F0AAF88B
:1011D000274803F0A7F82146224803F01FF900280A
:1011E000E5D1702000F046FF064610B1214B446067
:1011F0000360336830469B689847054600282ED028
:101200001A4F1948394603F009F905460028CED18E
:10121000194800F02FFF044638B1184B47600360AF
:1012200000F58033C0E902551D74236820469B6891
:101230009847054628B10E490C4803F0EFF80028FE
:10124000B5D1336830465B6898471CB123682046A7
:101250005B68984700F018FFAAE70025FAE7044604
:10126000EFE700BF0C9200081C92000833920008C0
:10127000499200086C92000814000100889200084E
:101280002DE9F04FD44A8DB00B68D0F804A001933B
:101290001A440368D14E1A44D1F81C90DFF8B4C345
:1012A000DFF8B4B3D0E90234634003EA0A036340D1
:1012B00013444A6802920AEB7363029CC84A2244B0
:1012C000C468224484688AEA04051D4065401544C8
:1012D0008A68039203EB3555039CC24A2244846812
:1012E00022448AEA03042C4084EA0A041444CA68AB
:1012F00005EBF4340492164483EA05022240564476
:101300005A4032440E69059604EBB222059FB64E50
:101310003E441E4485EA040313406B4033444E6947
:10132000069602EB7363069FB04E3E442E4484EA59
:1013300002051D40654035448E69079603EB35551F
:10134000079FAB4E3E44264482EA03042C4054409F
:101350003444A84E4E4405EBF434164483EA0502A7
:1013600022405A4032440E6A089604EBB222089F8B
:10137000A14E3E441E4485EA040313406B403344AF
:101380004E6A099602EB7363099F9C4ED1F830E0D8
:101390003E44D1F83880F3442E4484EA02051D40CF
:1013A000654035448E6AA6F5244703EB35550A9609
:1013B0004F3F274482EA03042C4054403C44CF6A08
:1013C0000B9705EBF4340B9E8D4F3744029E174468
:1013D00083EA050222405A403A448A4F774404EB9C
:1013E000B2221F4485EA040313406B403B444F6B19
:1013F000BC4402EB7363654484EA020C0CEA030C00
:101400008CEA040C6544DFF854C2C44403EB355540
:10141000A44482EA03042C4054406444D1F83CC004
:10142000794905EBF4346144114483EA0502224012
:101430005A400A44754904EBB2223144079E1944CC
:1014400084EA02032B4063400B44714902EBF363CF
:1014500031440B9E0D4482EA03012140514029444E
:101460006C4D03EBF1513544019E254483EA0104A0
:1014700014405C402C44684D01EBB4443544069E56
:10148000154481EA04021A404A402A44634D04EBA1
:10149000323235440A9E1D4484EA02030B40634005
:1014A0002B445F4D02EBF3633544059E0D4482EA05
:1014B00003012140514029445A4D03EBF151654449
:1014C000254483EA010414405C402C44564D01EB52
:1014D000B4443544099E154481EA04021A404A4046
:1014E0002A44524D04EB32323544049E1D4484EAB2
:1014F00002030B4063402B444D4D02EBF363454424
:101500000D4482EA0301214051402944494D03EB37
:10151000F1513544089E2C4483EA010515405D4095
:101520002C44454D01EBB4443544039E2A4481EAE2
:1015300004051D404D402A44404D04EB32323D44E9
:101540002B4484EA020593440D4065402B443C4DF6
:1015500002EBF3633544069E294482EA03052540E5
:1015600055402944374D03EBF1514D442C4483EA57
:10157000010515405D40254401EBB54581EA0504B0
:1015800004EA03024A405A44A6F5B82B089E05EB2C
:101590003232ABF2BE6B54405B4423442A4C344499
:1015A00002EB33730B9E0C4485EA0201594021443F
:1015B000264C344403EB7151029E254482EA030415
:1015C0004C402544224C444401EB3545144483EA05
:1015D00001026A40224443E078A46AD7EECEBDC13E
:1015E00056B7C7E8DB702024AF0F7CF52AC68747C3
:1015F000134630A8019546FDD8988069AFF7448B13
:10160000BED75C892211906B2108B44962251EF671
:1016100040B340C0515A5E26AAC7B6E95D102FD626
:101620005314440281E6A1D8C8FBD3E7E6CDE121FB
:10163000D60737C3870DD5F4ED145A4505E9E3A95C
:10164000F8A3EFFCD9026F6781F6718722619D6D67
:101650000C38E5FD937198FD8A4C2A8D8E4379A64E
:10166000934C344405EB7222059E1C4481EA050329
:10167000534023448F4C344402EB33730A9E0C4492
:1016800085EA0201594021448B4C4C4403EB7151D3
:10169000254482EA03044C402C44884D354401EB38
:1016A0003444019E154483EA010262402A44844D79
:1016B0003D4404EB72221D4481EA040353402B4451
:1016C000804D354402EB3373049E294484EA0205BD
:1016D0005D4029447C4D354403EB7151079E254400
:1016E00082EA03044C402C44784D354401EB3444E9
:1016F000099E2A4483EA010565401544744A324430
:1017000004EB7525039E134481EA04026A401A44DF
:10171000704B734405EB32720B4484EA050151406F
:1017200019446D4B634402EB71511C4485EA02037A
:101730004B401C44694B334401EB3444019E1D442F
:1017400082EA010363402B44654D04EB7323354467
:10175000069E154463EA010262402A44614D03EB90
:10176000B2624D4462EA040929445F4D89EA0309E3
:10177000454449442C445D4D02EBB1513544049E2F
:1017800061EA03081D4488EA0208444401EB7444FA
:1017900064EA02034B402B44554D04EBF32375449C
:1017A00063EA010E15448EEA040E0EEB0502514D5C
:1017B00003EBB262354462EA040E29440A9D8EEAC4
:1017C000030EA5F580164C4D7144A6F6833602EB48
:1017D000B151264461EA030454403444029E01EBB3
:1017E0007444354464EA02061D444E407319089E51
:1017F000424D04EBF323354463EA01061544664089
:1018000072193F4D03EBB262654462EA0406294453
:101810003C4D5E403144079E02EBB151354461EAD4
:1018200003062C44384D56403D443444059E1D4427
:1018300001EB744464EA02034B402B44334D04EB48
:10184000F32335440B9E154463EA010262402A44A7
:101850002F4D03EBB2623544039E0D4462EA04014E
:10186000594029442B4D02EBB15135442A4E2544B1
:1018700061EA030454402C44099D01EB74442E4456
:1018800064EA02051E4485EA01039D1903681A44AF
:101890000AEB040303EBF5230260436083681C44F6
:1018A000C36819448460C1600DB0BDE8F08F00BF0B
:1018B00044EABEA4A9CFDE4B604BBBF670BCBFBEF2
:1018C000C67E9B28FA27A1EA8530EFD4051D88043F
:1018D00039D0D4D9E599DBE6F87CA21F6556ACC4B3
:1018E000442229F497FF2A43A72394AB39A093FC01
:1018F000C3595B6592CC0C8FD15D84854F7EA86FF8
:10190000E0E62CFE144301A3A111084E827E53F79A
:1019100035F23ABDBBD2D72A91D386EB094B03608F
:1019200003F18833436003F12943A3F59613A3F62B
:101930008B638360A3F18833C3600023C0E9043361
:10194000704700BF012345672DE9F843144602693B
:1019500005460E46E300C2F3C50800F118079B18C0
:10196000036122BF43690133436112F4FC7F436981
:1019700003EB5473436114D0C8F1400907EB08002E
:101980004C4504D22246BDE8F84307F0E7BB403C93
:101990004A464E4407F0E2FB444439462846FFF7E6
:1019A0006FFCA04606EB0409B8F13F0FA9EB080154
:1019B0000AD94022384607F0D1FB39462846A8F11B
:1019C0004008FFF75DFCEFE7A1096FF03F023846E2
:1019D00002FB014206EB8111D5E7000070B50B69EF
:1019E00001F1180506460C46C3F3C503EA18501C5E
:1019F0008022EA54C3F13F02072A1FD8002100F0D9
:101A00001FFA29462046FFF73BFC382200212846D2
:101A100000F016FA23692946204623656369636549
:101A2000FFF72EFC21461022304607F097FB204698
:101A300058220021BDE8704000F002BAC3F137021D
:101A40000021E5E72DE9F84F4FF47A7306460D467D
:101A5000002402FB03F7DFF85080DFF8509098F97C
:101A600000305FFA84FA5A1C01D0A34212D159F80F
:101A700024002A4631460368D3F820B03B46D847B5
:101A8000854207D1074B012083F800A0BDE8F88FFD
:101A90000124E4E7002CFBD04FF4FA7004F06AFE56
:101AA0000020F3E7DC330020102200201422002065
:101AB00000232DE9F0471A460546884601201946BD
:101AC00003F01CF80446802005F04CFC0746002873
:101AD00061D0002C5FD03B4E28464FF0800A7369DE
:101AE00043F0C0637361D6F8143143F0C063C6F8A5
:101AF000143105F0B9FA05EB080200FB05F34FF4C9
:101B0000D06C50434FF03D0E834233D232695201C4
:101B100043D4D6F8102151013FD4216803F100626B
:101B20008A602268D7602268C2F804A02268C2F8DE
:101B300000C0D4F80090D9F8002042F00102C9F8A2
:101B40000020D4F80090D9F8002022F01E02C9F835
:101B50000020D4F80090D9F80020D207FBD494F8E4
:101B60000C90803361680EFA09F20A60CCE700201D
:101B700005F058FB204603F001F8384605F02EFC2E
:101B8000104B5A6942F0C0625A61D3F8142142F0F6
:101B9000C062C3F81421BDE8F0870B4B9A6A42F487
:101BA00000729A629A6A42F400429A6261B6002612
:101BB000012005F037FBB045D9D9A819013605F049
:101BC0006BFAF8E70020005200ED00E0002307B5B3
:101BD000024601210DF107008DF80730FFF732FFB3
:101BE00020B19DF8070003B05DF804FB4FF0FF3013
:101BF000F9E700000A46042108B5FFF723FF80F04B
:101C00000100C0B2404208BD074B0A4630B4197803
:101C1000064B53F82140014623682046DD69044BFA
:101C2000AC4630BC604700BFDC33002014220020EB
:101C3000A086010070B5104C0025104E05F018FA72
:101C400020803068238883420CD800252088013802
:101C500005F00AFA23880544013BB5F5802F23805F
:101C6000F4D370BD05F000FA336805440133B5F5CF
:101C7000003F3360E5D3E8E7DE33002098330020EF
:101C800005F0D0BA00F1006000F500300068704740
:101C900000F10060920000F5003005F045BA000048
:101CA000054B1A68054B1B889B1A834202D91044C6
:101CB00005F0DAB90020704798330020DE330020A9
:101CC00038B50446074D29B128682044BDE838409E
:101CD00005F0E2B92868204405F0CCF90028F3D0DB
:101CE00038BD00BF983300200020704700F1FF503E
:101CF00000F58F10D0F8000870470000064991F8F1
:101D0000243033B100230822086A81F82430FFF719
:101D1000BFBF0120704700BF9C330020014B1868F3
:101D2000704700BF0010005C194B013803220844C3
:101D300070B51D68174BC5F30B042D0C1E88A64209
:101D40000BD15C680A46013C824213460FD214F95B
:101D5000016F4EB102F8016BF6E7013A03F1080397
:101D6000ECD181420B4602D22C2203F8012B042431
:101D7000094A1688AE4204D1984284BF967803F887
:101D8000016B013C02F10402F3D1581A70BD00BF8F
:101D90000010005C1C220020C8920008022803D119
:101DA000024B4FF400229A61704700BF00100258A6
:101DB000022802D1014B08229A6170470010025894
:101DC000022804D1024A536983F008035361704723
:101DD0000010025870B504464FF47A764CB1412C8D
:101DE000254628BF412506FB05F0641B04F0C2FC14
:101DF000F4E770BD002310B5934203D0CC5CC4540B
:101E00000133F9E710BD0000013810B510F9013FAA
:101E10003BB191F900409C4203D11AB10131013A22
:101E2000F4E71AB191F90020981A10BD1046FCE7AA
:101E300003460246D01A12F9011B0029FAD1704755
:101E400002440346934202D003F8011BFAE77047AD
:101E50002DE9F8431F4D14460746884695F824207F
:101E600052BBDFF870909CB395F824302BB9202238
:101E7000FF2148462F62FFF7E3FF95F82400414613
:101E8000C0F1080205EB8000A24228BF2246D6B26C
:101E90009200FFF7AFFF95F82430A41B17441E44AF
:101EA0009044E4B2F6B2082E85F82460DBD1FFF747
:101EB00025FF0028D7D108E02B6A03EB8203834279
:101EC000CFD0FFF71BFF0028CBD10020BDE8F8835F
:101ED0000120FBE79C330020024B1A78024B1A705A
:101EE000704700BFDC3300201022002038B51A4CA8
:101EF0001A4D204603F02AFF2946204603F052FFE0
:101F00002D684FF47A70D5F89020D2F8043843F059
:101F10000203C2F80438FFF75DFF1149284604F0B8
:101F200071F8D5F890200F4DD2F80438286823F0C6
:101F300002030D49A042C2F804384FF4E1330B60AC
:101F400001D003F05DFE6868A04204D00649BDE8F8
:101F5000384003F055BE38BD38400020C49A000810
:101F6000CC9A000814220020C43300200C4B70B51A
:101F70000C4D04461E780C4B55F826209A420DD085
:101F80000A4B002118221846FFF75AFF0460014649
:101F900055F82600BDE8704003F032BE70BD00BFAA
:101FA000DC3300201422002038400020C4330020FD
:101FB00008B571B6054B1988054B1888FFF778FDF1
:101FC00002210E20FFF774FD61B608BDDE3300204C
:101FD0009833002030B50A44084D91420DD011F8D5
:101FE000013B5840082340F30004013B2C4013F010
:101FF000FF0384EA5000F6D1EFE730BD2083B8ED4F
:1020000000F00F0300F0F00200F0D000402806D0EE
:10201000302A09D1092B07D801200B7070475A1EAE
:10202000052A01D80933F7E70020704773B5144635
:10203000451C8E18B4421AD00DF1060115F8010C9A
:10204000FFF7DEFF10B9002002B070BD0DF10701EF
:1020500015F8020BFFF7D4FF0028F4D09DF80620F6
:102060009DF8073043EA021304F8013BE2E7012040
:10207000EAE700000121884238BF084605F0AAB906
:1020800008B105F0ABB9704710B5084C01220849FA
:10209000002001F0D1FE23783BB1064803F0CAFBD3
:1020A000044803F05BFD0023237010BDE0330020E3
:1020B000D8920008C03600202DE9F8431C4C074692
:1020C00088461C4D236DBBB901224FF4004104F139
:1020D000500005F0C7FA236D1B686BB901224FF45D
:1020E000805104F1500005F0BDFA236D1B681BB947
:1020F00000202870BDE8F8832B780BB1FFF7C4FFF0
:102100000026DFF834900A4C4645F1D00A492046B3
:10211000C9F8047003F014FD2046013603F0A8FB53
:1021200018B1204603F01AFDEEE70120E1E700BFF9
:10213000C0360020E033002034220020F8B503240C
:102140000D4E0E4F01210020FFF7B6FF054668B186
:1021500031460122384601F06FFE014620B9084899
:1021600000F010F82846F8BDFFF78EFF013C14F090
:10217000FF04E7D12546F5E7D8920008E4330020B4
:10218000DC9200080FB4002004B07047006870476C
:1021900003460068596870470B0A017043700B0CC6
:1021A000090E8370C1707047110A0270037141708B
:1021B000110C120E8170C2701A0A42711A0C1B0E99
:1021C0008271C37170470000C36A0239023B8B42BF
:1021D00083BF4389006C01FB0300002070470000AF
:1021E000C2F307238A76CB760378032B01BF120C48
:1021F0000A75120A4A75704700F10B010022D301DB
:1022000043EA520310F8012B52FA83F38842DAB200
:10221000F5D110467047000010B541780446002003
:10222000013102464901022A16BFA35C032203EBD7
:10223000C03302F101021EBF9BB203EB500398B200
:102240009142F0D810BD000002684AB1134613F85D
:10225000011B1F290DD93A29F9D1911C8B4202D0BB
:102260004FF0FF3070471278302AF9D10360002018
:102270007047014B187870473036002038B50D464E
:10228000044618B9092000232B6038BD0368002BD1
:10229000F8D01A78002AF5D08188DA889142F1D1F5
:1022A000587804F003FC10F00100EBD12368EBE751
:1022B00038B50D4640F25231144602F0B9F9FF2804
:1022C00007D9012C0BD9030A022468702B70204611
:1022D00038BD30B1002CFAD001242870F7E7002473
:1022E000F5E70446F3E700002DE9F8430026D0F8AF
:1022F000008005460C468E76836B002B4AD098F8FA
:102300000030042B4BD133463546402720E0B7F54B
:10231000187F80F0C480F90606F1010608BF023775
:10232000D05B02372BB900F5205292B2B2F5006FA4
:102330000DD305F11A01C5F1FF0240EA0340214423
:10234000FFF7B6FF002800F0AA80054400200346EE
:10235000D8F8102092F82310B142D8D8002B40F0C2
:102360009E80002D00F09B8000232544AB76637394
:10237000D8F81020137903F03701DB0621730BD452
:1023800002F13800FFF704FFC4E90001938963817B
:10239000D3892381BDE8F88300200146F4E7C36CAC
:1023A00001335ED1EA6B00232E26551E184615F820
:1023B000011F013020290CD0052908BFE52109287B
:1023C00004D10B2B9EBFE71801337E73E71801334E
:1023D00079730B28EBD1E11800204873A17E002906
:1023E0004BD1002B40D06FF00C0604F10D000825F6
:1023F000361B331810F8011B002938D02E298BB258
:102400004AD0A3F14101192903D8117B0D4200D014
:1024100020330373EDE7B9F1000F05D100F5205328
:102420009BB2B3F5006F0BD307F11A01C7F1FF029E
:1024300040EA09402144FFF73BFF48B10744002030
:1024400002368146D8F80C30985B0028E3D1384634
:10245000B9F1000F4FF0000218BF002023189A7640
:10246000A0E7B1463746EDE73F23A3760123234497
:1024700000219976137B03B96373D37A02F11C00B0
:1024800003F03F0323730023FFF780FE20606360A7
:10249000D38A6381138B7CE710250B46B9E73F2372
:1024A0000125A37660E7000038B50546002435F81D
:1024B000020B08B9204638BD02F0EEF86308C2B23C
:1024C00003EBC43312FA83F39AB2C0F3072303EB8E
:1024D000520303EBC2339CB2E9E7000037B5C3787F
:1024E00004461BB90025284603B030BD00F14C015D
:1024F000826C01234078019104F0FEFA054680B910
:10250000A36BE070A06C226BC31A9342EAD2A3784B
:102510000199022BE6D102440123607804F0ECFA21
:10252000E1E70125DFE7000038B5836C05460C467E
:102530008B4210D0FFF7D2FF60B92246012305F18C
:102540004C01687804F0B4FA00281CBF4FF0FF3447
:102550000120AC6438BD0020FCE7000038B5002342
:102560000446C3704FF0FF338364FFF7DDFF00289C
:102570004BD1B4F84A524AF655239D4207D10B225B
:10258000254904F14C0006F0D9FD00283FD094F80D
:102590004C30EB2B03D01833DBB2012B2ED84AF68C
:1025A00055239D4206D108221C4904F19E0006F0E5
:1025B000C5FD48B3B4F85730B3F5007F1ED194F889
:1025C0005930DBB15A1E1A4218D1B4F85A30ABB1A7
:1025D00094F85C30013B012B10D8B4F85D306BB13E
:1025E000B4F85F307F2B06D804F16C00FFF7CEFD06
:1025F000B0F5803F02D3B4F8623053B94AF65520A3
:1026000085420CBF0220032038BD0420FCE70120D6
:10261000FAE70020F8E700BF0893000814930008C9
:1026200002392DE9F04701F007044FF0010A466C2A
:1026300005460AFA04F41746984606EB1136C1F32C
:10264000C809E4B2314628460136FFF76DFF18B1DC
:102650000120BDE8F087994605EB090292F84C305D
:10266000234214BF01210021414513D06340013FA3
:1026700082F84C3085F803A0EBD0640014F0FF041E
:10268000EAD109F1010301244FF00009B3F5007FFD
:10269000E1D1D7E70220DCE701290246F8B50C4674
:1026A00040F28C800668F36A8B4240F28780337870
:1026B000013B032B00F28280DFE803F00229384B54
:1026C00004EB5405B16B304601EB5521FFF72CFFAD
:1026D00010B14FF0FF30F8BD6F1CC5F30805B16BAA
:1026E0003046354401EB572195F84C50FFF71CFF5D
:1026F0000028EED1C7F30807E3073E4496F84C00E4
:1027000045EA00204CBF0009C0F30B00E3E7B16BC2
:10271000304601EB1421FFF707FF0028D9D16400F0
:1027200004F4FF742644B6F84C00D4E7B16B30468D
:1027300001EBD411FFF7F8FE0028CAD1A40006F17E
:102740004C0004F4FE742044FFF720FD20F070409C
:10275000C1E7D0E90430D57953EA000101D091688E
:1027600001B95DBB9168022DA4EB01010DD1013BC4
:10277000728940F1FF305B0A43EAC053B3FBF2F3C6
:1027800099421BD81CD0601CA5E7032D02D1936988
:102790008B42F8D8D3699BB9B16B304601EBD411A9
:1027A000FFF7C2FE002894D1A0004C3600F4FE7062
:1027B0003044FFF7EBFC20F000408CE701208AE773
:1027C0006FF0004087E70000F8B5066804460D4644
:1027D0003378042B0CBF4FF080524FF400128A4222
:1027E00001D80220F8BDCA06FBD182680163D2B9C4
:1027F000022B13D83389B3EB551FF2D9F36BA363C4
:10280000A36B6263002BECD003EB55234C36C5F36E
:1028100008050020A3633544E563E3E7F36BC27169
:10282000002BE7D01A4677897F02BD42114604D2B9
:102830003046FFF7C9FCA063E2E72046FFF72CFF14
:10284000431C024606D00128CBD9F36A8342C8D97B
:10285000ED1BEAE70120C5E701292DE9F04706460F
:102860000C46174608D9C36A8B4205D90378022B58
:1028700062D003D8012B22D0022552E0033B012B6A
:10288000FAD8816B01EBD411FFF74EFE0546002804
:1028900047D1A40006F14C0304F4FE741C443378C1
:1028A000042B07D0204627F07047FFF76FFC00F09D
:1028B0007040074339462046FFF76EFC2FE001EBDE
:1028C0005108816B01EB5821FFF72EFE054640BBF6
:1028D00014F0010406F14C0908F1010AC8F30808D4
:1028E00008BFFBB230461FBF19F8083003F00F02D3
:1028F0003B0103F0F00318BF134309F8083001232C
:10290000B16BF37001EB5A21FFF70EFE054640B99B
:10291000CAF3080A44B1C7F3071709F80A7001237C
:10292000F3702846BDE8F08719F80A30C7F303278B
:1029300023F00F031F43F0E7816B01EB1421FFF736
:10294000F3FD05460028ECD1640006F14C0304F4C5
:10295000FF741F551919C7F307274F70DFE70000F1
:10296000F8B504460E461746E3690BB91846F8BD9C
:10297000012BA6EB0305206814BFAA1C3A46691C6C
:10298000FFF76AFF0028F2D1E369013BE361EBE75F
:1029900001292DE9F84306460C461746056802D87A
:1029A0000220BDE8F883EB6A8B42F9D97AB9A146D7
:1029B00021463046A046FFF76FFE0446B0B92B789B
:1029C000042B02D1002F43D1F7710020E9E72B78C7
:1029D000042B02D1C379022BE9D04FF0FF323946E4
:1029E0002846FFF739FF0028E1D0DAE70128D7D0E1
:1029F000421C01D10120D4E72B78042B19D1EA6ABB
:102A0000AB69023A93421CD308F10102A2420CD0F6
:102A10002B78042B08D10023A2EB09024946284653
:102A2000FFF7FEFD0028BCD1A146EB6AA342BFD848
:102A3000C5E7002241462846FFF70EFF0028DED0FA
:102A4000AFE70133AB612B7943F001032B71DBE777
:102A5000F3798BB9B468BC4202D10223F371B4E7B5
:102A600021463046FFF718FE012899D9431CC1D0F2
:102A700001348442EFD0A8E7032BA6D1B368BB4250
:102A8000A3D8B2691344BB429FD3E6E770B5C379BC
:102A90000446032B06D181688369CD18A94203D16E
:102AA0000023E371002070BD4E1C20683246FFF702
:102AB000D3FE0028F7D13146F0E700002DE9F743B7
:102AC00005460191FFF70AFD0446002849D105F1AA
:102AD0004C09019928464FF40072FFF775FB214617
:102AE000A86407464846FFF7ABF96C896402B4F561
:102AF000004F28BF4FF40044B4F5007F2FD9204683
:102B000004F070FC804630B122460021640A0026A1
:102B1000FFF796F909E06408EEE72346BA19414643
:102B2000687803F0E9FF18B926446B899E42F4D314
:102B3000404604F067FC6889801B18BF012003B081
:102B4000BDE8F08301366B899E42F4D20123BA19A5
:102B50004946687803F0D0FF0028F3D0EBE7002661
:102B6000F1E70120EBE70000F8B50446FFF7B6FCFB
:102B70000546002842D12378032B37D12779012F2E
:102B800034D104F14C0601464FF400723046FFF791
:102B900057F955234122722184F84A32AA2304F5B9
:102BA0000D7084F84F2084F84B32522384F8301291
:102BB00084F84C3084F84D30612384F8311284F865
:102BC0004E3084F83332A16984F83222FFF7E4FAF8
:102BD000616904F50E70FFF7DFFA626B3B46314620
:102BE00001326078A26403F087FF257100226078CB
:102BF000114603F0A5FF003818BF0120F8BD000002
:102C000000232DE9F0430B6085B00F461546FFF712
:102C10001BFB061EC0F2B281804B53F82640002CED
:102C200000F0AE813C6005F0FE0523786BB1607862
:102C300003F03CFFC70708D41DB110F0040500D015
:102C40000A25284605B0BDE8F0830023F0B22370C2
:102C5000607003F017FFC10700F194810DB14207C6
:102C6000EED400212046FFF779FC022840F099803D
:102C70006E4604F2122304F25221324618461033F3
:102C8000FFF784FA42F8040B8B42F7D1002556F87F
:102C9000041B00297DD02046FFF760FC012879D86D
:102CA0000128A26C40F0C08004F1570304F18C01AC
:102CB00013F8015B002D7BD18B42F9D1B4F8B4300D
:102CC000B3F5807F74D194F8B830092B70D104F13A
:102CD0009400FFF75DFA4FF0FF33171841F1000140
:102CE000BB4275EB010363D304F1A000FFF74EFA7A
:102CF00094F8BA302063012BA37059D194F8B9909D
:102D000003FA09F91FFA89F36381002B50D0444B71
:102D100004F1A800FFF73AFA0646984248D8831C07
:102D2000626304F1A400E362FFF730FA00EB0208EB
:102D300004F19C00C4F84080FFF728FA10441FFA01
:102D400089F2A06306FB02F313EB080345EB0502CF
:102D50009F4271EB02032BD32E4604F1AC00FFF728
:102D600015FAE06365B96389B34221D9E16B204666
:102D7000FFF72AFA81192046FFF7D6FB98B90136EA
:102D8000631993F84C30812B14D02035C5F3080516
:102D9000E8E703200135042D7FF479AF042807D13B
:102DA00001E0042801D101254BE701287FF678AF27
:102DB0000D2546E705F1140004F14C063044FFF7F9
:102DC000E5F901280546F3D9E36A8342F0D9618920
:102DD000821E236C02FB01336364A16B204601EB6E
:102DE000D511FFF7A1FB0028DDD105F07F0006EB30
:102DF0008000FFF7CBF9431C03D00135A842ECD08B
:102E0000D6E70425C4E90500064A25700025138885
:102E1000E56101339BB21380E38012E73436002072
:102E2000FDFFFF7F38360020B4F85730B3F5007F40
:102E3000BED1B4F8626026B904F17000FFF7A6F9BC
:102E4000064694F85C302663591EA3700129AFD85A
:102E500094F859506581002DAAD0691E2942A7D146
:102E6000B4F85D8018F00F0FA4F80880A0D1B4F872
:102E70005F0018B904F16C00FFF788F9B4F85A1034
:102E8000002995D006FB03FE01EB181CF4446045B5
:102E90008ED3A0EB0C00A842B0FBF5F388D33E48DC
:102EA000834285D84FF6F57083426DD903259F1C68
:102EB000114402EB0C03032DE7626263A1632364F8
:102EC0004CD1B4F8763053EA08037FF471AFBB00FD
:102ED00004F17800FFF75AF9E06303F2FF13B6EB51
:102EE000532FFFF465AF4FF0FF33032DC4E90533D3
:102EF0004FF08003237187D1B4F87C30012B83D14C
:102F0000511C2046FFF710FB00287FF47DAFB4F87A
:102F10004A224AF6552320719A427FF475AF1F4B1F
:102F200004F14C00FFF732F998427FF46DAF03F1E2
:102F3000FF5304F50C70FFF729F903F50053203314
:102F400098427FF461AF04F50D70FFF71FF9A0619F
:102F500004F50E70FFF71AF9606155E7B8F1000F3C
:102F60003FF426AF7144022D4FEA4703E1631EBFD1
:102F7000D91907F0010303EB5103AEE70B2560E617
:102F80000C255EE603255CE640F6F575AB428CBF8A
:102F9000022501258BE700BFF5FFFF0F525261416B
:102FA0002DE9F84F07460568884649B96E69C6B1EC
:102FB000EB6AB34298BF0126AB69A3B9002405E0D0
:102FC000FFF76AFB0128044603D801242046BDE828
:102FD000F88F421C00F0D280EB6A8342F6D8464656
:102FE000EAE70126E8E72A78EB6A042A40F08380C2
:102FF000A6F1020A023B4FF0010B9A4528BF4FF0A1
:10300000000AD146696C284601EB1931FFF78CFAAA
:1030100000283BD109F00703EA6AC9F3C8010BFA9B
:1030200003F3901EDBB26A184C4609F1010992F8CD
:103030004C20814502EA030233BF5B0000234FF4BA
:103040000071DBB228BF9946B2B90234631E033364
:10305000BCD80123214628461A46FFF7E1FA022888
:10306000B3D0012800F08A80B8F1000F13D10223F9
:10307000FB710028A9D130E0CA450AD0002BD2D17B
:103080000131B1F5007FBDD20123CCE74FF0FF3411
:10309000DCE70024DAE7FB79022B07D1731CA3429B
:1030A000E7D0BB68F31ABB610323FB7108F101028F
:1030B000FB69A24205D113B10133FB61D9E70223B9
:1030C000FBE70BB90123FB61224641463846FFF777
:1030D00047FC00284FD10123FB61EA6AAB69023A41
:1030E0006C6193429CBF03F1FF33AB612B7943F0DA
:1030F00001032B716AE7464514D1741C3846A3427C
:1031000098BF02242146FFF7C7FA01283FF45DAFBC
:10311000431C33D0E0B16B69012B03D9EA6A9342B7
:1031200038BF1E4634460134EB6AA34203D8012E51
:103130007FF644AF022421463846FFF7ADFA48B186
:1031400001283FF442AF013018D0B442EBD135E74B
:10315000002CE7D04FF0FF3221462846FFF77CFBDA
:1031600048B9B8F1000FB8D0224641462846FFF7CB
:1031700073FB0028B1D001287FF427AF4FF0FF3454
:1031800024E700002DE9F84306680446076B8946EA
:1031900033782037042B0CBF4FF080534FF40013CB
:1031A000BB429CBF00238363836B73B1C7F30808E2
:1031B000B8F1000F3CD10133416B836339B93389D6
:1031C000B3EB571F34D80023A36304200AE07389AC
:1031D000013B13EA57232BD1FFF75EFA012805467E
:1031E00002D80220BDE8F883421C01D10120F9E792
:1031F000F36A834216D8B9F1000FE4D0616B204620
:10320000FFF7CEFE0546C8B10128EAD0431CEDD039
:1032100001463046FFF752FC0028E7D1E37943F03E
:103220000403E371294630466563FEF7CDFFA063D2
:103230004C36002027634644E663D3E70720D1E7F6
:10324000F8B50E46002104460768FFF7BDFA98B9A5
:103250000546A16B3846FFF767F968B93A78E36B22
:10326000042A1B780CD11B060ED5054601212046E9
:10327000FFF788FF0028ECD0042808BF072006E0ED
:10328000E52B01D0002BF0D10135B542EED1F8BDD0
:10329000C16C4B1C2DE9F04104460568066B1FD13B
:1032A000E5274FF00108A16B2846FFF73DF998B9D3
:1032B0002A78E36B042A09BF1A781F7002F07F0294
:1032C0001A7085F80380236BB3420DD2002120468B
:1032D000FFF758FF0028E6D0042808BF022003E0CB
:1032E000FFF772FA0028DBD0BDE8F0812DE9F0414C
:1032F00005460068A96B0669FFF716F9044620B970
:10330000EB6B1A78852A03D002242046BDE8F081B1
:10331000324603F1200153F8040B8B4242F8040BB0
:10332000F9D1777801377F01A7F16003B3F5007F0A
:10333000EAD800212846FFF725FF04280446E3D0F9
:103340000028E2D1A96B2868FFF7EEF804460028B0
:10335000DBD1EB6B1A78C02AD6D106F1200203F13B
:10336000200153F8040B8B4242F8040BF9D196F874
:1033700023300F222C33B3FBF2F3B7EB431FC3D33D
:103380004FF0400800212846FFF7FCFE04280446C1
:10339000BAD00028B9D1A96B2868FFF7C5F8044650
:1033A0000028B2D1EB6B1A78C12AADD1B8F5187FDD
:1033B00009D206EB080203F1200153F8040B8B42FB
:1033C00042F8040BF9D108F120084745DAD8B8F5DE
:1033D000187F9AD83046FEF71FFF7388834294D037
:1033E00092E700000B68002210B5036004460B6AE8
:1033F00083604B6AC261C37123F0FF03896AC0E92D
:103400000432C164FFF7E0F920B92046BDE810405E
:10341000FFF76CBF10BD0000F8B503680546012733
:103420001C692046FEF7F8FEA070000A6678E0707E
:103430002846E96CFFF7C8F920B1022828BF02200E
:10344000C0B2F8BDA96B2868FFF76EF80028F4D168
:10345000EB6B04F1200254F8041B944243F8041B64
:10346000F9D12B68DF70002EE7D000212846013EFD
:10347000FFF788FEE0E700002DE9F8434FF0FF0872
:1034800006460768042445464FF6FF79B16B11B92B
:10349000002C73D063E03846FFF746F80446002856
:1034A0005DD1F06B0378002B6ED03A78042A11D1ED
:1034B000852B4DD1336B3046F364FFF717FF04467D
:1034C00000284CD13B691B7903F03F03B3712046C0
:1034D000BDE8F883C27AE52B02F03F02B27143D017
:1034E0002E2B41D022F0200108293DD00F2A40D1B7
:1034F000590637D503F0BF05336B90F80D80F364A0
:10350000437B434530D1428B72BB03780D21FC686D
:1035100023F04003DFF874E0013B4B4301211EF828
:1035200001CB30F80CC009B3FF2B1DD824F813C011
:103530006146013301320D2AF1D10278520605D5D8
:1035400021B1FF2B10D8002224F81320013DEDB249
:1035500000213046FFF716FE0446002896D00023CF
:10356000B363B4E7AB42CBD0FF25F1E7CC45E1D064
:10357000FAE72DB9FEF740FE404501D10024A6E749
:103580004FF0FF33F364A2E70424E8E7B0930008A8
:103590002DE9F04F002187B00446D0F80090FFF7E6
:1035A00013F9804670B999F80030042B33D1D9F85B
:1035B0000C00FEF779FF07462046FFF75DFF054642
:1035C00020B18046404607B0BDE8F08FD9F81030F2
:1035D0009A8CBA42F0D193F823B040265D4506D1CB
:1035E000D9F80C3033F81530002BE5D1EAE7F106B5
:1035F000D9F8103008BF0236985B01F04DF8D9F8C1
:103600000C30824633F8150001F046F88245D3D1DC
:1036100002360135E2E74FF0FF0A4FF0FF3B554617
:10362000C4F84CB0A16B4846FEF77EFF00285CD181
:10363000E66B3778002F77D0F27AE52F02F03F0360
:10364000A37103D0120704D50F2B04D0C4F84CB0DB
:103650004FE00F2B54D194F84B3058063FD47906E5
:1036600045D5236B07F0BF0796F80DA0E364737B85
:1036700053453ED1738B002B3BD135780121D9F8CE
:103680000C3005F03F0501930D23013D5D43284BB0
:1036900013F8012BB25A71B3FF2D059329D81046A8
:1036A000049200F0F9FF6B1C03900293019B33F826
:1036B000150000F0F1FF039981421AD1049A029D8E
:1036C0001146059B1B4A9342E2D133785A0604D532
:1036D00019B1019B33F815305BB97D1EEDB20021A5
:1036E0002046FFF74FFD00289CD080466AE7BD4288
:1036F000BDD0FF25F3E74FF6FF708242E2D0F8E736
:103700002DB93046FEF778FD50453FF45BAF94F895
:103710004B30DB079AD40B2204F14001304605F010
:103720000DFD002892D14DE74FF004084AE700BF95
:10373000B0930008BD9300082DE9F04F90F84BB00E
:1037400099B004461BF0A00540F068810668F26855
:1037500032F81530002B4AD13378042B40F08780A3
:103760000F230E352046B5FBF3F5A91CFFF768FDC6
:103770008146002877D1236B0135A3EB4515E3790A
:103780005A07E56435D523F004032046E371FFF7BB
:103790007DF950BB4FF0FF32616B2046FFF7E0F838
:1037A00018BBA3682BB3214604A8FFF71BFEE0B9A2
:1037B00070894FF40071D4E90423E0FB01233069E0
:1037C000C4E904233830FEF7EFFC3069D4E9042360
:1037D0002830FEF7E9FCE379326904A843F00103DD
:1037E00082F82130FFF718FE18B181463BE0013521
:1037F000AEE7D6E90354402200212046FEF720FB25
:103800008523012140222370C0234FF0C10C04EB1B
:10381000010884F8203000231E469E46571C04F8F9
:1038200002C0F0B2023204F807E021B135F81310FB
:1038300009B10133DBB20F0AA15408F80270023259
:10384000D706F2D135F813700136002FE6D184F88F
:103850002330831C28466370FEF726FE84F824007C
:10386000000A84F82500484619B0BDE8F08F04F13D
:1038700040070DF1100A1BF0010F97E807008AE8D6
:10388000070000F0D38040234FF0010884F84B304C
:10389000BC46F368B8F1050F9AE80700ACE80300EE
:1038A0002CF8022B4FEA12428CF8002059D9981EAE
:1038B000424630F8021F002942D10DF10F0C0721BA
:1038C00002F00F0E914612090EF13000392888BF20
:1038D0000EF1370001390CF8010902D0B9F10F0FD0
:1038E000EED818AB7E205A1802F8580C3846002241
:1038F000914206D010F801CB02F1010EBCF1200F6D
:1039000031D104F13F0C072902F1010297BF18AB36
:1039100020205818013198BF10F8580C072A0CF8CD
:103920000200F0D92046FFF733FE8146002878D107
:1039300008F10108B8F1640FAAD14FF0070992E726
:103940004FF0100C01F0010E49080EEB4202D303B8
:1039500044BF82F4883282F02102BCF1010CF1D123
:10396000A7E74246A9E77246C2E7216B2046A1EBD2
:103970004511FEF729FF814600287FF474AF4FF60A
:10398000FF783846FEF738FC0190A16B3046FEF711
:10399000CBFD814600287FF466AFE36BE9B2019A64
:1039A0004FF00D0CD6F80CE05A734FF00F02DFF811
:1039B000E0A0DA724A1E18730CFB02F28446987675
:1039C000D87640451AF8019B0CF1010C18BF3EF85F
:1039D000120003EB090B18BF013203F809004FEA8C
:1039E0001029002808BF4046BCF10D0F8BF801904C
:1039F000E7D1404502D03EF812200AB941F040011B
:103A00001970012300212046F370FFF7BBFB8146AC
:103A100000287FF428AF013DB7D11BE04FF0060925
:103A200021E704287FF41FAF84F84BB01BF0020F8E
:103A300020461BBF0C350D210125B5FBF1F518BF44
:103A400001352946FFF7FCFB814600287FF40BAFC8
:103A5000013D8AD1A16B3046FEF766FD8146002804
:103A60007FF401AF01462022E06BFEF7E9F9E36B3A
:103A700003CF18605960BA7839889A72198194F81E
:103A80004B30E26B03F0180313730123F370EAE683
:103A9000B093000810B504460A463430FEF776FBB2
:103AA000886004F13800FEF773FBC2E9040194F862
:103AB000213003F00203D3710023D36110BD000055
:103AC00003284B8B04BF8A8A43EA02431846704797
:103AD0002DE9F04F0B7899B0044689462F2BD0F88A
:103AE00000B001D05C2B09D14A46137891460132CF
:103AF0002F2BFAD05C2BF8D0002301E0DBF81C3030
:103B0000A3600023E3619BF80030042B1ED1A3685F
:103B1000E3B1DBF82030214604A82362DBF824302F
:103B20006362DBF82830A362FFF75CFC03460028E1
:103B300054D1DBF8102002F13800FEF727FBC4E96E
:103B4000040392F8213003F00203E37199F8003086
:103B50001F2B00F2358180230021204684F84B3052
:103B600019B0BDE8F04FFEF72FBE49460B788946E5
:103B700001312F2BFAD05C2BF8D01F2B8CBF0025E6
:103B80000425012F2FD113882E2B31D1002322F8A9
:103B9000173004F140029F428CBF2E2120210133B7
:103BA0000B2B02F8011BF6D145F02005204684F8C6
:103BB0004B50FFF7EDFC94F84B30002800F0E78005
:103BC00004280BD1990603F0040240F1DC80002A9E
:103BD00000F0F6808023002084F84B3019B0BDE857
:103BE000F08F0425CDE7022F02D153882E2BCAD0A7
:103BF000911E87BB002322F81730002F00F011819F
:103C000032F81300194601332028F9D009B92E28BB
:103C100001D145F00305901E30F817302E2B01D04E
:103C2000013FF9D14FF020334FF0000A6364D046D2
:103C30002364C4F847300823481C32F81160009010
:103C4000F6B1202E03D02E2E0DD1B84210D045F063
:103C500003050099F0E731F81730202B01D02E2B07
:103C6000C8D1013FC5E79A4505D20099B9423BD179
:103C70000B2B30D101E00B2B27D145F003050B2393
:103C800094F84020E52A04BF052284F84020082B40
:103C900004BF4FEA88085FFA88F808F00C030C2B81
:103CA00003D008F00303032B01D145F00205A80758
:103CB0003FF57CAF18F0010F18BF45F0100518F064
:103CC000040F18BF45F0080570E70099B94202D00B
:103CD00045F00305D4D84FEA88080B234FF0080AB3
:103CE00000975FFA88F8B4E77F2E15D9304640F286
:103CF0005231CDE9022345F00203019300F098FC14
:103D000010F0800F0646DDE9022316D000F07F0692
:103D100046498E5D019D46B331464548CDE90123B4
:103D200005F036FADDE90123F8B9A6F1410189B2BF
:103D300019291ED848F0020810E0FF28EAD9591EB8
:103D40008A4503D345F003059A4682E704EB0A014E
:103D5000000A0AF1010A019D81F8400004EB0A0102
:103D60000AF1010A81F8406073E745F003055F2618
:103D7000F4E7A6F1610189B219299EBF203E48F0FF
:103D80000108B6B2EAE7002A08BF052026E75A076D
:103D90003FF524AFA379DB0645D59BF80000042846
:103DA00035D1A3682146E27923622369DBF810004C
:103DB00023F0FF0313436362E36CA362FFF76AFE21
:103DC00023680027DA6819F8010B00283FF409AFCF
:103DD00040F25231009200F04BFC054608B31F2818
:103DE000009A7FF6FEAE2F283FF4BFAE5C283FF46A
:103DF000BCAE7F2805D801460E4805F0C9F9009AE7
:103E000078B9FF2F0DD022F817500137DBE7216B6F
:103E10000BF14C03C1F308011944FFF751FEA060F8
:103E2000CEE70620DAE60520D8E600BF309300088A
:103E300029930008209300081FB5CDE9001003A8BE
:103E400014460391FEF700FA002815DB0B4A52F8DE
:103E500020300BB100211970019B0BB100211970AA
:103E600042F820302CB1002201A96846FEF7C8FEB6
:103E70000446204604B010BD0B24FAE73436002077
:103E80002DE9F04798B0904605460191002800F0D2
:103E9000528102F03F0603A901A83246FEF7B0FEA8
:103EA000002840F04681039B4FF48C60049303F09C
:103EB00099FA0746002800F04081039B00F5007244
:103EC0000199D86004A81A61FFF702FE044620B9E0
:103ED0009DF95B30002BB8BF062418F01C0F00F0D2
:103EE000CD80002C4CD0042C40D104A8FFF724FC3A
:103EF000044600283AD146F00806039B1A78042AA3
:103F000040F08380186929462B60FFF7C3FD039BAF
:103F10001E22002118690230FDF792FF039C002148
:103F20001A2220692630FDF78BFF236920221A719F
:103F3000246903F091FA0146012208342046FEF775
:103F40002BF9039B04A81B6983F82120FFF764FA6F
:103F5000044658B9A96801B302462846FEF718FD81
:103F6000AB68039A0446013B5361B4B1384603F091
:103F700049FA0CB100232B60204618B0BDE8F08749
:103F80009DF8163013F0110F40F0848018F0040FE4
:103F900040F0C98018F0080FAFD1039A3107139988
:103FA000936C48BF46F04006E964AB64107804287F
:103FB00072D1069B9DF817102B62089B106923F0A5
:103FC000FF030B4329466B62179BAB62FFF762FD51
:103FD000DDF80CA00024002205F15008BAF80630E4
:103FE00021464046C5F800A0AB80002385F830602C
:103FF00085F831406C64C5E90E234FF40072FDF77B
:104000001FFFB20653D40024B0E703F025FA01469F
:10401000009013980E30FEF7BFF8139800991630F1
:10402000FEF7BAF8039C13992078FFF749FD202387
:1040300000228046CB7220461399FEF7D1F8139BDD
:10404000002201211A775A779A77DA77039BD97081
:10405000B8F1000FA1D0414604A8D3F84890FEF76C
:1040600097FC0446002881D149460398FEF75CFA84
:10407000039B044608F1FF30586176E7002C7FF47B
:1040800075AF9DF81630DC064FD418F0020F84D0BF
:10409000D80782D5072469E7FFF712FD0023A8603F
:1040A00001F11C00FEF772F86B61286190E7D5E919
:1040B000046956EA0903A6D0BAF80AA0A9684FEA2B
:1040C0004A2AC5E90E69B24574EB09031BD30024E3
:1040D0002964002C7FF44AAFC6F30803002B92D06A
:1040E000039C2046FEF770F808B3760A0123414688
:1040F00046EAC95682196A64607802F0D9FC041E47
:1041000018BF012432E72846FEF7C6FAB6EB0A06C6
:10411000014669F10009012803D9431CD3D10124C8
:10412000D6E70224D4E7082420E704241EE702246B
:104130001CE704461EE709241EE711241CE70000C3
:104140002DE9F04F994685B00023884603A904461F
:10415000C9F800301646FEF791F8054680BB94F882
:1041600031506DBB94F8303013F00103009300F030
:10417000A68004F1500AD4E90432D4E90E011B1AD6
:1041800062EB0102B34272F1000238BF1E46BEB1BB
:10419000D4E90E10C1F30803002B40F08280039B8A
:1041A0005A894B0A013A43EAC0531A401BD151EADB
:1041B000000309D1A06801280DD8022584F83150E8
:1041C000284605B0BDE8F08F216C20460192FEF72D
:1041D00063FA019AEFE7431C04D10123009D84F8A0
:1041E0003130EDE72064DDF80CB0216C5846FDF766
:1041F000EBFF0028E1D0B6F5007F02EB000731D3DA
:10420000BBF80A1002EB5620730A88429BF80100A3
:1042100088BF8B1A3A464146019302F049FC0028B8
:10422000DBD194F93020019B002A0BDA606CC01BB3
:10423000984207D24FF40072514608EB4020FDF738
:10424000D9FD019B5F02D9F80030F61BB8443B440E
:10425000C9F80030D4E90E32DB1942F10002C4E99A
:104260000E3294E7626CBA421AD094F93030002BC7
:104270000DDA012351469BF8010002F03DFC0028B5
:10428000ABD194F8303003F07F0384F830300398DA
:1042900001233A465146407802F00AFC00289CD19E
:1042A0006764A16B4046C1F30801C1F50077514432
:1042B000B74228BF37463A46FDF79CFDC3E70725BE
:1042C0007EE7000070B596B00E460022019002A96C
:1042D00001A8FEF795FC0446E0B94FF48C6003F0AA
:1042E00081F80546D8B1029B00F500720199D860AB
:1042F00002A81A61FFF7ECFB044640B99DF9533060
:10430000002B0ADB1EB1314602A8FDF7EDFF28465F
:1043100003F078F8204616B070BD0624F7E71124A4
:10432000F8E7000070B5B8B00222019003A901A817
:10433000FEF766FC044608BB039B4FF48C601093A9
:1043400003F050F80546002866D0039B00F5007284
:104350000199D86010A81A61FFF7BAFB044650B95A
:104360009DF88B30980655D4190653D49DF84630E5
:10437000DA0706D50724284603F044F8204638B06B
:1043800070BD039B04931878042814D104A91869FC
:10439000FFF780FB069E9DF84630DB0610D410A880
:1043A000FEF776FF04460028E5D156BB0398FEF7DA
:1043B000DBFB0446DFE71F99FFF782FB0646EAE7CF
:1043C000039BDA69B242D5D024930021269624A813
:1043D0001B78042B01BFDDE90823CDE928239DF8D4
:1043E00017308DF89730FEF7EFF904460028C2D158
:1043F00024A8FFF741F804460028BBD00428BAD10E
:10440000CDE70246314604A8FEF7C2FA044600286A
:10441000B1D1CBE70624AEE71124AFE7F0B5BDB0CC
:10442000CDE900106846FDF70FFF022203A901A89D
:10443000FEF7E6FB0446002841D1039B4FF48C6055
:10444000149302F0CFFF0546002800F0EE80039B96
:1044500000F5007214AE0199D8601A613046FFF77A
:1044600037FB044640BB9DF89B3013F0A00F40F093
:10447000D880039B009F1A78042A68D11B6904AC7A
:1044800003F1400C1868083353F8041C22466345B6
:1044900003C21446F6D15022314628A8FDF7AAFCE3
:1044A000394628A8FFF714FB044600284CD12A9A65
:1044B000169B9A4206D00824284602F0A3FF204605
:1044C0003DB0F0BD349A209B9A42F4D128A8FFF762
:1044D00033F904460028EFD1039B04AF1B6993F81E
:1044E00001E093F823C09C8C3A46083303CAB242D9
:1044F00043F8080C43F8041C1746F5D1039B28A881
:104500001B6983F801E0039B1A6982F823C01A69CA
:1045100082F82440240A82F825401A691379D906C2
:104520005CBF43F020031371FEF776FF04460028BA
:10453000C2D13046FEF7ACFE04460028BCD1039839
:10454000FEF712FB0446B7E70428B5D1BEE7239A6D
:1045500004AB02F1200C1068083252F8041C1C460F
:10456000624503C42346F6D15022314628A8FDF700
:1045700041FC394628A8FFF7ABFA044600284CD185
:104580002A9A169B9A4296D1349A209B9A4292D1AB
:1045900028A8FFF7D1F8044600288DD137990DF1EE
:1045A0001D030DF12D0001F10D0253F8044B834260
:1045B00042F8044BF9D11888012710809B7893703A
:1045C0009DF81B30039CDA0658BF43F02003CB72E2
:1045D000E770CB7ADB06ACD5169A2A9B9A42A8D014
:1045E0002078FFF76DFA01462046FDF7EDFD014604
:1045F000C8B12046FDF798FF044600287FF45CAF61
:10460000039890F86D302E2B93D12A9A00F16C010B
:10461000FDF7E6FD039BDF708BE704287FF44CAFCA
:10462000B6E7062448E7022446E7112447E70000DE
:104630007F2810B501D880B210BDB0F5803F13D2ED
:1046400040F2523399420FD10849002231F8024B0F
:1046500093B2844203D103F18000C0B2ECE701328F
:10466000802AF3D11346F6E70020E5E770960008AC
:104670007F280DD940F25233994208D1FF2806D83D
:1046800000F10040034B803833F8100070470020E1
:10469000704700BF70960008B0F5803FF0B522D299
:1046A0001F4A83B21F49B0F5805F28BF0A46141D18
:1046B00034F8042C2146AAB1934213D334F8025C97
:1046C0002E0AEFB252FA85F5A84222DA082E09D84E
:1046D000DFE806F0050A10121416181A1C00801ADA
:1046E00034F810301846F0BD981A00F001001B1A7B
:1046F0009BB2F7E7103BFBE7203BF9E7303BF7E7DE
:104700001A3BF5E70833F3E7503BF1E7A3F5E35332
:10471000EEE70434002ECBD101EB4702C7E700BF20
:10472000C0930008B495000808B5074B074A1968FC
:1047300001F03D01996053680BB190689847BDE85E
:10474000084003F08DB800BF000002403C36002056
:1047500008B5084B1968890901F03D018A019A6082
:10476000054AD3680BB110699847BDE8084003F0CB
:1047700077B800BF000002403C36002008B5084B67
:104780001968090C01F03D010A049A60054A536951
:104790000BB190699847BDE8084003F061B800BFCD
:1047A000000002403C36002008B5084B1968890D0E
:1047B00001F03D018A059A60054AD3690BB1106A80
:1047C0009847BDE8084003F04BB800BF0000024026
:1047D0003C36002008B5074B074A596801F03D01F7
:1047E000D960536A0BB1906A9847BDE8084003F05E
:1047F00037B800BF000002403C36002008B5084B27
:104800005968890901F03D018A01DA60054AD36AD5
:104810000BB1106B9847BDE8084003F021B800BF0A
:10482000000002403C36002008B5084B5968090CCE
:1048300001F03D010A04DA60054A536B0BB1906B3D
:104840009847BDE8084003F00BB800BF00000240E5
:104850003C36002008B5084B5968890D01F03D0130
:104860008A05DA60054AD36B0BB1106C9847BDE836
:10487000084002F0F5BF00BF000002403C360020B7
:1048800008B5074B074A196801F03D019960536C60
:104890000BB1906C9847BDE8084002F0E1BF00BF43
:1048A000000402403C36002008B5084B196889090D
:1048B00001F03D018A019A60054AD36C0BB1106D7D
:1048C0009847BDE8084002F0CBBF00BF000402409B
:1048D0003C36002008B5084B1968090C01F03D0171
:1048E0000A049A60054A536D0BB1906D9847BDE874
:1048F000084002F0B5BF00BF000402403C36002073
:1049000008B5084B1968890D01F03D018A059A60C8
:10491000054AD36D0BB1106E9847BDE8084002F010
:104920009FBF00BF000402403C36002008B5074B83
:10493000074A596801F03D01D960536E0BB1906E82
:104940009847BDE8084002F08BBF00BF000402405A
:104950003C36002008B5084B5968890901F03D0133
:104960008A01DA60054AD36E0BB1106F9847BDE833
:10497000084002F075BF00BF000402403C36002032
:1049800008B5084B5968090C01F03D010A04DA60CA
:10499000054A536F0BB1906F9847BDE8084002F08D
:1049A0005FBF00BF000402403C36002008B5084B42
:1049B0005968890D01F03D018A05DA60054AD36F17
:1049C00013B1D2F880009847BDE8084002F048BF14
:1049D000000402403C36002000230C4910B51A4662
:1049E0000B4C0B6054F82300026001EB43000433CE
:1049F0004260402BF6D1074A4FF0FF339360D360FB
:104A0000C2F80834C2F80C3410BD00BF3C36002098
:104A100070970008000002400F28F8B510D9102840
:104A200010D0112811D0122808D10F240720DFF848
:104A3000C8E00126DEF80050A04208D9002653E065
:104A40000446F4E70F240020F1E70724FBE706FA09
:104A500000F73D424AD1264C4FEA001C3D4304EB8F
:104A600000160EEBC000CEF80050C0E90123FBB2E7
:104A700073B12048D0F8D83043F00103C0F8D830E3
:104A8000D0F8003143F00103C0F80031D0F8003114
:104A900017F47F4F0ED01748D0F8D83043F00203F8
:104AA000C0F8D830D0F8003143F00203C0F800312C
:104AB000D0F8003154F80C00036823F01F030360A2
:104AC000056815F00105FBD104EB0C033D2493F8B8
:104AD0000CC05F6804FA0CF43C602124056044615A
:104AE00012B1987B00F068FC3046F8BD0130A3E7B6
:104AF00070970008004402583C36002010B530245E
:104B000084F31188FFF788FF002383F3118810BD19
:104B100010B50446807B00F065FC01231549627BDB
:104B200003FA02F20B6823EA0203DAB20B6072B9ED
:104B3000114AD2F8D81021F00101C2F8D810D2F8E9
:104B4000001121F00101C2F80011D2F8002113F484
:104B50007F4F0ED1084BD3F8D82022F00202C3F8C1
:104B6000D820D3F8002122F00202C3F80021D3F8A4
:104B7000003110BD3C3600200044025808B53023F7
:104B800083F31188FFF7C4FF002383F3118808BD66
:104B9000836CC26A8B42506810B506D95A1E4C000D
:104BA00002EB4103B3FBF4F3184410BD01F0010321
:104BB0008A0748BF43F002034A0748BF43F008038F
:104BC0000A0748BF43F00403CA0648BF43F0100376
:104BD0008A06426B48BF43F0200313434363704788
:104BE00010B5074C204600F09FFF064B0022C4E999
:104BF0001023054BA364054BE363054BE36410BD31
:104C0000C03600200070005200B4C40414370020E5
:104C100014390020C36A0BB9104BC3620379012B0E
:104C200011D10F4B98420ED10E4BD3F8D42042F441
:104C30008032C3F8D420D3F8FC2042F48032C3F889
:104C4000FC20D3F8FC30436C00221A65DA621A604B
:104C50005A605A624FF0FF329A63704770980008AA
:104C6000C0360020004402580379012B24D0436C45
:104C700000221A65DA621A605A605A624FF0FF32F7
:104C80009A630E4B984217D10D4BDA6F42F4803283
:104C9000DA67DA6F22F48032DA67DA6FD3F8D42079
:104CA00022F48032C3F8D420D3F8FC2022F48032DE
:104CB000C3F8FC20D3F8FC30704700BFC03600209A
:104CC0000044025810B5446C0649FFF761FF60606C
:104CD000236842F2107043F003032360BDE81040E4
:104CE00001F048BD801A06000129F8B5466C0B4F4B
:104CF00009D175680A493D40FFF74AFF054345F46D
:104D000080557560F8BD746806493C40FFF740FF68
:104D1000044344F480547460F4E700BF00ECFFFFE8
:104D200080F0FA0240787D01436C00225A601A60DC
:104D300070470000426C0129536823F4404304D0BB
:104D4000022905D001B95360704743F48043FAE764
:104D500043F40043F7E70000436C41F480519A604C
:104D6000D9605A6B1206FCD580229A637047000006
:104D700010B541F48851446CA260E160616B11F0A0
:104D80004502FBD0A26311F0040203D0FFF70EFF2F
:104D9000012010BD616910461960FAE710B541F4B1
:104DA0008851446CA260E160616B11F04502FBD058
:104DB000A26311F0050203D0FFF7F8FE012010BD39
:104DC000616910461960FAE773B5134604460E464A
:104DD000302282F31188426CD26B32B14FF0FF3136
:104DE0004030019301F0D2FC019B606C002202650F
:104DF000C263C262456B15F4807504D185F31188D6
:104E0000012002B070BD4FF0FF31816382F3118841
:104E1000012E06D90C21204602B0BDE87040FFF7F4
:104E2000BDBF1046EDE7000073B5446C0E4600258B
:104E30000192616BA1632565E562FFF7B7FE012E64
:104E400007D9019B2A460C2102B0BDE87040FFF74C
:104E5000A5BF02B070BD000010B541F49851446C7C
:104E6000A260E160616B11F04502FBD0A26311F01A
:104E70003F0203D0FFF79AFE012010BD216A1046C1
:104E80001960E1695960A16999606169D960F4E7C5
:104E90002DE9F74304460191006D01A91746984694
:104EA00002F0F8FB064600284AD0626C2046DDF886
:104EB00004905568C5F3090501356B00A56CB5FB79
:104EC000F3F54FF47A73B5FBF3F55D43556200F0EB
:104ED000ADFC50BB636C4FF0FF3201254146C3F877
:104EE000589020461D659A634FF49572DA6342F23A
:104EF00007029F62DA62E36C0A9AFFF74FFFA0B9DC
:104F0000E26C104B11680B407BB929462046FFF735
:104F10005BFF054648B92E463A460199206D02F0DE
:104F2000F1FB304603B0BDE8F083E26C204601217E
:104F3000FFF77AFF3A460199206D02F0E3FBF0E7B4
:104F40000126EEE708E0FFFD2DE9F7431F46436C1D
:104F500001924FF47A725D6804468846C5F30905EC
:104F600001356E00856CB5FBF6F5B5FBF2F55543E2
:104F70005D6200F05BFC20B10125284603B0BDE86E
:104F8000F0837E0201A9206D324602F083FB0546C4
:104F90000028F1D0636C019AD4F84C909A650122F4
:104FA0001A654FF0FF329A634FF49572DA639E628E
:104FB000236BDB064B4658BF4FEA4828012F424679
:104FC0001BD912212046FFF7E9FEC0B9D9F800200D
:104FD000104B13409BB9636C42F293023946204652
:104FE000DA62E26CFFF7F0FE804640B93246019982
:104FF000206D454602F086FBBFE71121E2E7E26C37
:1050000039462046FFF710FF32460199206D02F025
:1050100079FBB2E708E0FFFD2DE9F3411F46436C41
:1050200001924FF47A725D6804468846C5F309051B
:1050300001356E00856CB5FBF6F5B5FBF2F5554311
:105040005D6200F0F3FB20B10125284602B0BDE807
:10505000F0817E0201A9206D324602F06BFB05460D
:105060000028F1D0636C019A9A6501221A654FF00D
:10507000FF329A634FF48D72DA639E62236BE66CA3
:10508000DB06334658BF4FEA4828012F424619D95C
:1050900019212046FFF782FEB0B932680F4B13404A
:1050A00093B9636C42F2910239462046DA62E26CAF
:1050B000FFF78AFE064638B901993546206D02F0A1
:1050C00075FBC2E71821E4E739462046E26CFFF79A
:1050D000ABFE0199206D02F069FBB6E708E0FFFD29
:1050E00012F0030F2DE9F04107460C4615461E4607
:1050F00017D00E44B44202D10020BDE8F081012354
:10510000FA6B21463846FFF71FFF0028F5D12846E5
:105110004FF40072F96B05F500750134FCF76AFE77
:10512000E8E7BDE8F041FFF70FBF000012F0030F02
:105130002DE9F04107460C4615461E4617D00E4491
:10514000B44202D10020BDE8F08129464FF400723C
:10515000F86B05F50075FCF74DFE0123FA6B21464F
:105160003846FFF759FF0028EDD10134E8E7BDE8E4
:10517000F041FFF751BF000000207047302310B509
:1051800083F311880024436C40302146DC6301F036
:105190000BFB84F3118810BD026843681143016062
:1051A00003B1184770470000024A136843F0C00378
:1051B000136070470078004013B50E4C204600F095
:1051C00013FD04F1140000234FF400720A49009407
:1051D00000F078F9094B4FF40072094904F13800E6
:1051E000009400F0F1F9074A074BC4E9172302B015
:1051F00010BD00BF1839002084390020A9510008D3
:10520000843B00200078004000E1F505037C30B5C8
:10521000244C002918BF0C46012B11D1224B984277
:105220000ED1224BD3F8E82042F08042C3F8E820A8
:10523000D3F8102142F08042C3F81021D3F8103186
:105240002268036EC16D03EB52038466B3FBF2F375
:105250006268150442BF23F0070503F0070343EA21
:105260004503CB60A36843F040034B60E36843F021
:1052700001038B6042F4967343F001030B604FF01F
:10528000FF330B62510505D512F0102205D0B2F1A3
:10529000805F04D080F8643030BD7F23FAE73F237D
:1052A000F8E700BF78980008183900200044025839
:1052B0002DE9F047C66D0546F469220734621AD01D
:1052C00014F0080118BF4FF48071E3074FF030036A
:1052D00048BF41F02001A70748BF41F040016007E7
:1052E00048BF41F0800183F31188281DFFF754FF68
:1052F000002383F31188E2050AD5302383F3118854
:105300004FF48061281DFFF747FF002383F31188C6
:1053100030274FF0000914F0200838D137683B06D9
:1053200015D54FF0300905F1380A20060FD589F35D
:105330001188504600F07CF9002835DA0821281D34
:10534000FFF72AFF27F08007002383F311887906EF
:1053500013D5620611D5302383F31188D5E91323C1
:105360009A4207D12B6C2BB127F040071021281D42
:10537000FFF712FF002383F31188E306376018D587
:10538000AA6E1369ABB15069BDE8F047184787F3BF
:105390001188736A284695F86410194000F03EFCA5
:1053A00089F31188F469B6E7B06288F31188F4696B
:1053B000BBE7BDE8F0870000090100F1604301226E
:1053C00003F56143C9B283F8001300F01F039A404C
:1053D00043099B0003F1604303F56143C3F8802157
:1053E0001A60704700F01F0301229A40430900F140
:1053F00060409B0000F5614003F1604303F56143A9
:10540000C3F88020C3F88021002380F80033704760
:10541000F8B51546826804460B46AA4200D2856854
:10542000A1692669761AB5420BD218462A46FCF7BE
:10543000E1FCA3692B44A3612846A3685B1BA3601E
:10544000F8BD0CD9AF1B18463246FCF7D3FC3A46E0
:10545000E1683044FCF7CEFCE3683B44EBE71846D8
:105460002A46FCF7C7FCE368E5E70000836893423F
:10547000F7B50446154600D28568D4E90460361AAB
:10548000B5420BD22A46FCF7B5FC63692B44636135
:105490002846A3685B1BA36003B0F0BD0DD932465C
:1054A000AF1B0191FCF7A6FC01993A46E068314434
:1054B000FCF7A0FCE3683B44E9E72A46FCF79AFCCA
:1054C000E368E4E710B50A440024C361029B8460EA
:1054D000C16002610362C0E90000C0E9051110BDAE
:1054E00008B5D0E90532934201D1826882B9826859
:1054F000013282605A1C426119700021D0E90432E5
:105500009A4224BFC368436101F068F9002008BDD6
:105510004FF0FF30FBE7000070B5302304460E4625
:1055200083F31188A568A5B1A368A269013BA360B4
:10553000531CA36115782269934224BFE368A361D9
:10554000E3690BB120469847002383F3118828466E
:1055500007E03146204601F031F90028E2DA85F310
:10556000118870BD2DE9F74F04460E461746984640
:10557000D0F81C904FF0300A8AF311884FF0000BDE
:10558000154665B12A4631462046FFF741FF0346DE
:1055900060B94146204601F011F90028F1D00023FE
:1055A00083F31188781B03B0BDE8F08FB9F1000FC9
:1055B00003D001902046C847019B8BF31188ED1A58
:1055C0001E448AF31188DCE7C160C361009B8260DE
:1055D0000362C0E905111144C0E900000161704790
:1055E000F8B504460D461646302383F31188A768A4
:1055F000A7B1A368013BA36063695A1C62611D7077
:10560000D4E904329A4224BFE3686361E3690BB1D1
:1056100020469847002080F3118807E03146204655
:1056200001F0CCF80028E2DA87F31188F8BD000019
:10563000D0E9052310B59A4201D182687AB982680F
:105640000021013282605A1C82611C7803699A42EF
:1056500024BFC368836101F0C1F8204610BD4FF03C
:10566000FF30FBE72DE9F74F04460E4617469846F4
:10567000D0F81C904FF0300A8AF311884FF0000BDD
:10568000154665B12A4631462046FFF7EFFE034630
:1056900060B94146204601F091F80028F1D000237E
:1056A00083F31188781B03B0BDE8F08FB9F1000FC8
:1056B00003D001902046C847019B8BF31188ED1A57
:1056C0001E448AF31188DCE70379052B05BF836A42
:1056D000002001204B6004BF4FF400730B60704743
:1056E00073B504460D460F4EA26B01AB0D2120464B
:1056F0008DB1FFF753FB90B9019B33420ED1C3F339
:105700004323042B0BD0053B022B07D84FF47A70B0
:1057100001F030F8E8E7FFF72BFBECE7012002B0DF
:1057200070BD00BF08E0FFFDF8B5856A0446A942D8
:1057300002D26D1AAB4205D9636B012043F080039E
:105740006363F8BD06250571FFF7CAFC05232371C5
:10575000F7E70000F8B5856A0446A94202D26D1A3F
:10576000AB4205D9636B012043F080036363F8BD4E
:1057700007250571FFF7DAFC05232371F7E7000021
:1057800038B505790446052D05D108230371FFF7C7
:10579000F3FC257138BD0120FCE70000036B03F02A
:1057A0000F03022BF0B5054685B00C464FF00007FD
:1057B0000CD10F7003AB1A4A0621FFF7EFFA78B944
:1057C000184B039A13405BB9012308E0C66B7E2295
:1057D0000F7018307F2103F0F9F920B900232370EE
:1057E000002005B0F0BD0623402231462846009730
:1057F000FFF74EFB0028F1D1B3895BBA9B07EFD5C9
:10580000094B40223146284600930623FFF740FB10
:105810000028E3D1337C03F00F030F2BDED0D3E756
:105820000001B90308E0FFFDF1FFFF800121FFF750
:1058300057BF000070B53023054683F31188037904
:105840000024022B03D184F31188204670BD042369
:10585000037184F311880226FFF7E8FF0446284607
:10586000FFF762FA2E71F0E70021FFF739BF000061
:105870000323F0B5044687B0002503718DF80F505F
:10588000FFF720FA2A4629462046FFF765FA4FF42B
:10589000D57205AB08212046FFF780FA0246B8B959
:1058A00001232363059BC3F30323012B09D105AB1C
:1058B00037212046FFF772FA18B9934B059A134027
:1058C000ABB120460125FFF72FFA0223237114E123
:1058D00005AB2A4637212046FFF760FA28B98A4AE5
:1058E000059B1A40002A00F0AC8002232363236B3F
:1058F00003F00F03022B40F0AE806425834E42F28A
:10590000107000F037FF05AB324601212046FFF74B
:105910002FFA0028D5D1059B002B80F298805B00E0
:1059200003D5236B43F010032363002204F1080323
:1059300002212046FFF790FA02460028C1D104F167
:10594000380303212046FFF729FA0028B9D104F1D2
:105950001805A26B092120462B46FFF77DFA002887
:10596000AFD104ABA26B07212046FFF717FA00283E
:10597000A7D10DF10F012046FFF710FF0028A0D19D
:105980009DF80F102046FFF7AFF92046FFF76CFF98
:105990000646002895D1236B03F00F03022B40F03D
:1059A00083807E227F21284603F010F901287BD9CD
:1059B000E56B42F2107000F0DDFE08234FF4007238
:1059C000294620460096FFF763FA00287FF479AF56
:1059D000284603F049F9A0620DF10F012046FFF7B8
:1059E000DDFE00287FF46DAF9DF80F102046FFF715
:1059F0007BF904AB4FF4007210212046FFF7CEF97B
:105A0000054600287FF45DAF3F4E049B33427FF490
:105A100058AF236B13F00E0F03F00F0248D0022A89
:105A20007FF44FAFE36A1978012969D0022969D060
:105A3000002960D0364F2046FFF77CF905AB3A4687
:105A40004EE0114620462263FFF786F94FE7013DFD
:105A50007FF455AF35E72F4D64262F4A2A4F012B8F
:105A600018BF154605AB002237212046FFF796F9EF
:105A700000287FF426AF059B3B427FF422AF05ABA5
:105A80002A4629212046FFF773F900287FF419AF31
:105A9000059B002BFFF643AF013E3FF412AF42F2ED
:105AA000107000F067FEDDE7284603F0B1F892E7DA
:105AB000E36A1978F9B101297FF403AF2046FFF7B3
:105AC00039F905ABA26B37212046FFF767F90028AB
:105AD0007FF4F7AE059B33427FF4F3AE05AB0222B1
:105AE00006212046FFF75AF900287FF4EAAE059B0D
:105AF00033427FF4E6AE05232371284607B0F0BD9C
:105B0000064F98E7064F96E708E0FFFD0080FFC0CC
:105B10000000B7030080FF50000010800001B703B1
:105B20000002B703FFF75CB8044B03600123037165
:105B300000234363C0E90A33704700BF9098000810
:105B400010B53023044683F31188C162FFF762F871
:105B500002230020237180F3118810BD10B530237B
:105B6000044683F31188FFF77FF800230122E362E4
:105B7000227183F3118810BD0268436811430160EC
:105B800003B11847704700001430FFF7EBBC00006A
:105B90004FF0FF331430FFF7E5BC00003830FFF75B
:105BA00061BD00004FF0FF333830FFF75BBD0000F0
:105BB0001430FFF7B1BC00004FF0FF311430FFF795
:105BC000ABBC00003830FFF70BBD00004FF0FF32D8
:105BD0003830FFF705BD0000012914BF6FF0130036
:105BE00000207047FFF7E8BA044B036000234360CE
:105BF000C0E9023301230374704700BFB498000862
:105C000010B53023044683F31188FFF7FFFA02230F
:105C10000020237480F3118810BD000038B5C369DB
:105C200004460D461BB904210844FFF7A5FF294689
:105C300004F11400FFF754FC002806DA201D4FF48D
:105C40000061BDE83840FFF797BF38BD0268436880
:105C50001143016003B118477047000013B5406B52
:105C600000F58054D4F8A4381A681178042914D1A6
:105C7000017C022911D11979012312898B40134229
:105C80000BD101A94C3002F0CFFED4F8A448024653
:105C9000019B2179206800F005FA02B010BD0000D8
:105CA000143002F051BE00004FF0FF33143002F008
:105CB0004BBE00004C3002F023BF00004FF0FF331A
:105CC0004C3002F01DBF0000143002F01FBE000077
:105CD0004FF0FF31143002F019BE00004C3002F0DA
:105CE000EFBE00004FF0FF324C3002F0E9BE000082
:105CF00010B500F58054D4F8A4381A681178042936
:105D000017D1017C022914D15979012352898B4082
:105D100013420ED1143002F0B3FD024648B1D4F85C
:105D2000A4484FF4407361792068BDE8104000F04A
:105D3000A7B910BD406BFFF7DBBF000000290CBF07
:105D40006FF0130000207047704700007FB5124BC2
:105D500001250426044603600023057400F1840233
:105D600043602946C0E902330C4B02901430019382
:105D70004FF44073009602F05FFD094B04F6944225
:105D8000294604F14C000294CDE900634FF44073BE
:105D900002F026FE04B070BDDC980008355D0008F6
:105DA0005D5C0008302383F311880B790A680B339C
:105DB00042F823004B79133342F823008B7913B157
:105DC0000B3342F8230000F58053C3F8A4180223D4
:105DD0000374002080F311887047000038B5037FFA
:105DE000044613B190F85430ABB90125201D0221AF
:105DF000FFF72CFF04F114006FF00101257700F08C
:105E0000F9FC04F14C0084F854506FF00101BDE836
:105E1000384000F0EFBC38BD10B501210446043015
:105E2000FFF714FF0023237784F8543010BD0000DF
:105E300038B504460025143002F016FD04F14C007C
:105E4000257702F0E5FD201D84F854500121FFF76D
:105E5000FDFE2046BDE83840FFF74ABF90F880308D
:105E600003F06003202B06D190F881200023212A23
:105E700003D81F2A06D800207047222AFBD1C0E988
:105E80001D3303E0034A426707228267C36701208C
:105E9000704700BF3C22002037B500F58055D5F88B
:105EA000A4381A68117804291AD1017C022917D163
:105EB0001979012312898B40134211D100F14C044E
:105EC000204602F065FE58B101A9204602F0ACFD63
:105ED000D5F8A4480246019B2179206800F0E2F839
:105EE00003B030BD2DE9F34104460D4621B301F165
:105EF0000B0350F82360FEB1302383F3118800EBCD
:105F0000810706F14C08FB685B691B6833B14046AA
:105F100002F098FD0821301DFFF798FE01A94046C8
:105F200002F082FD024650B1019B2946204600F056
:105F3000B9F8002383F3118802B0BDE8F081FB6853
:105F40005A69126832B11B8A013B134002D104F135
:105F50008002EAE71021301DFFF778FEE9E7000034
:105F600038B509B3133150F82140ECB1302383F335
:105F7000118804F58053D3F8A4281368527903EBF1
:105F80008203DB689B695D6845B104216018FFF7F7
:105F90005DFE294604F1140002F07CFC2046FFF768
:105FA000A7FE002383F3118838BD0000704700006E
:105FB00010B50446002102F07DFA0021204602F0CF
:105FC0006DFA63681B6813B1062120469847A368E1
:105FD00023F00113A3600023A367062384F8703025
:105FE00010BD000001F058BD01234022002110B572
:105FF000044600F8303BFBF723FF0023C4E90133DC
:1060000010BD000010B53023044683F3118824220C
:10601000416000210C30FBF713FF204601F05EFDCC
:1060200002230020237080F3118810BD70B500EBAF
:106030008103054650690E461446DA6018B11022F5
:106040000021FBF7FDFEA06918B110220021FBF72B
:10605000F7FE31462846BDE8704001F047BE00001B
:1060600083682022002103F0011310B504468360E9
:106070001030FBF7E5FE2046BDE8104001F0C2BE3F
:10608000F0B4012500EB810447898D40E4683D436D
:10609000A469458123600023A2606360F0BC01F025
:1060A000DFBE0000F0B4012500EB810407898D40BC
:1060B000E4683D436469058123600023A260636056
:1060C000F0BC01F055BF000070B502230025044666
:1060D000242203702946C0F888500C30C56640F869
:1060E000045CFBF7ADFE204684F8705001F090FD93
:1060F00063681B6823B129462046BDE870401847F5
:1061000070BD00000378052B10B504460AD080F856
:106110008C300523037043681B680BB1042198473A
:106120000023A36010BD00000178052906D190F876
:106130008C20436802701B6803B118477047000049
:1061400070B590F8703004463BB1836823F00113BA
:1061500083600023836780F8703004F1800200219F
:10616000204601F073FE63689B684BB994F8803059
:1061700013F0600528D02046BDE87040FFF718BF37
:10618000204698470028F1D0B4F88630A26F9A4292
:1061900088BFA36794F98030A56F002B4FF03003C0
:1061A00080F20281002D00F0F180092284F8702035
:1061B00083F3118800212046D4E91D23FFF772FFE5
:1061C000002383F3118870BD94F8812003F07F03CE
:1061D00043EA022340F20232934200F0C48021D805
:1061E000B3F5807F47D00DD8012B3ED0022B00F0B5
:1061F0009280002BBFD104F1880262670222A2675D
:10620000E367C1E7B3F5817F00F09A80B3F5407F83
:10621000B1D194F88230012BADD1B4F8883043F07D
:10622000020331E0B3F5006F4CD017D8B3F5A06F7F
:1062300030D0A3F5C063012B9DD86368204694F845
:1062400082205E6894F88310B4F88430B047002848
:1062500091D0436863670368A36719E0B3F5106FD3
:1062600035D040F60242934285D15C4B63670223EE
:10627000A3670023C4E794F88230012B7FF47BAF3F
:10628000B4F8883023F00203A4F88830C4E91D551F
:10629000E56779E7B4F88030B3F5A06F0ED194F8D4
:1062A0008230204684F88A3001F012FD63681B6852
:1062B00013B1012120469847032323700023C4E92A
:1062C0001D339DE704F18B0363670123C4E7237843
:1062D000042B10D1302383F311882046FFF7C0FE32
:1062E00085F311880321636884F88B5021701B6843
:1062F0000BB12046984794F88230002BDED084F80A
:106300008B300423237063681B68002BD6D00221D6
:1063100020469847D2E794F8843020461D0603F0C3
:106320000F010AD501F084FD012804D002287FF472
:1063300022AF2B4B9AE72B4B98E701F06BFDF3E76D
:1063400094F88230002B7FF416AF94F8843013F069
:106350000F01B3D01A06204602D502F0C3F8ADE70C
:1063600002F0B4F8AAE794F88230002B7FF403AF70
:1063700094F8843013F00F01A0D01B06204602D5FC
:1063800002F098F89AE702F089F897E7142284F867
:10639000702083F311882B462A4629462046FFF7B2
:1063A0006FFE85F311880EE75DB1152284F8702029
:1063B00083F3118800212046D4E91D23FFF760FEF6
:1063C000FEE60B2284F8702083F311882B462A46C0
:1063D00029462046FFF766FEE3E700BF0C99000858
:1063E000049900080899000838B590F87030044600
:1063F0000B2B09D80B2B37D8DFE803F008363636DD
:1064000036360836360D2737152B2DD12046BDE8F8
:106410003840FFF7CDBD856FB0F886309D4214D26D
:10642000C3681B8AB5FBF3F203FB12556DB9302329
:1064300083F311882B462A462946FFF733FE85F35E
:1064400011880A2384F870300EE0142384F8703029
:10645000302383F31188002320461A461946FFF79C
:106460000FFE002383F3118838BDC36F03B1984733
:10647000A36823F00113A3600023A367E2E70000F1
:1064800010B590F870300446142B1ED00CD8062B93
:1064900005D001D81BB110BD0A3B012BFBD820460B
:1064A000BDE81040FFF784BD152BF4D10B2380F815
:1064B0007030302383F3118800231A461946FFF702
:1064C000F1FD002383F31188E5E7C3689B695B68EE
:1064D000002BE0D1C36F03B19847A36823F00113E9
:1064E000A3600023A36784F87030D4E70023826898
:1064F00080F8243083691B6899689142FBD25A68FE
:10650000036042601060586070470000002382689A
:1065100080F8243083691B6899689142FBD85A68D7
:1065200003604260106058607047000008B508467C
:10653000302383F3118891F82430032B05D0042BEA
:106540000DD02BB983F3118808BD8B6A00221A6025
:106550004FF0FF338362FFF7C9FF0023F2E7D1E971
:10656000003213605A60F3E7034610B51B68984287
:1065700003D09C688A689442F8D25A680B604A60DB
:106580001160596010BD0000FFF7B0BF38B50B4B6C
:106590001C68DD6885F82400226853601A600122B7
:1065A000DC60A36884F82420934201D101F01CF937
:1065B00029462046BDE83840F9F724BF883D002031
:1065C0000C4B30B5DD684B1C87B004460FD02B4612
:1065D000094A684600F0A2F92046FFF7D7FF009B62
:1065E00013B1684600F0A4F9A86A07B030BDFFF700
:1065F000CDFFF9E7883D00202D650008044B1A689F
:10660000DB6890689B68984294BF00200120704727
:10661000883D002038B50C4B1C68DD68226853604B
:106620001A600122DC6084F82420AB68934201D117
:1066300001F0DCF82846FFF769FF01462046BDE877
:106640003840F9F7DFBE00BF883D0020044B1A68D0
:10665000DB6892689B689A4201D9FFF7DBBF7047FD
:10666000883D002038B50123084C00252370656063
:1066700002F028FB02F052FB0549064802F030FC0C
:106680000223237085F3118838BD00BF30400020FD
:1066900014990008883D002000F080B9034A516831
:1066A00053685B1A9842FBD8704700BF001000E0A7
:1066B0008B604B630023CA6100F128020B63022345
:1066C0000A618B840123886181F8263001F110036F
:1066D000C26A4A611360C36201F12C030846CB62AF
:1066E00070470000D0E90131026841F8183CA1F17F
:1066F0009C033839CB60036941F8243C436941F875
:10670000203C034B41F8043CC3680248FFF7D0BF6C
:106710001D040008883D002008B5FFF7E3FFBDE831
:106720000840FFF731BF000038B50E4BDC6804F1BC
:106730002C05A062E06AA8420FD194F826303BB93C
:1067400094F825309B0702BFD4E9043213605A60E5
:106750000F20BDE83840FFF719BF0368E362FFF779
:1067600013FFE7E7883D0020302383F31188FFF70C
:10677000DBBF000008B50146302383F311880820F1
:10678000FFF71EFF002383F3118808BD054BDB686C
:1067900021B1036098620320FFF712BF4FF0FF3072
:1067A000704700BF883D002003682BB100220260C3
:1067B00018469962FFF7E8BE70470000064BDB6899
:1067C00039B1426818605A60136043600420FFF7D3
:1067D000F7BE4FF0FF307047883D002003689842B5
:1067E00006D01A680260506018469962FFF7CCBE66
:1067F0007047000038B504460D462068844200D139
:1068000038BD036823605C608562FFF7BDFEF4E776
:10681000036810B59C68A2420CD85C688A600B6063
:106820004C602160596099688A1A9A604FF0FF3372
:10683000836010BD121B1B68ECE700000A2938BFFB
:106840000A2170B504460D460A26601902F034FA92
:1068500002F01CFA041BA54203D8751C04462E4600
:10686000F3E70A2E04D90120BDE8704002F000BC15
:1068700070BD0000F8B5144B0D460A2A4FF00A0708
:10688000D96103F11001826038BF0A2241601969A1
:106890001446016048601861A81802F0FDF902F082
:1068A000F5F9431B0646A34206D37C1C281927464C
:1068B000354602F001FAF2E70A2F04D90120BDE8BB
:1068C000F84002F0D5BBF8BD883D0020F8B506467B
:1068D0000D4602F0DBF90F4A134653F8107F9F4232
:1068E00006D12A4601463046BDE8F840FFF7C2BF50
:1068F000D169BB68441A2C1928BF2C46A34202D97F
:106900002946FFF79BFF224631460348BDE8F84081
:10691000FFF77EBF883D0020983D0020C0E903239B
:10692000002310B45DF8044B4361FFF7CFBF0000B4
:1069300010B5194C236998420DD08168D0E9003216
:1069400013605A609A680A449A60002303604FF00B
:10695000FF33A36110BD0268234643F8102F536034
:106960000022026022699A4203D1BDE8104002F081
:106970009DB9936881680B44936002F087F922699E
:10698000E1699268441AA242E4D91144BDE810407A
:10699000091AFFF753BF00BF883D00202DE9F047DB
:1069A000DFF8BC8008F110072C4ED8F8105002F028
:1069B0006DF9D8F81C40AA68031B9A423ED81444CB
:1069C0004FF00009D5E90032C8F81C4013605A6046
:1069D000C5F80090D8F81030B34201D102F066F942
:1069E00089F31188D5E9033128469847302383F38A
:1069F00011886B69002BD8D002F048F96A69A0EBC6
:106A0000040982464A450DD2022002F031FB0022E1
:106A1000D8F81030B34208D151462846BDE8F047B7
:106A2000FFF728BF121A2244F2E712EB09092946A0
:106A3000384638BF4A46FFF7EBFEB5E7D8F81030C6
:106A4000B34208D01444C8F81C00211AA960BDE85C
:106A5000F047FFF7F3BEBDE8F08700BF983D002088
:106A6000883D002038B502F011F9054AD2E9084501
:106A7000031B181945F10001C2E9080138BD00BF28
:106A8000883D002010B560B9074804790368053CCB
:106A90009B6818BF0124984708B144F004042046BD
:106AA00010BD0124FBE700BFC0360020FFF7EABF9E
:106AB0002DE9F047884617469A460446B0B90D4E70
:106AC0003579052D05D003240DE0013D15F0FF05B6
:106AD0000ED03268534639463046D2F814904246BA
:106AE000C8470028F1D12046BDE8F0870424FAE722
:106AF0000124F8E7C03600202DE9F0478846174604
:106B00009A460446B0B90D4E3579052D05D00324BB
:106B10000DE0013D15F0FF050ED0326853463946B1
:106B20003046D2F818904246C8470028F1D1204696
:106B3000BDE8F0870424FAE70124F8E7C036002016
:106B400037B50C46154670B951B101290BD107482C
:106B5000694603681B6A984710B9019B04462B607D
:106B6000204603B030BD0424FAE700BFC036002041
:106B700000207047FEE70000704700004FF0FF3034
:106B8000704700004B6843608B688360CB68C360CC
:106B90000B6943614B6903628B6943620B68036055
:106BA0007047000008B53C4B40F2FF713B48D3F8FA
:106BB00088200A43C3F88820D3F8882022F4FF6293
:106BC00022F00702C3F88820D3F88820D3F8E02009
:106BD0000A43C3F8E020D3F808210A43C3F8082188
:106BE0002F4AD3F808311146FFF7CCFF00F580603B
:106BF00002F11C01FFF7C6FF00F5806002F13801C9
:106C0000FFF7C0FF00F5806002F15401FFF7BAFF03
:106C100000F5806002F17001FFF7B4FF00F58060BD
:106C200002F18C01FFF7AEFF00F5806002F1A801D0
:106C3000FFF7A8FF00F5806002F1C401FFF7A2FF93
:106C400000F5806002F1E001FFF79CFF00F5806035
:106C500002F1FC01FFF796FF02F58C7100F58060F0
:106C6000FFF790FF01F0DAFC0E4BD3F8902242F0D0
:106C70000102C3F89022D3F8942242F00102C3F833
:106C800094220522C3F898204FF06052C3F89C204C
:106C9000054AC3F8A02008BD00440258000002586D
:106CA0002899000800ED00E01F00080308B501F076
:106CB000AFFDFFF7D7FC104BD3F8DC2042F04002C9
:106CC000C3F8DC20D3F8042122F04002C3F80421E9
:106CD000D3F80431094B1A6842F008021A601A68A6
:106CE00042F004021A6000F069FD00F03FFBBDE8CD
:106CF000084000F0B5B800BF004402580018024830
:106D000001207047002070477047000002290CD016
:106D1000032904D00129074818BF00207047032A1F
:106D200005D8054800EBC2007047044870470020B2
:106D3000704700BF289B00084C220020DC9A000806
:106D400070B59AB005460846144601A900F0C2F88D
:106D500001A8FBF76DF8431C0022C6B25B00104689
:106D6000C5E9003423700323023404F8013C01AB6D
:106D7000D1B202348E4201D81AB070BD13F8011B93
:106D8000013204F8010C04F8021CF1E708B53023C5
:106D900083F311880348FFF77FF8002383F31188FA
:106DA00008BD00BF3840002090F8803003F01F027B
:106DB000012A07D190F881200B2A03D10023C0E9D2
:106DC0001D3315E003F06003202B08D1B0F88430A8
:106DD0002BB990F88120212A03D81F2A04D8FFF765
:106DE0003DB8222AEBD0FAE7034A426707228267BE
:106DF000C3670120704700BF4322002007B5052963
:106E000017D8DFE801F0191603191920302383F38E
:106E10001188104A01210190FFF708F90198022119
:106E20000D4AFFF703F90D48FFF702F8002383F33B
:106E3000118803B05DF804FB302383F31188074801
:106E4000FEF7CCFFF2E7302383F311880348FEF707
:106E5000E3FFEBE77C9A0008A09A00083840002086
:106E600038B50C4D0C4C2A460C4904F10800FFF7CC
:106E700067FF05F1CA0204F110000949FFF760FF3E
:106E800005F5CA7204F118000649BDE83840FFF75D
:106E900057BF00BF105900204C2200205C9A000808
:106EA000669A0008719A000870B5044608460D46B7
:106EB000FAF7BEFFC6B22046013403780BB9184674
:106EC00070BD32462946FAF79FFF0028F3D1012012
:106ED000F6E700002DE9F04705460C46FAF7A8FF53
:106EE0002B49C6B22846FFF7DFFF08B10736F6B2D6
:106EF00028492846FFF7D8FF08B11036F6B2632EAE
:106F00000BD8DFF88C80DFF88C90234FDFF894A04B
:106F10002E7846B92670BDE8F08729462046BDE8A0
:106F2000F04702F043B9252E2ED1072241462846CC
:106F3000FAF76AFF70B9194B224603F10C0153F8B6
:106F4000040B8B4242F8040BF9D11B8807350E3431
:106F50001380DDE7082249462846FAF755FF98B91D
:106F6000A21C0F4B197802320909C95D02F8041CF2
:106F700013F8011B01F00F015345C95D02F8031C12
:106F8000F0D118340835C3E7013504F8016BBFE7C9
:106F9000489B0008719A00085F9B0008509B0008FE
:106FA00000E8F11F0CE8F11FBFF34F8F044B1A6983
:106FB0005107FCD1D3F810215207F8D1704700BF18
:106FC0000020005208B50D4B1B78ABB9FFF7ECFF62
:106FD0000B4BDA68D10704D50A4A5A6002F18832AD
:106FE0005A60D3F80C21D20706D5064AC3F804210B
:106FF00002F18832C3F8042108BD00BF6E5B002097
:10700000002000522301674508B5114B1B78F3B9E6
:10701000104B1A69510703D5DA6842F04002DA6072
:10702000D3F81021520705D5D3F80C2142F04002C5
:10703000C3F80C21FFF7B8FF064BDA6842F00102F3
:10704000DA60D3F80C2142F00102C3F80C2108BD2C
:107050006E5B0020002000520F289ABF00F5806070
:1070600040040020704700004FF4003070470000DB
:10707000102070470F2808B50BD8FFF7EDFF00F57B
:1070800000330268013204D104308342F9D1012077
:1070900008BD0020FCE700000F2838B505463FD8A2
:1070A000FFF782FF1F4CFFF78DFF4FF0FF330728DC
:1070B0006361C4F814311DD82361FFF775FF030223
:1070C00043F02403E360E36843F08003E360236953
:1070D0005A07FCD42846FFF767FFFFF7BDFF4FF4C0
:1070E000003100F09BFA2846FFF78EFFBDE83840DC
:1070F000FFF7C0BFC4F81031FFF756FFA0F1080337
:107100001B0243F02403C4F80C31D4F80C3143F0D3
:107110008003C4F80C31D4F810315B07FBD4D9E7F5
:10712000002038BD002000522DE9F84F04460D46DE
:10713000104644EA0203DE0602D00020BDE8F88FC4
:1071400020F01F00DFF8D4B0DFF8D4A0FFF73AFF3B
:1071500005EB0008454503D10120FFF755FFEDE79A
:1071600020222946204601F0E9FF10B920342035BD
:10717000F0E7234604F120021F68791CDDD10433B7
:107180009342F9D104F178432048214EB3F5801F92
:10719000204B38BF184603F1F80332BFD946D14619
:1071A0001E46FFF701FF0760A4EB050C336805F1ED
:1071B0001C0143F0020333602B1FD9F8007017F055
:1071C0000507FAD153F8042F8B424CF80320F4D171
:1071D000BFF34F8FFFF7E8FE4FF0FF3303603368D4
:1071E00023F002033360BFF34F8F0B4BC3F85C42B5
:1071F000BFF34F8FBFF36F8F20222946204601F047
:107200009DFF0028B2D03846A7E700BF14210052E6
:107210000C2000521420005200ED00E0102000521B
:107220001021005210B5084C237828B11BB9FFF784
:10723000C9FE0123237010BD002BFCD02070BDE8D7
:107240001040FFF7E1BE00BF6E5B00202DE9F04F5C
:107250000D4685B0814658B111F00D0614BF2022AD
:10726000082211F00803019304D0431E034269D0A1
:10727000002435E0002E37D009F11F0121F01F094D
:107280004FF00108314F05F00403DFF8CCA005EA08
:10729000080BBBF1000F32D07869C0072FD408F17A
:1072A00001080C37B8F1060FF3D19EB9284D4946B5
:1072B000A819019201F054FD0446002839D1203666
:1072C000019AA02EF3D1494601F04AFD0446002858
:1072D0002FD1019A49461F4801F042FD044660BB88
:1072E000204605B0BDE8F08F0029C9D101462846E7
:1072F000029201F035FD0446D8B9029AC0E713B1F5
:1073000078694107CBD5AC0702D578698007C6D527
:10731000019911B178690107C1D549460AEB4810B6
:10732000CDE9022301F01CFD0446DDE9022300281B
:10733000B5D04A460021204601E04A460021FAF72E
:107340007FFDCDE70246002E96D199E7709B00089D
:10735000B05B0020705B0020905B00200021FFF7F5
:1073600075BF00000121FFF771BF000000231A461E
:1073700070B51A600433B3F5806FFAD1104D012453
:10738000104E06EB441001342A6955F80C1F01F029
:10739000D3FC062CF5D137254FF4C0542046FFF717
:1073A000E1FF014628B122460748BDE8704001F0E0
:1073B000C3BCC4EBC404013D4FEAD404EED170BD9C
:1073C000709B0008905B0020705B00200421FFF799
:1073D0003DBF00004843FFF7C1BF000008B101F006
:1073E00039BD7047B0F5805F10B5044607D8FFF788
:1073F000EDFF28B92046BDE81040FFF7AFBF0020E1
:1074000010BD0000FFF7EABF70B5AAB140EA010362
:1074100013F01F030FD1094C0144A5686D0706D571
:107420002568A84203D366683544A94204D90333CA
:107430000C34122BF1D10022104670BD709B000855
:1074400008B501F01DFE034AD2E90032C01842EB34
:10745000010108BD505C0020434BD3E900232DE916
:10746000F34113437CD0FFF7EBFF404A0023002792
:10747000F8F7E2FF06460D463D4A0023F8F7DCFF29
:107480000023144630462946394AF8F7D5FF4FF411
:1074900061613C23ADF80170B4FBF1F5B4FBF3F688
:1074A00001FB154103FB16464624B1FBF3F1314BBA
:1074B000F6B28DF8004098423CD84FF0640C4FF47F
:1074C000C87EA30704F26C7225D1B2FBFCF30CFB5F
:1074D000132313BBB2FBFEF30EFB1322B2FA82F3AB
:1074E0005B0903F26D18621C8045D2B217D90FB147
:1074F0008DF800400022204C4FF00C0C17460CFB7E
:107500000343D4B2013213F804C084450CD8A0EB75
:107510000C000127F5E70023E3E70123E1E7A0EBF7
:10752000080014460127CCE70FB18DF80140431C39
:107530008DF802309DF80100431C9DF80000503882
:10754000400640EA43509DF8023040EA034040EADA
:10755000560040EAC52040EA411002B0BDE8F08183
:107560004FF40410F9E700BF505C002040420F00C8
:107570008051010090230B00B89B00080244074B88
:10758000D2B210B5904200D110BD441C00B253F8E5
:10759000200041F8040BE0B2F4E700BF504000586F
:1075A0000E4B30B51C6F240405D41C6F1C671C6F78
:1075B00044F400441C670A4C02442368D2B243F4EA
:1075C00080732360074B904200D130BD441C51F8BA
:1075D000045B00B243F82050E0B2F4E700440258E4
:1075E000004802585040005807B5012201A9002068
:1075F000FFF7C4FF019803B05DF804FB13B5044620
:10760000FFF7F2FFA04205D0012201A9002001945A
:10761000FFF7C6FF02B010BD704700000144BFF382
:107620004F8F064B884204D3BFF34F8FBFF36F8F4A
:107630007047C3F85C022030F4E700BF00ED00E0C3
:107640000144BFF34F8F064B884204D3BFF34F8FE3
:10765000BFF36F8F7047C3F870022030F4E700BFAC
:1076600000ED00E070B5054616460C4601201021DD
:10767000FFF7B0FE286046733CB1204636B1FFF7F5
:10768000A5FE2B68186000B19C6070BDFFF76AFE14
:10769000F7E70000F8B50F461546044648B905F16E
:1076A0001F010126386821F01F01FFF7B7FF3046A0
:1076B000F8BD427B29463868FFF7A6FE064600283B
:1076C000EDD13B686360A368AB4210D213B1206870
:1076D000FFF784FE637B28462BB1FFF777FE20601F
:1076E00020B9A060E3E7FFF73DFEF8E7A56020685A
:1076F00005F11F01012621F01F013860FFF78EFF01
:107700002673D4E770B50E4602F11F0104461546F4
:1077100021F01F013046FFF793FF4CB12168B142C1
:1077200006D1606810B12A46FAF764FB0023237380
:1077300070BD0000F8B50F461446054648B904F17F
:107740001F010126386821F01F01FFF779FF30463D
:10775000F8BD427B21463868FFF756FE06460028F2
:10776000EDD1AB68A34210D213B12868FFF736FE03
:107770006B7B20462BB1FFF729FE286020B9A8605B
:10778000E5E7FFF7EFFDF8E7AC60396819B122468D
:107790002868FAF72FFB286804F11F01012621F061
:1077A0001F013860FFF74CFF2E73D0E720B103684C
:1077B0008B4204BF0023037370470000034B1A6819
:1077C0001AB9034AD2F8D0241A607047585C0020D6
:1077D0000040025808B5FFF7F1FF024B1868C0F3EC
:1077E000806008BD585C00207047000070470000B2
:1077F000EFF30983054968334A6B22F001024A63BB
:1078000083F30988002383F31188704700EF00E0B9
:10781000302080F3118862B60D4B0E4AD96821F4EE
:10782000E0610904090C0A430B49DA60D3F8FC2033
:1078300042F08072C3F8FC20084AC2F8B01F1168F9
:1078400041F0010111602022DA7783F822007047AD
:1078500000ED00E00003FA0555CEACC5001000E0D5
:10786000302310B583F311880E4B5B6813F400636B
:1078700014D0F1EE103AEFF309844FF08073683CB6
:10788000E361094BDB6B236684F30988FEF7B6FEE0
:1078900010B1064BA36110BD054BFBE783F31188C4
:1078A000F9E700BF00ED00E000EF00E02F04000862
:1078B0003204000870B5BFF34F8FBFF36F8F1A4AC1
:1078C0000021C2F85012BFF34F8FBFF36F8F53697F
:1078D00043F400335361BFF34F8FBFF36F8FC2F890
:1078E0008410BFF34F8FD2F8803043F6E074C3F3B7
:1078F000C900C3F34E335B0103EA0406014646EABE
:1079000081750139C2F86052F9D2203B13F1200F82
:10791000F2D1BFF34F8F536943F480335361BFF308
:107920004F8FBFF36F8F70BD00ED00E0FEE70000EA
:10793000214B2248224A70B5904237D3214BC11EB9
:10794000DA1C121A22F003028B4238BF00220021F7
:10795000FAF776FA1C4A0023C2F88430BFF34F8F3F
:10796000D2F8803043F6E074C3F3C900C3F34E335A
:107970005B0103EA0406014646EA81750139C2F853
:107980006C52F9D2203B13F1200FF2D1BFF34F8F8D
:10799000BFF36F8FBFF34F8FBFF36F8F0023C2F81A
:1079A0005032BFF34F8FBFF36F8F70BD53F8041B7E
:1079B00040F8041BC0E700BFB49C0008D45D002061
:1079C000D45D0020D45D002000ED00E0074BD3F82B
:1079D000D81021EA0001C3F8D810D3F8002122EA18
:1079E0000002C3F80021D3F8003170470044025868
:1079F00070B5D0E9244300224FF0FF359E6804EBB8
:107A000042135101D3F80009002805DAD3F8000920
:107A100040F08040C3F80009D3F8000B002805DAD5
:107A2000D3F8000B40F08040C3F8000B013263181C
:107A30009642C3F80859C3F8085BE0D24FF001132F
:107A4000C4F81C3870BD0000F0B5D0E924630125EE
:107A50000C309F6800231A4650F8041B59B18C69FA
:107A600024B103F1100405FA04F42243496911B169
:107A700005FA03F10A4301339F42EDD2C6F81C28F0
:107A8000F0BD0000890141F02001016103699B06FE
:107A9000FCD41220FEF702BE10B50A4C2046FEF7B9
:107AA000A3FA094BC4F89030084BC4F89430084C42
:107AB0002046FEF799FA074BC4F89030064BC4F8FD
:107AC000943010BD5C5C002000000840F49B00086E
:107AD000F85C002000000440009C000870B50378AA
:107AE0000546012B5CD1434BD0F89040984258D1C9
:107AF000414B0E216520D3F8D82042F00062C3F834
:107B0000D820D3F8002142F00062C3F80021D3F856
:107B10000021D3F8802042F00062C3F88020D3F81F
:107B2000802022F00062C3F88020D3F88030FDF777
:107B300043FC324BE360324BC4F800380023D5F8E5
:107B40009060C4F8003EC02323604FF40413A36385
:107B50003369002BFCDA01230C203361FEF79EFD14
:107B60003369DB07FCD41220FEF798FD3369002B44
:107B7000FCDA00262846A660FFF73AFF6B68C4F8D7
:107B80001068DB68C4F81468C4F81C6883BB1D4B1C
:107B9000A3614FF0FF336361A36843F00103A36067
:107BA00070BD194B9842C9D1134B4FF08060D3F888
:107BB000D82042F00072C3F8D820D3F8002142F058
:107BC0000072C3F80021D3F80021D3F8802042F0DE
:107BD0000072C3F88020D3F8802022F00072C3F82E
:107BE0008020D3F88030FFF7F1FE0E214D209EE774
:107BF000064BCDE75C5C0020004402584014004076
:107C000003002002003C30C0F85C0020083C30C07B
:107C1000F8B5D0F89040054600214FF000662046A8
:107C2000FFF730FFD5F8941000234FF001128F6852
:107C30004FF0FF30C4F83438C4F81C2804EB43126A
:107C400001339F42C2F80069C2F8006BC2F808090C
:107C5000C2F8080BF2D20B68D5F89020C5F898301E
:107C6000636210231361166916F01006FBD112200F
:107C7000FEF714FDD4F8003823F4FE63C4F800388E
:107C8000A36943F4402343F01003A3610123C4F824
:107C900010380923C4F814380B4BEB604FF0C04385
:107CA000C4F8103B094BC4F8003BC4F81069C4F891
:107CB0000039D5F8983003F1100243F48013C5F869
:107CC0009820A362F8BD00BFD09B00084080001040
:107CD000D0F8902090F88A10D2F8003823F4FE6390
:107CE00043EA0113C2F80038704700002DE9F84359
:107CF00000EB8103D0F890500C468046DA680FFA0A
:107D000081F94801166806F00306731E022B05EB85
:107D100041134FF0000194BFB604384EC3F8101B56
:107D20004FF0010104F1100398BF06F1805601FAEB
:107D300003F3916998BF06F5004600293AD0578AA7
:107D400004F15801374349016F50D5F81C180B4313
:107D50000021C5F81C382B180127C3F81019A740BB
:107D60005369611E9BB3138A928B9B08012A88BFBB
:107D70005343D8F89820981842EA034301F140028F
:107D80002146C8F89800284605EB82025360FFF7A9
:107D900079FE08EB8900C3681B8A43EA84534834A0
:107DA0001E4364012E51D5F81C381F43C5F81C78BA
:107DB000BDE8F88305EB4917D7F8001B21F4004113
:107DC000C7F8001BD5F81C1821EA0303C0E704F12B
:107DD0003F030B4A2846214605EB83035A60FFF711
:107DE00051FE05EB4910D0F8003923F40043C0F8E8
:107DF0000039D5F81C3823EA0707D7E700800010C0
:107E000000040002D0F894201268C0F89820FFF710
:107E1000EFBD00005831D0F8903049015B5813F4A1
:107E2000004004D013F4001F0CBF02200120704753
:107E30004831D0F8903049015B5813F4004004D029
:107E400013F4001F0CBF02200120704700EB8101DA
:107E5000CB68196A0B6813604B6853607047000069
:107E600000EB810330B5DD68AA691368D36019B9E6
:107E7000402B84BF402313606B8A1468D0F8902095
:107E80001C4402EB4110013C09B2B4FBF3F4634320
:107E9000033323F0030343EAC44343F0C043C0F871
:107EA000103B2B6803F00303012B0ED1D2F80838E6
:107EB00002EB411013F4807FD0F8003B14BF43F075
:107EC000805343F00053C0F8003B02EB4112D2F85C
:107ED000003B43F00443C2F8003B30BD2DE9F041C4
:107EE000D0F8906005460C4606EB4113D3F8087BAA
:107EF0003A07C3F8087B08D5D6F814381B0704D511
:107F000000EB8103DB685B689847FA071FD5D6F85A
:107F10001438DB071BD505EB8403D968CCB98B6912
:107F2000488A5A68B2FBF0F600FB16228AB9186834
:107F3000DA6890420DD2121AC3E90024302383F389
:107F4000118821462846FFF78BFF84F31188BDE88E
:107F5000F081012303FA04F26B8923EA02036B81A7
:107F6000CB68002BF3D021462846BDE8F0411847E6
:107F700000EB81034A0170B5DD68D0F890306C6980
:107F80002668E66056BB1A444FF40020C2F8100978
:107F90002A6802F00302012A0AB20ED1D3F80808B7
:107FA00003EB421410F4807FD4F8000914BF40F0B2
:107FB000805040F00050C4F8000903EB4212D2F8A0
:107FC000000940F00440C2F800090122D3F8340847
:107FD00002FA01F10143C3F8341870BD19B9402EFB
:107FE00084BF4020206020681A442E8A8419013CF6
:107FF000B4FBF6F440EAC44040F00050C6E700008D
:108000002DE9F84FD0F8906005460C464F0106EB7D
:108010004113D3F8088918F0010FC3F808891CD060
:10802000D6F81038DB0718D500EB8103D3F80CC065
:10803000DCF81430D3F800E0DA68964533D2A2EBCE
:108040000E024FF000091A60C3F80490302383F346
:108050001188FFF78DFF89F3118818F0800F20D069
:10806000D6F834380126A64033421AD005EB8403F3
:108070000134D5F890506FF00308D3F80CC0E4B287
:108080002F44DCF8140005EB0434D0F800E0D0F8FD
:108090000490F14514D3D5F8343823EA0606C5F820
:1080A0003468BDE8F88F012303FA01F2038923EA5B
:1080B00002030381DCF80830002BCED09847CCE7D0
:1080C000AEEB0903BCF81020934228BF1346D7F843
:1080D000182992B2B3EB820FE3D88268194602EBFB
:1080E000030B0329ABEB010A1CD84FEA930A23F0D8
:1080F000030B08FB0A31934479B1022918D00329F4
:1081000018D19BF8021009049BF801B041EA0B2139
:1081100012F82AA04AEA010121601A444B44826005
:108120004360B4E7DAF800A00439C4F800A0D8E747
:108130000021E9E70021EBE72DE9F74F0446D0F8ED
:1081400090504FF040094FF0010A6F69AB691F4032
:1081500017F480586F6105D0204603B0BDE8F04F9A
:10816000FDF7B2BF002F15DAD5F8003E9E0705D007
:10817000D5F8003E23F00303C5F8003E2046FFF784
:1081800063FCD5F80438204623F00103C5F8043811
:10819000FDF7CAFF380505D52046FFF729FC204624
:1081A000FDF7B0FFB9040CD5D5F8083813F0060F69
:1081B000EB6823F470530CBF43F4105343F4A05303
:1081C000EB603A071AD56368DB681BB9AB6923F02B
:1081D0000803AB612378052B08D1D5F8003E204673
:1081E00023F00303C5F8003EFDF79EFF2046FFF78E
:1081F0002BFC6368DB680BB120469847FB026ED40A
:10820000BE0209D5D4F890200026D4F89430F1B2FB
:108210009B68994240F29B803803D5F8186800F1BA
:10822000B4807A0335D5F30703D500212046FFF744
:10823000E7FEB00703D501212046FFF7E1FE7107F5
:1082400003D502212046FFF7DBFE320703D50321C9
:108250002046FFF7D5FEF30603D504212046FFF79D
:10826000CFFEB00603D505212046FFF7C9FE7106F3
:1082700003D506212046FFF7C3FE320603D50721AA
:108280002046FFF7BDFEF30503D508212046FFF782
:10829000B7FEFE0619D5D4F89060336AC3F30A120C
:1082A00003F00F0003F4F013B3F5802F00F0B28059
:1082B000B3F5402F09D104EB8000002106F580566C
:1082C000C3681B6A8A4240F09880694B1F4203D002
:1082D000B9F101097FF439AF03B0BDE8F08FD4F8EC
:1082E00090604FF0000BD4F894205FFA8BF1926805
:1082F000914285D806EB4112D2F8000900F44020E3
:10830000B0F5802F20D1D2F8000900281CDAD2F86D
:10831000000940F09040C2F80009D2F80009002896
:10832000FBDBD4F890000191FFF7ACFB01992089A9
:108330000AFA01F220EA0202228104EB8102D268E9
:1083400092680AB1204690470BF1010BCBE702EB94
:108350004110D0F8003B03F44023B3F5802F12D135
:10836000D0F8003B002B0EDA60890AFA01F320EA0C
:108370000303638104EB8103DB68DB681BB12046E8
:1083800001929847019A01363FE7F10303D5002196
:108390002046FFF7A3FDB20303D501212046FFF7D6
:1083A0009DFD730303D502212046FFF797FD30039F
:1083B00003D503212046FFF791FDF10203D50421E7
:1083C0002046FFF78BFDB20203D505212046FFF7BB
:1083D00085FD730203D506212046FFF77FFD30029D
:1083E00003D507212046FFF779FDF1017FF519AF8D
:1083F00008212046FFF772FD13E7880701D1D6F860
:108400000080072901F101019CBF03F8018B4FEAAD
:10841000182857E704EB800E4FF0000C06F5805645
:10842000DEF80C309969D1E900038968C31A624506
:1084300010D1DEF80C1093428869D0E901168BBF89
:10844000B618F61852185B1887BF866042608660BF
:1084500043603AE71CF0030F01D1D6F80080634572
:108460000CF1010C84BF01F8018B4FEA1828DEE7FC
:108470003000000408B50348FFF75EFEBDE8084081
:10848000FFF7EEB95C5C002008B50348FFF754FE27
:10849000BDE80840FFF7E4B9F85C0020D0F8903060
:1084A00003EB4111D1F8003B43F40013C1F8003B4A
:1084B00070470000D0F8903003EB4111D1F800393B
:1084C00043F40013C1F8003970470000D0F8903031
:1084D00003EB4111D1F8003B23F40013C1F8003B3A
:1084E00070470000D0F8903003EB4111D1F800390B
:1084F00023F40013C1F8003970470000064BD3F88D
:10850000DC200243C3F8DC20D3F804211043C3F875
:108510000401D3F8043170470044025808B53E4BBB
:108520004FF0FF31D3F8802062F00042C3F8802082
:10853000D3F8802002F00042C3F88020D3F88020D6
:10854000D3F88420C3F88410D3F884200022C3F821
:108550008420D3F88400D86F40F0FF4040F4FF003F
:1085600040F4DF4040F07F00D867D86F20F0FF4034
:1085700020F4FF0020F4DF4020F07F00D867D86FA0
:10858000D3F888006FEA40506FEA5050C3F8880073
:10859000D3F88800C0F30A00C3F88800D3F8880035
:1085A000D3F89000C3F89010D3F89000C3F890204F
:1085B000D3F89000D3F89400C3F89410D3F8940043
:1085C000C3F89420D3F89400D3F89800C3F8981017
:1085D000D3F89800C3F89820D3F89800D3F88C000B
:1085E000C3F88C10D3F88C10C3F88C20D3F88C20EF
:1085F000D3F89C2062F00202C3F89C20D3F89C20A0
:1086000002F00202C3F89C20D3F89C30FCF7E4F996
:10861000BDE8084000F0E8B80044025808B501225F
:10862000534BC3F80821534BD3F8F42042F0020215
:10863000C3F8F420D3F81C2142F00202C3F81C2135
:108640000222D3F81C314C4BDA605A689104FCD5F5
:108650004A4A1A6001229A60494ADA6000221A6185
:108660004FF440429A61444B9A699204FCD51A68CF
:1086700042F480721A603F4B1A6F12F4407F04D0AC
:108680004FF480321A6700221A671A6842F001021A
:108690001A60384B1A685007FCD500221A611A6913
:1086A00012F03802FBD1012119604FF0804159606E
:1086B0005A67344ADA62344A1A611A6842F48032DC
:1086C0001A602C4B1A689103FCD51A6842F4805248
:1086D0001A601A689204FCD52C4A2D499A6200222D
:1086E0005A63196301F57C01DA6301F2E7119963BA
:1086F0005A64284A1A64284ADA621A6842F0A85270
:108700001A601C4B1A6802F02852B2F1285FF9D1A6
:1087100048229A614FF48862DA6140221A621F4A45
:10872000DA641F4A1A651F4A5A651F4A9A6532233E
:108730001E4A1360136803F00F03022BFAD10D4A8F
:10874000136943F003031361136903F03803182B13
:10875000FAD14FF00050FFF7D1FE4FF08040FFF705
:10876000CDFE4FF00040BDE80840FFF7C7BE00BF98
:1087700000800051004402580048025800C000F038
:10878000020000010000FF01008890081210200084
:1087900063020901470E0508DD0BBF012000002020
:1087A000000001100910E00000010110002000523B
:1087B00008B50348FCF7E2FCBDE80840FFF750B8F5
:1087C000C036002008B50348FCF772FDBDE808403C
:1087D000FFF746B81839002008B500F099FCBDE84D
:1087E0000840FFF73DB8000008B509217A20FCF7E2
:1087F000E3FD09213120FCF7DFFD07213220FCF7E2
:10880000DBFD0C215220BDE80840FCF7D5BD00007F
:1088100008B5FFF783FE00F04FFCFDF7E3F9FDF725
:1088200081F9FDF7DFFBFDF78FFAFEF76DFABDE882
:10883000084000F029BA000030B50433039C0172EF
:10884000002103FB0425C160C0E90653049B0363B8
:10885000059BC0E90000C0E90422C0E90842C0E964
:108860000A11436330BD00000022416AC260C0E9C2
:108870000411C0E90A226FF00101FDF7BBBF00003F
:10888000D0E90432934201D1C2680AB9181D704779
:1088900000207047036919600021C2680132C2607C
:1088A000C269134482699342036124BF436A03612E
:1088B000FDF794BF38B504460D46E3683BB16269E5
:1088C0000020131D1268A3621344E36207E0237AB9
:1088D00033B929462046FDF771FF0028EDDA38BD8F
:1088E0006FF00100FBE70000C368C269013BC36091
:1088F0004369134482699342436124BF436A4361DD
:1089000000238362036B03B11847704770B53023AF
:10891000044683F31188866A3EB9FFF7CBFF05460C
:1089200018B186F31188284670BDA36AE26A13F86D
:10893000015B9342A36202D32046FFF7D5FF0023D9
:1089400083F31188EFE700002DE9F84F04460E4647
:10895000174698464FF0300989F311880025AA463A
:10896000D4F828B0BBF1000F09D141462046FFF7EB
:10897000A1FF20B18BF311882846BDE8F88FD4E918
:108980000A12A7EB050B521A934528BF9346BBF179
:10899000400F1BD9334601F1400251F8040B9142BC
:1089A00043F8040BF9D1A36A403640354033A36243
:1089B000D4E90A239A4202D32046FFF795FF8AF3AF
:1089C0001188BD42D8D289F31188C9E730465A468A
:1089D000F9F710FAA36A5E445D445B44A362E7E7DB
:1089E00010B5029C0433017203FB0421C460C0E98A
:1089F00006130023C0E90A33039B0363049BC0E909
:108A00000000C0E90422C0E90842436310BD000031
:108A1000026A6FF00101C260426AC0E904220022CA
:108A2000C0E90A22FDF7E6BED0E904239A4201D14B
:108A3000C26822B9184650F8043B0B607047002307
:108A40001846FAE7C3680021C2690133C36043696D
:108A5000134482699342436124BF436A4361FDF733
:108A6000BDBE000038B504460D46E3683BB123693E
:108A700000201A1DA262E2691344E36207E0237A30
:108A800033B929462046FDF799FE0028EDDA38BDB6
:108A90006FF00100FBE7000003691960C268013A4A
:108AA000C260C269134482699342036124BF436A6E
:108AB000036100238362036B03B118477047000012
:108AC00070B530230D460446114683F31188866A3B
:108AD0002EB9FFF7C7FF10B186F3118870BDA36AE6
:108AE0001D70A36AE26A01339342A36204D3E16971
:108AF00020460439FFF7D0FF002080F31188EDE70E
:108B00002DE9F84F04460D46904699464FF0300A3D
:108B10008AF311880026B346A76A4FB94946204612
:108B2000FFF7A0FF20B187F311883046BDE8F88F2A
:108B3000D4E90A073A1AA8EB0607974228BF174656
:108B4000402F1BD905F1400355F8042B9D4240F8F6
:108B5000042BF9D1A36A40364033A362D4E90A2337
:108B60009A4204D3E16920460439FFF795FF8BF35D
:108B700011884645D9D28AF31188CDE729463A466D
:108B8000F9F738F9A36A3D443E443B44A362E5E764
:108B9000D0E904239A4217D1C3689BB1836A8BB191
:108BA000043B9B1A0ED01360C368013BC360C369CA
:108BB0001A4483699A42026124BF436A0361002315
:108BC00083620123184670470023FBE701F01F036F
:108BD000F0B502F01F0456095A1C0123B6EB511FD1
:108BE00050F8265003FA02F34FEA511703F1FF330E
:108BF0003DBF50F82720C4F12000134003EA0500D0
:108C00003BBF03FA00F225FA04F0E0401043F0BD48
:108C100070B57E227F210546FFF7D8FF18B10128E5
:108C200019D0002070BD3E2249212846FFF7CEFF13
:108C30002F22044631212846FFF7C8FF064601349B
:108C40005022023653212846B440FFF7BFFF0938AF
:108C500004FA00F0E6E7302245212846FFF7B6FF88
:108C600001308002DEE7000090F8D63090F8D7207F
:108C70001B0403EB026390F8D42090F8D500134452
:108C800003EB00207047000000F018BA014B586A4F
:108C9000704700BF000C0040034B002258631A616C
:108CA0000222DA60704700BF000C0040014B002236
:108CB000DA607047000C0040014B5863704700BFFA
:108CC000000C0040024B034A1A60034A5A60704786
:108CD000AC5D0020D85D002000000220094B70B57B
:108CE000D3E90054661BB04209D8201A4942084013
:108CF000821A954203D8944201D35A6070BD002075
:108D0000FCE700BFAC5D002008B5302383F3118879
:108D1000FFF7E4FF002383F3118808BD0448054BE7
:108D200003600023C0E901330C3000F01FB900BF1D
:108D3000B45D0020098D0008CB1D083A23F007031D
:108D4000591A521A10B4D2080024C0E900438460B2
:108D50000C301C605A605DF8044B00F007B900004D
:108D60002DE9F74FCC1D3A4F0E4624F0070300289B
:108D700018BF0746994204D90024204603B0BDE835
:108D8000F08F082A07F10C004FEAD40438BF0822FC
:108D90000190904600F02CF93A1D019808F1070E59
:108DA000C8F100099446126872B900F02BF93B68CB
:108DB000002BE1D0E00008224146984704460028F5
:108DC000DBD040E90276D8E702EB0E01D2F804A02E
:108DD00001EA09010AF10105A1F1080302EBC50549
:108DE0009D42DFD9691AB4EBE10F4FEAE10BD9D804
:108DF0009A4219D202F10801A345A3EB01014FEAFF
:108E0000E101516009D9651CE44303EBC5015C44F1
:108E10004C60146843F8354011601C465E6044F8AD
:108E2000087B00F0EFF8A8E7A245116803D1CCF861
:108E300000101346F1E7013402EBC40342F834108A
:108E400003F108016D1AED105D60CCF80030F0E719
:108E5000B45D002073B50446A0F1080550F8080C75
:108E600054F8043C061D0C3007330190DB0844F82D
:108E7000043C00F0BDF8334601989E421A6801D0C8
:108E8000AB4228D20AB1954225D244F8082C54F8B6
:108E9000042C1D60013254F8081C05EBC206B142D7
:108EA00006D14E68324444F8042C0A6844F8082C71
:108EB0005E68711C03EBC1018D4207D154F8042C8C
:108EC000013232445A6054F8082C1A6002B0BDE8EE
:108ED000704000F097B81346CFE70000FEE70000AF
:108EE00070B51E4B0025044686B058600E460563DB
:108EF0008163FEF78DFC04F12803A5606563C4E976
:108F00000A3304F11003C4E904334FF0FF33C4E91A
:108F10000044C4E90635FFF7B9FE2B46024604F1CA
:108F20003C012046C4E9082380230D4A6567FDF70C
:108F3000BFFB7368E0600B4A03620123009280F874
:108F400024306846F26801923269CDE90223064B6B
:108F5000CDE90435FDF7E0FB06B070BD30400020E0
:108F6000149C00080C9C0008DD8E00080023C0E95A
:108F7000000083600361704770B51C4B0546846830
:108F8000DE685CB3B44213D103690133036170BD81
:108F9000A36094F8243083B1062B15D1A06A214632
:108FA000D4E9003213605A60FDF7DEFAA36A9C68C8
:108FB000B368A2689A42EBD306E0D4E900322046B7
:108FC00013605A60FDF7E0FA28463146FDF7CCFA07
:108FD000B5620620BDE87040FDF7D8BA0369866027
:108FE00001330361336BC3603063D0E7883D0020F9
:108FF00008B5302383F31188FFF7BEFF002383F306
:10900000118808BD194BD96883688B4210B520D1EF
:10901000302383F311880269013A0261B2B904680E
:10902000C368A0420B631ED04A6B9BB901238A60C0
:10903000036103681A68026050601A6B8360C26043
:1090400018631846FDF7A0FAFDF700FB002383F331
:10905000118810BD1C68A34203D0A468A24238BF87
:109060002246DB68E1E78260F0E700BF883D002030
:10907000024A536B18435063704700BF883D00207D
:1090800038B5EFF311859DB9EFF30584C4F30804F7
:10909000302334B183F31188FDF7E4FC85F31188A4
:1090A00038BD83F31188FDF7DDFC84F3118838BDEA
:1090B000BDE83840FDF7D6BC70470000114BD3F82F
:1090C000E82042F00802C3F8E820D3F8102142F06B
:1090D0000802C3F810210C4AD3F81031D36B43F0C7
:1090E0000803D363C722094B9A624FF0FF32DA625A
:1090F00000229A615A63DA605A6001225A611A604A
:10910000704700BF004402580010005C000C004093
:10911000094A08B51169D3680B40D9B29B076FEAB9
:109120000101116107D5302383F31188FDF7B4FAEB
:10913000002383F3118808BD000C004010B50139ED
:109140000244904201D1002005E0037811F8014F5C
:10915000A34201D0181B10BD0130F2E7884210B5C0
:1091600001EB020402D98442234607D8431EA142E0
:1091700008D011F8012B03F8012FF8E7024401464B
:109180008A4200D110BD13F8014D02F8014DF7E7F6
:10919000C9B2034610F8012B1AB18A42F9D1184618
:1091A0007047002918BF0023F9E70000034611F8B3
:1091B000012B03F8012B002AF9D1704710B50139B2
:1091C000034632B111F8014F03F8014B013A002C6C
:1091D000F7D11A440021934200D110BD03F8011BBE
:1091E000F9E7000038346232303862326163646219
:1091F00036316264000000001210000012110000FD
:10920000121300004D4435002D2D0A002F617264A9
:109210007570696C6F742E6162696E002F61726483
:109220007570696C6F742D7665726966792E6162EE
:10923000696E002F6172647570696C6F742D666C55
:109240006173682E6162696E002F61726475706966
:109250006C6F742D666C61736865642E6162696EF3
:10926000000000000000000000000000150F0008D2
:10927000D90F000829110008190F0008D10F0008A4
:109280000000000000000000110F0008E50F0008BA
:10929000611100080D0F0008410F000853544D33B1
:1092A0003248373F3F3F0053544D333248373378CD
:1092B0002F3732780053544D3332483734332F37F9
:1092C00035332F373530000001105A000310590094
:1092D00001205800032056002F00000053756363DF
:1092E00065737366756C6C79206D6F756E746564EB
:1092F000205344436172642028736C6F77646F77E6
:109300006E3D2575290A0000EB769045584641547C
:10931000202020004641543332202020000000004D
:109320002A3A3C3E7C223F7F002B2C3B3D5B5D007C
:1093300043554541414141434545454949494141DD
:109340004592924F4F4F5555594F554F9C4F9E9FA9
:1093500041494F55A5A5A6A7A8A9AAABACADAEAFEC
:10936000B0B1B2B3B4414141B8B9BABBBCBDBEBFE4
:10937000C0C1C2C3C4C54141C8C9CACBCCCDCECF80
:10938000D1D145454549494949D9DADBDCDD49DFD9
:109390004FE14F4F4F4FE6E8E85555555959EEEF1D
:1093A000F0F1F2F3F4F5F6F7F8F9FAFBFCFDFEFF45
:1093B00001030507090E10121416181C1E000000E8
:1093C00061001A03E0001703F8000703FF00010023
:1093D00078010001300132010601390110014A0112
:1093E0002E017901060180014D00430281018201B5
:1093F00082018401840186018701870189018A0134
:109400008B018B018D018E018F01900191019101E2
:1094100093019401F60196019701980198013D028C
:109420009B019C019D0120029F01A001A001A201BE
:10943000A201A401A401A601A701A701A901AA01F3
:10944000AB01AC01AC01AE01AF01AF01B101B201A2
:10945000B301B301B501B501B701B801B801BA0153
:10946000BB01BC01BC01BE01F701C001C101C201C9
:10947000C301C401C501C401C701C801C701CA01B4
:10948000CB01CA01CD011001DD0101008E01DE0119
:109490001201F3010300F101F401F401F8012801C4
:1094A000220212013A020900652C3B023B023D02F6
:1094B000662C3F0240024102410246020A01530269
:1094C000400081018601550289018A0158028F01FD
:1094D0005A0290015C025D025E025F02930161022A
:1094E00062029401640265026602670297019601B6
:1094F0006A02622C6C026D026E029C0170027102A3
:109500009D01730274029F0176027702780279024C
:109510007A027B027C02642C7E027F02A601810219
:109520008202A9018402850286028702AE014402FA
:10953000B101B20145028D028E028F0290029102AA
:10954000B7017B030300FD03FE03FF03AC0304002C
:109550008603880389038A03B1031103C20302004F
:10956000A303A303C4030803CC0303008C038E03EB
:109570008F03D8031801F2030A00F903F303F4037D
:10958000F503F603F703F703F903FA03FA033004CC
:10959000200350041007600422018A043601C1042C
:1095A0000E01CF040100C004D0044401610526046B
:1095B000000000007D1D0100632C001E9601A01E0E
:1095C0005A01001F0806101F0606201F0806301F3C
:1095D0000806401F0606511F0700591F521F5B1F38
:1095E000541F5D1F561F5F1F601F0806701F0E006F
:1095F000BA1FBB1FC81FC91FCA1FCB1FDA1FDB1F23
:10960000F81FF91FEA1FEB1FFA1FFB1F801F080638
:10961000901F0806A01F0806B01F0400B81FB91F3E
:10962000B21FBC1FCC1F0100C31FD01F0206E01FCA
:109630000206E51F0100EC1FF31F0100FC1F4E2175
:109640000100322170211002842101008321D024E5
:109650001A05302C2F04602C0201672C0601752C92
:109660000201802C6401002D260841FF1A0300002E
:10967000C700FC00E900E200E400E000E500E700CC
:10968000EA00EB00E800EF00EE00EC00C400C500CB
:10969000C900E600C600F400F600F200FB00F90085
:1096A000FF00D600DC00F800A300D800D70092012C
:1096B000E100ED00F300FA00F100D100AA00BA00C9
:1096C000BF00AE00AC00BD00BC00A100AB00BB0001
:1096D00091259225932502252425C100C200C000B2
:1096E000A9006325512557255D25A200A500102559
:1096F000142534252C251C2500253C25E300C3001A
:109700005A25542569256625602550256C25A40019
:10971000F000D000CA00CB00C8003101CD00CE005F
:10972000CF0018250C2588258425A600CC0080258F
:10973000D300DF00D400D200F500D500B500FE0054
:10974000DE00DA00DB00D900FD00DD00AF00B40070
:10975000AD00B1001720BE00B600A700F700B800AA
:10976000B000A800B700B900B300B200A025A00067
:1097700010000240080002400008024000000B00F8
:1097800028000240080002400408024006010C00C4
:1097900040000240080002400808024010020D008C
:1097A00058000240080002400C08024016030E0058
:1097B000700002400C0002401008024000040F003C
:1097C000880002400C000240140802400605100008
:1097D000A00002400C0002401808024010061100D0
:1097E000B80002400C0002401C08024016072F007F
:1097F000100402400804024020080240000838001B
:1098000028040240080402402408024006093900E6
:10981000400402400804024028080240100A3A00AE
:1098200058040240080402402C080240160B3B007A
:10983000700402400C04024030080240000C3C005E
:10984000880402400C04024034080240060D440023
:10985000A00402400C04024038080240100E4500EB
:10986000B80402400C0402403C080240160F4600B7
:109870000100000000000000009600000000000051
:1098800000000000000000000000000000000000D8
:1098900000000000016D0008056D00087158000807
:1098A0003558000829570008555700088157000807
:1098B000C956000800000000A55B0008915B000885
:1098C000CD5B0008B95B0008C55B0008B15B000810
:1098D0009D5B0008895B0008D95B00080000000060
:1098E000BD5C0008A95C0008E55C0008D15C0008CC
:1098F000DD5C0008C95C0008B55C0008A15C0008DC
:109900003D5D0008000000000100000000000000B4
:109910006330000010990008000000000000000003
:10992000003E0020304000200000802A000000009F
:10993000AAAAAAAA00000024FFFF0000000000005D
:1099400000A00A000000000100000000AAAAAAAAC4
:1099500000000001FFFF0000000000000000000008
:109960000000AA4600000000AAAAAAAA00005544C6
:10997000FFFF000000000000CCCC0C002000100015
:1099800000000000AAAAAAAA10000000FFFB000025
:10999000000C0000000000004080020000000000F9
:1099A000AAAAAAAA00400100F7FF00000000007068
:1099B000070000000000000000000000AAAAAAAAF8
:1099C00000000000FFFF0000000000000000000099
:1099D0000000000000000000AAAAAAAA00000000DF
:1099E000FFFF000000000000000000000000000079
:1099F00000000000AAAAAAAA00000000FFFF0000C1
:109A00000000000000000000000000000000000056
:109A1000AAAAAAAA00000000FFFF000000000000A0
:109A2000000000000000000000000000AAAAAAAA8E
:109A300000000000FFFF0000000000000000000028
:109A40000000000000000000AAAAAAAA000000006E
:109A5000FFFF00000000000000000000417264757C
:109A600050696C6F740025424F415244252D424C81
:109A7000002553455249414C2500000002000000DA
:109A800000000000E55E0008615F00084000400043
:109A9000E0580020F0580020020000000000000004
:109AA0000300000000000000AD5F0008000000009F
:109AB000100000000059002000000000010000001C
:109AC000000000005C5C002001010200FD6D000848
:109AD0000D6D0008A96D00088D6D000843000000A1
:109AE000E49A000809024300020100C032090400A0
:109AF00000010202010005240010010524010001FB
:109B0000042402020524060001070582030800FF61
:109B100009040100020A00000007050102400000DC
:109B2000070581024000000012000000309B000881
:109B30001201100102000040091241570002010207
:109B4000030100000403090425424F41524425004B
:109B5000466C79696E67524348374450726F0030E3
:109B60003132333435363738394142434445460083
:109B70000000002000000200020000000000003091
:109B8000000004000800000000000024000008009D
:109B9000040000000004000000FC000002000000BF
:109BA00000000430008000000800000000000038C1
:109BB00000000100010000001F1C1F1E1F1E1F1FB0
:109BC0001E1F1E1F1F1D1F1E1F1E1F1F1E1F1E1FAD
:109BD0000000000041610008E9630008816400089A
:109BE00040004000945D0020945D002001000000D2
:109BF000A45D00208000000040010000080000007B
:109C000000010000001000000800000069646C659D
:109C1000000000006D61696E002C063804043808ED
:109C20000C10141C202425260000000000006404F1
:109C30000100040000000000000C00102830340077
:109C40002868FF7F01000000DA0400000000000027
:109C500000001A0000000000FF0000003840002053
:109C600018390020000000009C92000883040000C6
:109C7000A792000850040000B592000801000000FF
:109C800000000000009600000000080096000000A0
:109C90000008000004000000449B000800000000D1
:109CA00000000000000000000000000000000000B4
:049CB00000000000B0
:00000001FF
