:020000040800F2
:1000000000060020E1020008E3020008E302000805
:10001000E3020008E3020008E3020008E30200082C
:10002000E3020008E3020008E30200089D770008ED
:10003000E3020008E3020008E3020008E30200080C
:10004000E3020008E3020008E3020008E3020008FC
:10005000E3020008E3020008E3020008E3020008EC
:10006000E3020008E3020008E3020008E14600089A
:100070000947000835470008614700088D47000818
:10008000B5470008E1470008E3020008E302000862
:10009000E3020008E3020008E3020008E3020008AC
:1000A000E3020008E3020008E3020008E30200089C
:1000B000E3020008E3020008E3020008E30200088C
:1000C000E3020008E3020008E3020008E30200087C
:1000D000E3020008E3020008E3020008E30200086C
:1000E000E3020008E3020008E3020008E30200085C
:1000F000E3020008E3020008E30200080D480008DC
:10010000E30200085D87000885870008E302000815
:10011000E3020008E3020008E3020008E30200082B
:1001200039480008614800088D480008B9480008AF
:10013000E5480008E3020008E3020008E3020008C3
:10014000E3020008E3020008E3020008E3020008FB
:100150000D49000839490008654900087187000801
:10016000E3020008E3020008E3020008E3020008DB
:10017000E302000835840008E3020008E3020008F7
:10018000E3020008E3020008E3020008E3020008BB
:10019000E3020008E3020008E3020008E3020008AB
:1001A000E3020008E3020008E3020008E30200089B
:1001B000E3020008E3020008E3020008E30200088B
:1001C000E3020008E3020008E3020008E30200087B
:1001D000E302000821840008E3020008E3020008AB
:1001E000E3020008E3020008E3020008E30200085B
:1001F000E3020008E3020008E3020008E30200084B
:10020000E3020008E3020008E3020008E30200083A
:10021000E3020008E3020008E3020008E30200082A
:10022000E3020008E3020008E3020008E30200081A
:10023000E3020008E3020008E3020008E30200080A
:10024000E3020008E3020008E3020008E3020008FA
:10025000E3020008E3020008E3020008E3020008EA
:10026000E3020008E3020008E3020008E3020008DA
:10027000E3020008E3020008E3020008E3020008CA
:10028000E3020008E3020008E3020008E3020008BA
:10029000E3020008E3020008E3020008E3020008AA
:1002A000E3020008E3020008E3020008E30200089A
:1002B000E3020008E3020008E3020008E30200088A
:1002C000E3020008E3020008E3020008E30200087A
:1002D000E3020008E3020008E3020008E30200086A
:1002E00002E000F000F8FEE772B6374880F30888B5
:1002F000364880F3098836483649086040F20000E5
:10030000CCF200004EF63471CEF200010860BFF36B
:100310004F8FBFF36F8F40F20000C0F2F0004EF637
:100320008851CEF200010860BFF34F8FBFF36F8F8B
:100330004FF00000E1EE100A4EF63C71CEF20001E3
:100340000860022080F31488BFF36F8F07F088FAEB
:1003500006F004FC4FF055301F491B4A91423CBF48
:1003600041F8040BFAE71D49184A91423CBF41F895
:10037000040BFAE71A491B4A1B4B9A423EBF51F83D
:10038000040B42F8040BF8E700201849184A914280
:100390003CBF41F8040BFAE707F0A0FA06F062FC54
:1003A000144C154DAC4203DA54F8041B8847F9E7A6
:1003B00000F0C4F9114C124DAC4203DA54F8041B9E
:1003C0008847F9E707F088BA0006002000220020DD
:1003D0000000000808ED00E00000002000060020FA
:1003E000F09B0008002200206C22002070220020D8
:1003F000D45D0020E0020008E0020008E0020008EE
:10040000E00200082DE9F04F2DED108AC1F80CD064
:10041000D0F80CD0BDEC108ABDE8F08F002383F338
:1004200011882846A047002006F07AF9FEE706F07A
:10043000CDF800DFFEE7000053B94AB9002908BF34
:1004400000281CBF4FF0FF314FF0FF3000F074B9AF
:10045000ADF1080C6DE904CE00F006F8DDF804E01B
:10046000DDE9022304B070472DE9F047089D0446FA
:100470008E46002B4DD18A42944669D9B2FA82F257
:1004800052B101FA02F3C2F1200120FA01F10CFA93
:1004900002FC41EA030E94404FEA1C48210CBEFBCB
:1004A000F8F61FFA8CF708FB16E341EA034306FB54
:1004B00007F199420AD91CEB030306F1FF3080F0E3
:1004C0001F81994240F21C81023E63445B1AA4B230
:1004D000B3FBF8F008FB103344EA034400FB07F7D2
:1004E000A7420AD91CEB040400F1FF3380F00A8113
:1004F000A74240F207816444023840EA0640E41B08
:1005000000261DB1D4400023C5E900433146BDE8B3
:10051000F0878B4209D9002D00F0EF800026C5E955
:10052000000130463146BDE8F087B3FA83F6002E6D
:100530004AD18B4202D3824200F2F980841A61EBE5
:10054000030301209E46002DE0D0C5E9004EDDE703
:1005500002B9FFDEB2FA82F2002A40F09280A1EBEB
:100560000C014FEA1C471FFA8CFE0126200CB1FB40
:10057000F7F307FB131140EA01410EFB03F0884239
:1005800008D91CEB010103F1FF3802D2884200F2C6
:10059000CB804346091AA4B2B1FBF7F007FB101158
:1005A00044EA01440EFB00FEA64508D91CEB0404F6
:1005B00000F1FF3102D2A64500F2BB800846A4EB51
:1005C0000E0440EA03409CE7C6F12007B34022FA3C
:1005D00007FC4CEA030C20FA07F401FA06F31C436B
:1005E000F9404FEA1C4900FA06F3B1FBF9F8200C78
:1005F0001FFA8CFE09FB181140EA014108FB0EF0BE
:10060000884202FA06F20BD91CEB010108F1FF3A0D
:1006100080F08880884240F28580A8F10208614419
:10062000091AA4B2B1FBF9F009FB101144EA014127
:1006300000FB0EFE8E4508D91CEB010100F1FF34D2
:100640006CD28E456AD90238614440EA0840A0FB6A
:100650000294A1EB0E01A142C846A64656D353D040
:100660005DB1B3EB080261EB0E0101FA07F722FA64
:1006700006F3F1401F43C5E9007100263146BDE88D
:10068000F087C2F12003D8400CFA02FC21FA03F3F0
:10069000914001434FEA1C471FFA8CFEB3FBF7F071
:1006A00007FB10360B0C43EA064300FB0EF69E4296
:1006B00004FA02F408D91CEB030300F1FF382FD22F
:1006C0009E422DD9023863449B1B89B2B3FBF7F6D7
:1006D00007FB163341EA034106FB0EF38B4208D9B0
:1006E0001CEB010106F1FF3816D28B4214D9023EF1
:1006F0006144C91A46EA004638E72E46284605E70F
:100700000646E3E61846F8E64B45A9D2B9EB0208DF
:1007100064EB0C0E0138A3E74646EAE7204694E76F
:100720004046D1E7D0467BE7023B614432E73046A2
:1007300009E76444023842E7704700BF38B501F06A
:10074000EBF901F09BFB06F025FF054607F018F8D2
:100750000446D0B90F4B9D4219D001339D4241F25E
:10076000883504BF01240025002006F01DFF0CB1D0
:1007700000F076F801F020FB00F012FD08B100F067
:100780006FF8284600F01AF9F9E70025ECE705466E
:10079000EAE700BF010007B008B501F089F9A0F150
:1007A00020035842584108BD07B5042101900DEBC4
:1007B000010001F09BF903B05DF804FB38B530236C
:1007C00083F31188174803680BB106F08DF80023F6
:1007D000154A4FF47A71134806F07CF8002383F32E
:1007E0001188124C236813B12368013B23606368AE
:1007F00013B16368013B63600D4D2B7833B96368B7
:100800007BB9022001F042FA322363602B78032B7C
:1008100007D163682BB9022001F038FA4FF47A73DC
:10082000636038BD70220020BD07000890230020BF
:1008300088220020084B187003280CD8DFE800F04D
:1008400008050208022001F019BA022001F00CBAD2
:10085000024B00225A60704788220020902300201B
:10086000F8B5504B504A1C461968013100F0998088
:1008700004339342F8D162684C4B9A4240F2918023
:100880004B4B9B6803F1006303F500339A4280F001
:100890008880002001F05AF90220FFF7CBFF454B7A
:1008A0000021D3F8E820C3F8E810D3F81021C3F8EA
:1008B0001011D3F81021D3F8EC20C3F8EC10D3F8C2
:1008C0001421C3F81411D3F81421D3F8F020C3F87D
:1008D000F010D3F81821C3F81811D3F81821D3F861
:1008E000802042F00062C3F88020D3F8802022F0FC
:1008F0000062C3F88020D3F88020D3F8802042F033
:100900000072C3F88020D3F8802022F00072C3F870
:100910008020D3F8803072B64FF0E023C3F8084D42
:10092000D4E90004BFF34F8FBFF36F8F224AC2F8A0
:100930008410BFF34F8F536923F480335361BFF3A7
:100940004F8FD2F8803043F6E076C3F3C905C3F386
:100950004E335B0103EA060C29464CEA81770139E4
:10096000C2F87472F9D2203B13F1200FF2D1BFF319
:100970004F8FBFF36F8FBFF34F8FBFF36F8F5369ED
:1009800023F4003353610023C2F85032BFF34F8F7A
:10099000BFF36F8F302383F31188854680F3088877
:1009A0002047F8BD0000020820000208FFFF0108F0
:1009B000002200200044025800ED00E02DE9F04F35
:1009C00095B0DFF8D8922022FF21029004A8D9F830
:1009D000085001F09BF9A84A1378A3B90121A74850
:1009E00011700360302383F3118803680BB105F0A5
:1009F0007BFF0023A24A4FF47A71A04805F06AFFFA
:100A0000002383F31188029B13B19E4B029A1A6054
:100A10009D4A1378032B03D000231370994A536027
:100A20004FF0000B029C5E46DA46CDF804B0012080
:100A300001F024F924B1934B1B68002B00F02882AD
:100A4000002001F035F8B0F10008F3DB012001F0DF
:100A50000BF9A8F121031F2BE9D801A252F823F0CA
:100A6000E10A0008FD0A00088B0B00082F0A0008A5
:100A70002F0A00082F0A0008150C0008070E0008AE
:100A8000F90C0008550D00087B0D0008A10D0008A9
:100A90002F0A0008B30D0008D70D00084F0E0008FC
:100AA000690B00082F0A0008970E0008ED0A0008DD
:100AB000690B00082F0A0008550D00082F0A0008CE
:100AC0002F0A00082F0A00082F0A00082F0A000822
:100AD0002F0A00082F0A00082F0A00088B0B0008B5
:100AE0000220FFF759FE002840F0FF81029B0221FF
:100AF0006648BBF1000F08BF1C4640E04FF47A7017
:100B000000F0D6FF071EF1DB0220FFF745FE0028AC
:100B1000ECD0013F052F00F2EA81DFE807F0030780
:100B20000A0D10330520FFF73FFE14E0D9F800004E
:100B3000F9E7D9F80400F6E7D9F80800F3E74FF031
:100B40001C08404608F1040801F002F8FFF72CFEEB
:100B5000B8F12C0FF5D10120019B4FF0000A00FAEB
:100B600007F71F43FBB2019301F01CF92EB1019B63
:100B700003F00B030B2B08BF00240221444800F0B4
:100B8000B5FF54E7D9F80C00CDE7002EAED0019B9D
:100B900003F00B030B2BA9D10220FFF7FDFD074645
:100BA0000028A3D00120002600F0D0FF0220FFF78C
:100BB00041FE1FFA86FB584600F0D8FF044688B174
:100BC000A8F14002584601365142514100F0DEFF83
:100BD0000028EED1BB46044602212E483E4600F0D6
:100BE00085FF24E725460120FFF724FED9F80830C9
:100BF000AB4207D9284600F0ABFF013040F07A81C4
:100C00000435F3E70025204BBB463E461D701D4BC7
:100C10005D60A9E7002E3FF469AF019B03F00B0371
:100C20000B2B7FF463AF0220FFF704FE322000F0AD
:100C30003FFFB0F10008FFF659AF18F003077FF44B
:100C400055AF08EB0503D9F8082093423FF64EAFA5
:100C5000B8F5807F3FF74AAF0F4BB84503931FDDD0
:100C60004FF47A7000F024FF0028FFF63FAF039B9B
:100C7000013703F8010BF0E78C23002070220020DD
:100C8000BD0700089023002088220020AC910008B6
:100C9000A4910008A89100088C22002000220020C6
:100CA000C820FFF779FD074600283FF41FAF1F2D2E
:100CB00011D8C5F1200204AB25F003008F4942454D
:100CC000184428BF4246039200F0FAFF039AFF211E
:100CD0008A4801F01BF84FEAA803C8F38702874946
:100CE0002846039301F01AF8064600283FF474AF33
:100CF000039B05EB830537E70220FFF74DFD002836
:100D00003FF4F4AE00F060FF00283FF4EFAE0027A0
:100D1000B846D9F80830BB4218D91F2F11D8049B08
:100D200001330ED027F0030314AA134453F8403CB8
:100D30000C93404604220CA9043701F037F9804691
:100D4000E7E7384600F004FF0C90F2E74046FFF773
:100D50002BFD09E7002364210CA80C9300F0BCFED6
:100D600000287FF4C3AE0220FFF716FD00283FF4F1
:100D7000BDAE0C9800F01EFFE9E7002364210CA82B
:100D80000C9300F0A9FE00287FF4B0AE0220FFF71C
:100D900003FD00283FF4AAAE0C9800F00DFFD6E743
:100DA0000220FFF7F9FC00283FF4A0AE00F01CFF82
:100DB000CDE70220FFF7F0FC00283FF497AE0CA926
:100DC000142000F017FF0390FFF7EEFC03990CA826
:100DD00000F08CFEC8E60220FFF7DEFC00283FF49E
:100DE00085AE474B0CAF03F1100C1868083353F86D
:100DF000041C3A46634503C21746F6D11020FFF79C
:100E0000D3FC1021E3E7322000F052FE071EFFF66C
:100E10006DAEBB077FF46AAE07EB0A03D9F8082072
:100E200093423FF663AE0220FFF7B6FC00283FF482
:100E30005DAE27F003075744BA453FF495AE5046E0
:100E40000AF1040A00F084FEFFF7AEFCF4E74FF469
:100E50007A70FFF7A1FC00283FF448AE00F0B4FE22
:100E6000002849D0049B01330BD0082204A900209C
:100E700000F054FF00283FD02022FF2104A800F0FA
:100E800045FF2048022100F031FE1F4805F04EFCCE
:100E900015B0BDE8F08F002E3FF428AE019B03F0A3
:100EA0000B030B2B7FF422AE002364210CA80C93C0
:100EB00000F012FE074600287FF418AE0220FFF76C
:100EC0006BFC804600283FF411AE02210D4800F073
:100ED0000DFE41F2883005F029FC0C9800F0ACFFC3
:100EE00046463C4600F05EFFA1E506463CE64FF074
:100EF000000AFBE5BB466FE637466DE68C22002014
:100F000090910008A4910008A0860100704700009D
:100F1000704700007047000038B505461446084683
:100F20000322064900F0D6FE38B905F10802204632
:100F30001021BDE8384001F065B838BDB091000817
:100F40002DE9F04100F58037044616463B7C5BB93D
:100F5000C0681030204400F0B3FEE5683544B5F5B4
:100F6000004FE56002D816B1BDE8F081DEB905F0AA
:100F70007F0605F110000021C6F180062044F6B27C
:100F800032462E4400F0C2FEA06804F1100832463A
:100F900000F10060414600F5003006F09BF830B9E2
:100FA00001233B74E0E74FF400463546ECE7A268C6
:100FB00005F11001404632442144A260E268521B10
:100FC000E26000F07DFE0220BDE8F04100F05EBE70
:100FD000183000F0B9BC000010B5044601F03CF830
:100FE000204610BD10B5044601F036F8204610BD6D
:100FF0002DE9F04FADF53F7D0746416801222AA853
:1010000002F01AFF002840F087800646824681469B
:101010001125DFF80C81DFF80CB101AB4FF48052E1
:1010200041462AA803F068F8002875D1019AB2F564
:10103000805F71D8002A65D00446019A9442ECD2B0
:10104000282D0FD008DC132D2DD01E2D39D0112DB9
:1010500013D00134A4B2F0E7322D2DD0372D2FD08C
:101060002D2DF6D13B68121B08EB040138461B6995
:101070002D259847BDF80440EBE7121B022A09D939
:10108000594608EB040000F025FE18B90234282563
:10109000A4B2DEE718F804303A2B3DD00A2B1CBF6F
:1010A000A1461325D5E718F804300A2B34D03A2B83
:1010B00004BFA2463225CCE718F80430202BC8D054
:1010C000264618F804300A2B1AD1AAEB090208EBBD
:1010D000090102A811254F2A28BF4F2208F044F821
:1010E000A21B08EB060116A84F2A28BF4F2208F0C2
:1010F0003BF83B6816AA02A9DB6838469847A8E780
:101100001E25A6E73B68384604491B69984701201D
:101110000DF53F7DBDE8F08F0020F9E7B2920008A1
:1011200098230020B491000800F1180110B504467E
:1011300086B00846019100F0F1FB2046FFF758FF0A
:1011400060B1019902A800F049FC102204F10801E5
:1011500002A807F0C9FFB0FA80F0400906B010BD40
:1011600070B504460025EEB2304600F0FFFC58B1E1
:1011700000213046013500F009FD08B9002070BD9E
:10118000022000F083FDEEE72046FFF731FF002844
:10119000F4D004F58034207C80F00100EFE70000FB
:1011A000F0B5C9B006F00EFA00F072FF18B90025CC
:1011B000284649B0F0BD69462A4803F05FF8002888
:1011C0004BD1294C204603F089F8284803F086F8D3
:1011D000274803F083F82146224803F0FBF8002853
:1011E000E5D1702000F032FF064610B1214B44607B
:1011F0000360336830469B689847054600282ED028
:101200001A4F1948394603F0E5F805460028CED1B3
:10121000194800F01BFF044638B1184B47600360C3
:1012200000F58033C0E902551D74236820469B6891
:101230009847054628B10E490C4803F0CBF8002822
:10124000B5D1336830465B6898471CB123682046A7
:101250005B68984700F004FFAAE70025FAE7044618
:10126000EFE700BFB8910008C8910008DF910008BF
:10127000F59100081892000814000100349200084B
:101280002DE9F04FD44A8DB00B68D0F804A001933B
:101290001A440368D14E1A44D1F81C90DFF8B4C345
:1012A000DFF8B4B3D0E90234634003EA0A036340D1
:1012B00013444A6802920AEB7363029CC84A2244B0
:1012C000C468224484688AEA04051D4065401544C8
:1012D0008A68039203EB3555039CC24A2244846812
:1012E00022448AEA03042C4084EA0A041444CA68AB
:1012F00005EBF4340492164483EA05022240564476
:101300005A4032440E69059604EBB222059FB64E50
:101310003E441E4485EA040313406B4033444E6947
:10132000069602EB7363069FB04E3E442E4484EA59
:1013300002051D40654035448E69079603EB35551F
:10134000079FAB4E3E44264482EA03042C4054409F
:101350003444A84E4E4405EBF434164483EA0502A7
:1013600022405A4032440E6A089604EBB222089F8B
:10137000A14E3E441E4485EA040313406B403344AF
:101380004E6A099602EB7363099F9C4ED1F830E0D8
:101390003E44D1F83880F3442E4484EA02051D40CF
:1013A000654035448E6AA6F5244703EB35550A9609
:1013B0004F3F274482EA03042C4054403C44CF6A08
:1013C0000B9705EBF4340B9E8D4F3744029E174468
:1013D00083EA050222405A403A448A4F774404EB9C
:1013E000B2221F4485EA040313406B403B444F6B19
:1013F000BC4402EB7363654484EA020C0CEA030C00
:101400008CEA040C6544DFF854C2C44403EB355540
:10141000A44482EA03042C4054406444D1F83CC004
:10142000794905EBF4346144114483EA0502224012
:101430005A400A44754904EBB2223144079E1944CC
:1014400084EA02032B4063400B44714902EBF363CF
:1014500031440B9E0D4482EA03012140514029444E
:101460006C4D03EBF1513544019E254483EA0104A0
:1014700014405C402C44684D01EBB4443544069E56
:10148000154481EA04021A404A402A44634D04EBA1
:10149000323235440A9E1D4484EA02030B40634005
:1014A0002B445F4D02EBF3633544059E0D4482EA05
:1014B00003012140514029445A4D03EBF151654449
:1014C000254483EA010414405C402C44564D01EB52
:1014D000B4443544099E154481EA04021A404A4046
:1014E0002A44524D04EB32323544049E1D4484EAB2
:1014F00002030B4063402B444D4D02EBF363454424
:101500000D4482EA0301214051402944494D03EB37
:10151000F1513544089E2C4483EA010515405D4095
:101520002C44454D01EBB4443544039E2A4481EAE2
:1015300004051D404D402A44404D04EB32323D44E9
:101540002B4484EA020593440D4065402B443C4DF6
:1015500002EBF3633544069E294482EA03052540E5
:1015600055402944374D03EBF1514D442C4483EA57
:10157000010515405D40254401EBB54581EA0504B0
:1015800004EA03024A405A44A6F5B82B089E05EB2C
:101590003232ABF2BE6B54405B4423442A4C344499
:1015A00002EB33730B9E0C4485EA0201594021443F
:1015B000264C344403EB7151029E254482EA030415
:1015C0004C402544224C444401EB3545144483EA05
:1015D00001026A40224443E078A46AD7EECEBDC13E
:1015E00056B7C7E8DB702024AF0F7CF52AC68747C3
:1015F000134630A8019546FDD8988069AFF7448B13
:10160000BED75C892211906B2108B44962251EF671
:1016100040B340C0515A5E26AAC7B6E95D102FD626
:101620005314440281E6A1D8C8FBD3E7E6CDE121FB
:10163000D60737C3870DD5F4ED145A4505E9E3A95C
:10164000F8A3EFFCD9026F6781F6718722619D6D67
:101650000C38E5FD937198FD8A4C2A8D8E4379A64E
:10166000934C344405EB7222059E1C4481EA050329
:10167000534023448F4C344402EB33730A9E0C4492
:1016800085EA0201594021448B4C4C4403EB7151D3
:10169000254482EA03044C402C44884D354401EB38
:1016A0003444019E154483EA010262402A44844D79
:1016B0003D4404EB72221D4481EA040353402B4451
:1016C000804D354402EB3373049E294484EA0205BD
:1016D0005D4029447C4D354403EB7151079E254400
:1016E00082EA03044C402C44784D354401EB3444E9
:1016F000099E2A4483EA010565401544744A324430
:1017000004EB7525039E134481EA04026A401A44DF
:10171000704B734405EB32720B4484EA050151406F
:1017200019446D4B634402EB71511C4485EA02037A
:101730004B401C44694B334401EB3444019E1D442F
:1017400082EA010363402B44654D04EB7323354467
:10175000069E154463EA010262402A44614D03EB90
:10176000B2624D4462EA040929445F4D89EA0309E3
:10177000454449442C445D4D02EBB1513544049E2F
:1017800061EA03081D4488EA0208444401EB7444FA
:1017900064EA02034B402B44554D04EBF32375449C
:1017A00063EA010E15448EEA040E0EEB0502514D5C
:1017B00003EBB262354462EA040E29440A9D8EEAC4
:1017C000030EA5F580164C4D7144A6F6833602EB48
:1017D000B151264461EA030454403444029E01EBB3
:1017E0007444354464EA02061D444E407319089E51
:1017F000424D04EBF323354463EA01061544664089
:1018000072193F4D03EBB262654462EA0406294453
:101810003C4D5E403144079E02EBB151354461EAD4
:1018200003062C44384D56403D443444059E1D4427
:1018300001EB744464EA02034B402B44334D04EB48
:10184000F32335440B9E154463EA010262402A44A7
:101850002F4D03EBB2623544039E0D4462EA04014E
:10186000594029442B4D02EBB15135442A4E2544B1
:1018700061EA030454402C44099D01EB74442E4456
:1018800064EA02051E4485EA01039D1903681A44AF
:101890000AEB040303EBF5230260436083681C44F6
:1018A000C36819448460C1600DB0BDE8F08F00BF0B
:1018B00044EABEA4A9CFDE4B604BBBF670BCBFBEF2
:1018C000C67E9B28FA27A1EA8530EFD4051D88043F
:1018D00039D0D4D9E599DBE6F87CA21F6556ACC4B3
:1018E000442229F497FF2A43A72394AB39A093FC01
:1018F000C3595B6592CC0C8FD15D84854F7EA86FF8
:10190000E0E62CFE144301A3A111084E827E53F79A
:1019100035F23ABDBBD2D72A91D386EB094B03608F
:1019200003F18833436003F12943A3F59613A3F62B
:101930008B638360A3F18833C3600023C0E9043361
:10194000704700BF012345672DE9F843144602693B
:1019500005460E46E300C2F3C50800F118079B18C0
:10196000036122BF43690133436112F4FC7F436981
:1019700003EB5473436114D0C8F1400907EB08002E
:101980004C4504D22246BDE8F84307F0BDBB403CBD
:101990004A464E4407F0B8FB444439462846FFF710
:1019A0006FFCA04606EB0409B8F13F0FA9EB080154
:1019B0000AD94022384607F0A7FB39462846A8F145
:1019C0004008FFF75DFCEFE7A1096FF03F023846E2
:1019D00002FB014206EB8111D5E7000070B50B69EF
:1019E00001F1180506460C46C3F3C503EA18501C5E
:1019F0008022EA54C3F13F02072A1FD8002100F0D9
:101A000085F929462046FFF73BFC3822002128466D
:101A100000F07CF9236929462046236563696365E4
:101A2000FFF72EFC21461022304607F06DFB2046C2
:101A300058220021BDE8704000F068B9C3F13702B8
:101A40000021E5E72DE9F84F4FF47A7306460D467D
:101A5000002402FB03F7DFF85080DFF8509098F97C
:101A600000305FFA84FA5A1C01D0A34212D159F80F
:101A700024002A4631460368D3F820B03B46D847B5
:101A8000854207D1074B012083F800A0BDE8F88FFD
:101A90000124E4E7002CFBD04FF4FA7004F046FE7A
:101AA0000020F3E7DC330020102200201422002065
:101AB000002307B5024601210DF107008DF807301C
:101AC000FFF7C0FF20B19DF8070003B05DF804FBED
:101AD0004FF0FF30F9E700000A46042108B5FFF790
:101AE000B1FF80F00100C0B2404208BD074B0A467A
:101AF00030B41978064B53F821400146236820463C
:101B0000DD69044BAC4630BC604700BFDC330020CD
:101B100014220020A086010070B50A4E00240A4D50
:101B200005F07CFA308028683388834208D905F0B4
:101B300071FA2B6804440133B4F5003F2B60F2D3F3
:101B400070BD00BFDE3300209833002005F040BB9D
:101B500000F1006000F500300068704700F100609F
:101B6000920000F5003005F0B5BA0000054B1A6888
:101B7000054B1B889B1A834202D9104405F04ABAD0
:101B80000020704798330020DE33002038B504462B
:101B9000074D29B128682044BDE8384005F052BA05
:101BA0002868204405F03CFA0028F3D038BD00BF77
:101BB000983300200020704700F1FF5000F58F108F
:101BC000D0F8000870470000064991F8243033B17E
:101BD00000230822086A81F82430FFF7BFBF0120E4
:101BE000704700BF9C330020014B1868704700BF4E
:101BF0000010005C194B01380322084470B51D68C1
:101C0000174BC5F30B042D0C1E88A6420BD15C6844
:101C10000A46013C824213460FD214F9016F4EB1BD
:101C200002F8016BF6E7013A03F10803ECD18142B7
:101C30000B4602D22C2203F8012B0424094A1688F1
:101C4000AE4204D1984284BF967803F8016B013C00
:101C500002F10402F3D1581A70BD00BF0010005CFD
:101C60001C22002074920008022803D1024B4FF47A
:101C700080229A61704700BF00040258022802D1F6
:101C8000014B04229A61704700040258022804D1D3
:101C9000024A536983F004035361704700040258F9
:101CA00070B504464FF47A764CB1412C254628BFD6
:101CB000412506FB05F0641B04F038FDF4E770BD18
:101CC000002310B5934203D0CC5CC4540133F9E730
:101CD00010BD0000013810B510F9013F3BB191F97A
:101CE00000409C4203D11AB10131013AF4E71AB124
:101CF00091F90020981A10BD1046FCE703460246F1
:101D0000D01A12F9011B0029FAD170470244034688
:101D1000934202D003F8011BFAE770472DE9F8431C
:101D20001F4D14460746884695F8242052BBDFF81D
:101D300070909CB395F824302BB92022FF2148469F
:101D40002F62FFF7E3FF95F824004146C0F1080237
:101D500005EB8000A24228BF2246D6B29200FFF7D0
:101D6000AFFF95F82430A41B17441E449044E4B2FE
:101D7000F6B2082E85F82460DBD1FFF725FF002896
:101D8000D7D108E02B6A03EB82038342CFD0FFF761
:101D90001BFF0028CBD10020BDE8F8830120FBE722
:101DA0009C330020024B1A78024B1A70704700BF18
:101DB000DC3300201022002038B51A4C1A4D204682
:101DC00003F0A0FF2946204603F0C8FF2D684FF41A
:101DD0007A70D5F89020D2F8043843F00203C2F8A4
:101DE0000438FFF75DFF1149284604F0E7F8D5F8FD
:101DF00090200F4DD2F80438286823F002030D49D3
:101E0000A042C2F804384FF4E1330B6001D003F074
:101E1000D3FE6868A04204D00649BDE8384003F00C
:101E2000CBBE38BD38400020709A0008789A000870
:101E300014220020C43300200C4B70B50C4D044616
:101E40001E780C4B55F826209A420DD00A4B0021E3
:101E500018221846FFF75AFF0460014655F826007D
:101E6000BDE8704003F0A8BE70BD00BFDC330020A9
:101E70001422002038400020C43300202DE9F04710
:101E800071B6464B01201D68454BB3F80080002316
:101E90001A46194602F00EFE0446802005F038FA74
:101EA0000746002862D0002C60D03E4EADB24FF005
:101EB000800A7369284643F0C0637361D6F8143111
:101EC00043F0C063C6F8143105F0A4F805EB08022E
:101ED00000FB05F34FF4D06C50434FF03D0E984299
:101EE00033D93269520144D4D6F81021510140D47B
:101EF000216803F100628A602268D7602268C2F814
:101F000004A02268C2F800C0D4F80090D9F80020DC
:101F100042F00102C9F80020D4F80090D9F800205E
:101F200022F01E02C9F80020D4F80090D9F8002051
:101F3000D207FBD494F80C90803361680EFA09F252
:101F40000A60CCE7002005F043F9204602F0F2FDDC
:101F5000384605F019FA134B5A6942F0C0625A61CB
:101F6000D3F8142142F0C062C3F8142161B6BDE871
:101F7000F0870D4B9A6A42F400729A629A6A42F4B0
:101F800000429A6261B60026012005F021F9B045B1
:101F9000D8D9A819013605F055F8F8E7983300208C
:101FA000DE3300200020005200ED00E030B50A448E
:101FB000084D91420DD011F8013B5840082340F3E1
:101FC0000004013B2C4013F0FF0384EA5000F6D1DB
:101FD000EFE730BD2083B8ED00F00F0300F0F00212
:101FE00000F0D000402806D0302A09D1092B07D8AC
:101FF00001200B7070475A1E052A01D80933F7E7F4
:102000000020704773B51446451C8E18B4421AD090
:102010000DF1060115F8010CFFF7DEFF10B90020E5
:1020200002B070BD0DF1070115F8020BFFF7D4FFE8
:102030000028F4D09DF806209DF8073043EA0213EB
:1020400004F8013BE2E70120EAE7000001218842B1
:1020500038BF084605F094B908B105F095B9704746
:1020600010B5084C01220849002001F0C1FE237878
:102070003BB1064803F0BAFB044803F04BFD0023D4
:10208000237010BDE033002084920008C036002089
:102090002DE9F041234C244E236DBBB901224FF4AE
:1020A000004104F1500005F0B3FA236D1B686BB9D1
:1020B00001224FF4805104F1500005F0A9FA236D7C
:1020C0001B681BB900203070BDE8F08133780BB17C
:1020D000FFF7C6FF0324154F4FF00008114D1349B9
:1020E0002846C7F8048003F007FD284603F09CFB50
:1020F00038B1013C284603F00DFD14F0FF04E1D097
:10210000EDE70B4901220B4801F072FE014618B1C0
:10211000284603F06BFBECE7074800F00FF80120BE
:10212000D1E700BFC0360020E03300203422002079
:1021300084920008E4330020889200080FB4002045
:1021400004B07047006870470346006859687047DC
:102150000B0A017043700B0C090E8370C17070473D
:10216000110A027003714170110C120E8170C2705D
:102170001A0A42711A0C1B0E8271C371704700005B
:10218000C36A0239023B8B4283BF4389006C01FB67
:102190000300002070470000C2F307238A76CB7645
:1021A0000378032B01BF120C0A75120A4A75704797
:1021B00000F10B010022D30143EA520310F8012B76
:1021C00052FA83F38842DAB2F5D110467047000024
:1021D00010B5417804460020013102464901022A27
:1021E00016BFA35C032203EBC03302F101021EBF42
:1021F0009BB203EB500398B29142F0D810BD00009F
:1022000002684AB1134613F8011B1F290DD93A2958
:10221000F9D1911C8B4202D04FF0FF3070471278F9
:10222000302AF9D1036000207047014B18787047BD
:102230003036002038B50D46044618B90920002371
:102240002B6038BD0368002BF8D01A78002AF5D02F
:102250008188DA889142F1D1587804F003FC10F0BB
:102260000100EBD12368EBE738B50D4640F252315F
:10227000144602F0B9F9FF2807D9012C0BD9030A3B
:10228000022468702B70204638BD30B1002CFAD083
:1022900001242870F7E70024F5E70446F3E700007F
:1022A0002DE9F8430026D0F8008005460C468E76CE
:1022B000836B002B4AD098F80030042B4BD1334667
:1022C0003546402720E0B7F5187F80F0C480F90636
:1022D00006F1010608BF0237D05B02372BB900F5C3
:1022E000205292B2B2F5006F0DD305F11A01C5F17B
:1022F000FF0240EA03402144FFF7B6FF002800F048
:10230000AA80054400200346D8F8102092F8231034
:10231000B142D8D8002B40F09E80002D00F09B8069
:1023200000232544AB766373D8F81020137903F0AB
:102330003701DB0621730BD402F13800FFF704FFED
:10234000C4E9000193896381D3892381BDE8F883BF
:1023500000200146F4E7C36C01335ED1EA6B002331
:102360002E26551E184615F8011F013020290CD0C5
:10237000052908BFE521092804D10B2B9EBFE718CA
:1023800001337E73E718013379730B28EBD1E11821
:1023900000204873A17E00294BD1002B40D06FF064
:1023A0000C0604F10D000825361B331810F8011B2C
:1023B000002938D02E298BB24AD0A3F14101192926
:1023C00003D8117B0D4200D020330373EDE7B9F140
:1023D000000F05D100F520539BB2B3F5006F0BD36E
:1023E00007F11A01C7F1FF0240EA09402144FFF753
:1023F0003BFF48B10744002002368146D8F80C3034
:10240000985B0028E3D13846B9F1000F4FF0000285
:1024100018BF002023189A76A0E7B1463746EDE7AB
:102420003F23A3760123234400219976137B03B92C
:102430006373D37A02F11C0003F03F03237300237C
:10244000FFF780FE20606360D38A6381138B7CE793
:1024500010250B46B9E73F230125A37660E700006E
:1024600038B50546002435F8020B08B9204638BDBA
:1024700002F0EEF86308C2B203EBC43312FA83F33E
:102480009AB2C0F3072303EB520303EBC2339CB2AF
:10249000E9E7000037B5C37804461BB90025284694
:1024A00003B030BD00F14C01826C012340780191F2
:1024B00004F0FEFA054680B9A36BE070A06C226BB5
:1024C000C31A9342EAD2A3780199022BE6D10244BF
:1024D0000123607804F0ECFAE1E70125DFE7000072
:1024E00038B5836C05460C468B4210D0FFF7D2FFFF
:1024F00060B92246012305F14C01687804F0B4FA72
:1025000000281CBF4FF0FF340120AC6438BD002010
:10251000FCE7000038B500230446C3704FF0FF33DA
:102520008364FFF7DDFF00284BD1B4F84A524AF626
:1025300055239D4207D10B22254904F14C0006F09A
:10254000D3FD00283FD094F84C30EB2B03D0183348
:10255000DBB2012B2ED84AF655239D4206D1082224
:102560001C4904F19E0006F0BFFD48B3B4F8573093
:10257000B3F5007F1ED194F85930DBB15A1E1A42D0
:1025800018D1B4F85A30ABB194F85C30013B012B50
:1025900010D8B4F85D306BB1B4F85F307F2B06D83B
:1025A00004F16C00FFF7CEFDB0F5803F02D3B4F824
:1025B000623053B94AF6552085420CBF02200320F1
:1025C00038BD0420FCE70120FAE70020F8E700BF4F
:1025D000B4920008C092000802392DE9F04701F0DA
:1025E00007044FF0010A466C05460AFA04F4174640
:1025F000984606EB1136C1F3C809E4B231462846C5
:102600000136FFF76DFF18B10120BDE8F08799464C
:1026100005EB090292F84C30234214BF012100213E
:10262000414513D06340013F82F84C3085F803A048
:10263000EBD0640014F0FF04EAD109F10103012496
:102640004FF00009B3F5007FE1D1D7E70220DCE7C6
:1026500001290246F8B50C4640F28C800668F36A00
:102660008B4240F287803378013B032B00F282805B
:10267000DFE803F00229384B04EB5405B16B304618
:1026800001EB5521FFF72CFF10B14FF0FF30F8BDE3
:102690006F1CC5F30805B16B3046354401EB57217B
:1026A00095F84C50FFF71CFF0028EED1C7F3080740
:1026B000E3073E4496F84C0045EA00204CBF000971
:1026C000C0F30B00E3E7B16B304601EB1421FFF7D9
:1026D00007FF0028D9D1640004F4FF742644B6F83B
:1026E0004C00D4E7B16B304601EBD411FFF7F8FE94
:1026F0000028CAD1A40006F14C0004F4FE74204462
:10270000FFF720FD20F07040C1E7D0E90430D57913
:1027100053EA000101D0916801B95DBB9168022DB7
:10272000A4EB01010DD1013B728940F1FF305B0A3E
:1027300043EAC053B3FBF2F399421BD81CD0601C90
:10274000A5E7032D02D193698B42F8D8D3699BB9D1
:10275000B16B304601EBD411FFF7C2FE002894D1D3
:10276000A0004C3600F4FE703044FFF7EBFC20F084
:1027700000408CE701208AE76FF0004087E7000007
:10278000F8B5066804460D463378042B0CBF4FF0AD
:1027900080524FF400128A4201D80220F8BDCA06C6
:1027A000FBD182680163D2B9022B13D83389B3EB12
:1027B000551FF2D9F36BA363A36B6263002BECD0BC
:1027C00003EB55234C36C5F308050020A3633544BD
:1027D000E563E3E7F36BC271002BE7D01A46778914
:1027E0007F02BD42114604D23046FFF7C9FCA06308
:1027F000E2E72046FFF72CFF431C024606D00128E3
:10280000CBD9F36A8342C8D9ED1BEAE70120C5E7BB
:1028100001292DE9F04706460C46174608D9C36A38
:102820008B4205D90378022B62D003D8012B22D02A
:10283000022552E0033B012BFAD8816B01EBD41146
:10284000FFF74EFE0546002847D1A40006F14C03D1
:1028500004F4FE741C443378042B07D0204627F080
:102860007047FFF76FFC00F0704007433946204681
:10287000FFF76EFC2FE001EB5108816B01EB582153
:10288000FFF72EFE054640BB14F0010406F14C098B
:1028900008F1010AC8F3080808BFFBB230461FBFA1
:1028A00019F8083003F00F023B0103F0F00318BFE2
:1028B000134309F808300123B16BF37001EB5A217F
:1028C000FFF70EFE054640B9CAF3080A44B1C7F344
:1028D000071709F80A700123F3702846BDE8F0874E
:1028E00019F80A30C7F3032723F00F031F43F0E75B
:1028F000816B01EB1421FFF7F3FD05460028ECD1B5
:10290000640006F14C0304F4FF741F551919C7F352
:1029100007274F70DFE70000F8B504460E4617465C
:10292000E3690BB91846F8BD012BA6EB0305206837
:1029300014BFAA1C3A46691CFFF76AFF0028F2D1AF
:10294000E369013BE361EBE701292DE9F843064622
:102950000C461746056802D80220BDE8F883EB6AEA
:102960008B42F9D97AB9A14621463046A046FFF7F5
:102970006FFE0446B0B92B78042B02D1002F43D14F
:10298000F7710020E9E72B78042B02D1C379022BE1
:10299000E9D04FF0FF3239462846FFF739FF0028CB
:1029A000E1D0DAE70128D7D0421C01D10120D4E7D9
:1029B0002B78042B19D1EA6AAB69023A93421CD3F3
:1029C00008F10102A2420CD02B78042B08D100237D
:1029D000A2EB090249462846FFF7FEFD0028BCD1BC
:1029E000A146EB6AA342BFD8C5E70022414628466C
:1029F000FFF70EFF0028DED0AFE70133AB612B7984
:102A000043F001032B71DBE7F3798BB9B468BC4267
:102A100002D10223F371B4E721463046FFF718FED6
:102A2000012899D9431CC1D001348442EFD0A8E7D2
:102A3000032BA6D1B368BB42A3D8B2691344BB42EF
:102A40009FD3E6E770B5C3790446032B06D18168AE
:102A50008369CD18A94203D10023E371002070BD22
:102A60004E1C20683246FFF7D3FE0028F7D13146CE
:102A7000F0E700002DE9F74305460191FFF70AFD55
:102A80000446002849D105F14C09019928464FF424
:102A90000072FFF775FB2146A86407464846FFF71A
:102AA00035F96C896402B4F5004F28BF4FF4004437
:102AB000B4F5007F2FD9204604F06AFC804630B17F
:102AC00022460021640A0026FFF720F909E0640885
:102AD000EEE72346BA194146687803F0E9FF18B9D2
:102AE00026446B899E42F4D3404604F061FC688919
:102AF000801B18BF012003B0BDE8F08301366B894D
:102B00009E42F4D20123BA194946687803F0D0FFF7
:102B10000028F3D0EBE70026F1E70120EBE7000007
:102B2000F8B50446FFF7B6FC0546002842D12378E5
:102B3000032B37D12779012F34D104F14C060146FC
:102B40004FF400723046FFF7E1F85523412272211D
:102B500084F84A32AA2304F50D7084F84F2084F8D3
:102B60004B32522384F8301284F84C3084F84D30C4
:102B7000612384F8311284F84E3084F83332A1692D
:102B800084F83222FFF7E4FA616904F50E70FFF76A
:102B9000DFFA626B3B46314601326078A26403F093
:102BA00087FF257100226078114603F0A5FF0038E9
:102BB00018BF0120F8BD000000232DE9F0430B6091
:102BC00085B00F461546FFF71BFB061EC0F2B2810B
:102BD000804B53F82640002C00F0AE813C6005F09D
:102BE000FE0523786BB1607803F03CFFC70708D47B
:102BF0001DB110F0040500D00A25284605B0BDE837
:102C0000F0830023F0B22370607003F017FFC10758
:102C100000F194810DB14207EED400212046FFF768
:102C200079FC022840F099806E4604F2122304F2E7
:102C30005221324618461033FFF784FA42F8040B4B
:102C40008B42F7D1002556F8041B00297DD0204681
:102C5000FFF760FC012879D80128A26C40F0C08001
:102C600004F1570304F18C0113F8015B002D7BD1B3
:102C70008B42F9D1B4F8B430B3F5807F74D194F8B5
:102C8000B830092B70D104F19400FFF75DFA4FF0D2
:102C9000FF33171841F10001BB4275EB010363D309
:102CA00004F1A000FFF74EFA94F8BA302063012B2C
:102CB000A37059D194F8B99003FA09F91FFA89F36E
:102CC0006381002B50D0444B04F1A800FFF73AFA7F
:102CD0000646984248D8831C626304F1A400E3626C
:102CE000FFF730FA00EB020804F19C00C4F84080C2
:102CF000FFF728FA10441FFA89F2A06306FB02F3DB
:102D000013EB080345EB05029F4271EB02032BD343
:102D10002E4604F1AC00FFF715FAE06365B963894C
:102D2000B34221D9E16B2046FFF72AFA81192046E8
:102D3000FFF7D6FB98B90136631993F84C30812B15
:102D400014D02035C5F30805E8E703200135042D2C
:102D50007FF479AF042807D101E0042801D10125CF
:102D60004BE701287FF678AF0D2546E705F1140003
:102D700004F14C063044FFF7E5F901280546F3D984
:102D8000E36A8342F0D96189821E236C02FB01331E
:102D90006364A16B204601EBD511FFF7A1FB00286E
:102DA000DDD105F07F0006EB8000FFF7CBF9431C77
:102DB00003D00135A842ECD0D6E70425C4E90500CC
:102DC000064A257000251388E56101339BB2138004
:102DD000E38012E734360020FDFFFF7F3836002005
:102DE000B4F85730B3F5007FBED1B4F8626026B9AD
:102DF00004F17000FFF7A6F9064694F85C302663EC
:102E0000591EA3700129AFD894F859506581002D3F
:102E1000AAD0691E2942A7D1B4F85D8018F00F0F1F
:102E2000A4F80880A0D1B4F85F0018B904F16C00D0
:102E3000FFF788F9B4F85A10002995D006FB03FE75
:102E400001EB181CF44460458ED3A0EB0C00A842A3
:102E5000B0FBF5F388D33E48834285D84FF6F57032
:102E600083426DD903259F1C114402EB0C03032DF3
:102E7000E7626263A16323644CD1B4F8763053EA0D
:102E800008037FF471AFBB0004F17800FFF75AF933
:102E9000E06303F2FF13B6EB532FFFF465AF4FF07F
:102EA000FF33032DC4E905334FF08003237187D12D
:102EB000B4F87C30012B83D1511C2046FFF710FB66
:102EC00000287FF47DAFB4F84A224AF655232071DA
:102ED0009A427FF475AF1F4B04F14C00FFF732F9B3
:102EE00098427FF46DAF03F1FF5304F50C70FFF7C8
:102EF00029F903F50053203398427FF461AF04F5BC
:102F00000D70FFF71FF9A06104F50E70FFF71AF9B5
:102F1000606155E7B8F1000F3FF426AF7144022D10
:102F20004FEA4703E1631EBFD91907F0010303EB22
:102F30005103AEE70B2560E60C255EE603255CE653
:102F400040F6F575AB428CBF022501258BE700BF2B
:102F5000F5FFFF0F525261412DE9F84F0746056812
:102F6000884649B96E69C6B1EB6AB34298BF01267B
:102F7000AB69A3B9002405E0FFF76AFB012804460A
:102F800003D801242046BDE8F88F421C00F0D2800F
:102F9000EB6A8342F6D84646EAE70126E8E72A7854
:102FA000EB6A042A40F08380A6F1020A023B4FF04C
:102FB000010B9A4528BF4FF0000AD146696C28469C
:102FC00001EB1931FFF78CFA00283BD109F0070318
:102FD000EA6AC9F3C8010BFA03F3901EDBB26A1860
:102FE0004C4609F1010992F84C20814502EA03029E
:102FF00033BF5B0000234FF40071DBB228BF99465A
:10300000B2B90234631E0333BCD8012321462846DB
:103010001A46FFF7E1FA0228B3D0012800F08A80AF
:10302000B8F1000F13D10223FB710028A9D130E0C1
:10303000CA450AD0002BD2D10131B1F5007FBDD2F3
:103040000123CCE74FF0FF34DCE70024DAE7FB791B
:10305000022B07D1731CA342E7D0BB68F31ABB61F4
:103060000323FB7108F10102FB69A24205D113B1F0
:103070000133FB61D9E70223FBE70BB90123FB61B5
:10308000224641463846FFF747FC00284FD101232E
:10309000FB61EA6AAB69023A6C6193429CBF03F13F
:1030A000FF33AB612B7943F001032B716AE746458F
:1030B00014D1741C3846A34298BF02242146FFF75E
:1030C000C7FA01283FF45DAF431C33D0E0B16B6910
:1030D000012B03D9EA6A934238BF1E4634460134B5
:1030E000EB6AA34203D8012E7FF644AF02242146A7
:1030F0003846FFF7ADFA48B101283FF442AF01303E
:1031000018D0B442EBD135E7002CE7D04FF0FF32B6
:1031100021462846FFF77CFB48B9B8F1000FB8D02C
:10312000224641462846FFF773FB0028B1D001280C
:103130007FF427AF4FF0FF3424E700002DE9F84378
:1031400006680446076B894633782037042B0CBF8A
:103150004FF080534FF40013BB429CBF00238363A6
:10316000836B73B1C7F30808B8F1000F3CD101338A
:10317000416B836339B93389B3EB571F34D80023CC
:10318000A36304200AE07389013B13EA57232BD180
:10319000FFF75EFA0128054602D80220BDE8F88351
:1031A000421C01D10120F9E7F36A834216D8B9F134
:1031B000000FE4D0616B2046FFF7CEFE0546C8B194
:1031C0000128EAD0431CEDD001463046FFF752FCFF
:1031D0000028E7D1E37943F00403E3712946304640
:1031E0006563FEF7CDFFA0634C360020276346449D
:1031F000E663D3E70720D1E7F8B50E460021044681
:103200000768FFF7BDFA98B90546A16B3846FFF786
:1032100067F968B93A78E36B042A1B780CD11B066E
:103220000ED5054601212046FFF788FF0028ECD087
:10323000042808BF072006E0E52B01D0002BF0D1C1
:103240000135B542EED1F8BDC16C4B1C2DE9F04102
:1032500004460568066B1FD1E5274FF00108A16BF6
:103260002846FFF73DF998B92A78E36B042A09BF8D
:103270001A781F7002F07F021A7085F80380236BA2
:10328000B3420DD200212046FFF758FF0028E6D0B8
:10329000042808BF022003E0FFF772FA0028DBD001
:1032A000BDE8F0812DE9F04105460068A96B06698B
:1032B000FFF716F9044620B9EB6B1A78852A03D07C
:1032C00002242046BDE8F081324603F1200153F884
:1032D000040B8B4242F8040BF9D1777801377F0158
:1032E000A7F16003B3F5007FEAD800212846FFF775
:1032F00025FF04280446E3D00028E2D1A96B286802
:10330000FFF7EEF804460028DBD1EB6B1A78C02AF1
:10331000D6D106F1200203F1200153F8040B8B42B1
:1033200042F8040BF9D196F823300F222C33B3FB6B
:10333000F2F3B7EB431FC3D34FF0400800212846F8
:10334000FFF7FCFE04280446BAD00028B9D1A96BC7
:103350002868FFF7C5F804460028B2D1EB6B1A784D
:10336000C12AADD1B8F5187F09D206EB080203F1E6
:10337000200153F8040B8B4242F8040BF9D108F1F9
:1033800020084745DAD8B8F5187F9AD83046FEF7B6
:103390001FFF7388834294D092E700000B680022DD
:1033A00010B5036004460B6A83604B6AC261C37147
:1033B00023F0FF03896AC0E90432C164FFF7E0F932
:1033C00020B92046BDE81040FFF76CBF10BD0000DB
:1033D000F8B50368054601271C692046FEF7F8FE8C
:1033E000A070000A6678E0702846E96CFFF7C8F91B
:1033F00020B1022828BF0220C0B2F8BDA96B2868FE
:10340000FFF76EF80028F4D1EB6B04F1200254F8BA
:10341000041B944243F8041BF9D12B68DF70002E83
:10342000E7D000212846013EFFF788FEE0E70000D4
:103430002DE9F8434FF0FF08064607680424454687
:103440004FF6FF79B16B11B9002C73D063E03846A9
:10345000FFF746F8044600285DD1F06B0378002B97
:103460006ED03A78042A11D1852B4DD1336B30467A
:10347000F364FFF717FF044600284CD13B691B7922
:1034800003F03F03B3712046BDE8F883C27AE52B11
:1034900002F03F02B27143D02E2B41D022F0200126
:1034A00008293DD00F2A40D1590637D503F0BF0572
:1034B000336B90F80D80F364437B434530D1428BEE
:1034C00072BB03780D21FC6823F04003DFF874E041
:1034D000013B4B4301211EF801CB30F80CC009B36E
:1034E000FF2B1DD824F813C06146013301320D2A89
:1034F000F1D10278520605D521B1FF2B10D8002258
:1035000024F81320013DEDB200213046FFF716FEEE
:103510000446002896D00023B363B4E7AB42CBD077
:10352000FF25F1E7CC45E1D0FAE72DB9FEF740FEE3
:10353000404501D10024A6E74FF0FF33F364A2E732
:103540000424E8E75C9300082DE9F04F002187B0E0
:103550000446D0F80090FFF713F9804670B999F847
:103560000030042B33D1D9F80C00FEF779FF074661
:103570002046FFF75DFF054620B18046404607B074
:10358000BDE8F08FD9F810309A8CBA42F0D193F898
:1035900023B040265D4506D1D9F80C3033F81530FC
:1035A000002BE5D1EAE7F106D9F8103008BF023662
:1035B000985B01F04DF8D9F80C30824633F81500CD
:1035C00001F046F88245D3D102360135E2E74FF0EB
:1035D000FF0A4FF0FF3B5546C4F84CB0A16B48467C
:1035E000FEF77EFF00285CD1E66B3778002F77D09E
:1035F000F27AE52F02F03F03A37103D0120704D53E
:103600000F2B04D0C4F84CB04FE00F2B54D194F8DA
:103610004B3058063FD4790645D5236B07F0BF07DA
:1036200096F80DA0E364737B53453ED1738B002B5A
:103630003BD135780121D9F80C3005F03F050193D5
:103640000D23013D5D43284B13F8012BB25A71B392
:10365000FF2D059329D81046049200F0F9FF6B1C4A
:1036600003900293019B33F8150000F0F1FF0399DA
:1036700081421AD1049A029D1146059B1B4A93422E
:10368000E2D133785A0604D519B1019B33F81530CD
:103690005BB97D1EEDB200212046FFF74FFD0028EB
:1036A0009CD080466AE7BD42BDD0FF25F3E74FF6C8
:1036B000FF708242E2D0F8E72DB93046FEF778FD80
:1036C00050453FF45BAF94F84B30DB079AD40B22A4
:1036D00004F14001304605F007FD002892D14DE786
:1036E0004FF004084AE700BF5C93000869930008A4
:1036F0002DE9F04F90F84BB099B004461BF0A005AF
:1037000040F068810668F26832F81530002B4AD123
:103710003378042B40F087800F230E352046B5FB0D
:10372000F3F5A91CFFF768FD8146002877D1236BCC
:103730000135A3EB4515E3795A07E56435D523F048
:1037400004032046E371FFF77DF950BB4FF0FF32D1
:10375000616B2046FFF7E0F818BBA3682BB3214646
:1037600004A8FFF71BFEE0B970894FF40071D4E99B
:103770000423E0FB01233069C4E904233830FEF759
:10378000EFFC3069D4E904232830FEF7E9FCE37943
:10379000326904A843F0010382F82130FFF718FED4
:1037A00018B181463BE00135AEE7D6E9035440222B
:1037B00000212046FEF7AAFA85230121402223702A
:1037C000C0234FF0C10C04EB010884F82030002323
:1037D0001E469E46571C04F802C0F0B2023204F89E
:1037E00007E021B135F8131009B10133DBB20F0A3C
:1037F000A15408F802700232D706F2D135F81370DE
:103800000136002FE6D184F82330831C28466370EC
:10381000FEF726FE84F82400000A84F825004846B6
:1038200019B0BDE8F08F04F140070DF1100A1BF04C
:10383000010F97E807008AE8070000F0D3804023D3
:103840004FF0010884F84B30BC46F368B8F1050F1F
:103850009AE80700ACE803002CF8022B4FEA12426A
:103860008CF8002059D9981E424630F8021F0029D2
:1038700042D10DF10F0C072102F00F0E91461209F3
:103880000EF13000392888BF0EF1370001390CF8ED
:10389000010902D0B9F10F0FEED818AB7E205A18EB
:1038A00002F8580C38460022914206D010F801CB9D
:1038B00002F1010EBCF1200F31D104F13F0C0729B8
:1038C00002F1010297BF18AB20205818013198BFB0
:1038D00010F8580C072A0CF80200F0D92046FFF720
:1038E00033FE8146002878D108F10108B8F1640F51
:1038F000AAD14FF0070992E74FF0100C01F0010E2A
:1039000049080EEB4202D30344BF82F4883282F0AE
:103910002102BCF1010CF1D1A7E74246A9E77246AA
:10392000C2E7216B2046A1EB4511FEF729FF814636
:1039300000287FF474AF4FF6FF783846FEF738FC66
:103940000190A16B3046FEF7CBFD814600287FF445
:1039500066AFE36BE9B2019A4FF00D0CD6F80CE0BC
:103960005A734FF00F02DFF8E0A0DA724A1E1873A4
:103970000CFB02F284469876D87640451AF8019BF3
:103980000CF1010C18BF3EF8120003EB090B18BF35
:10399000013203F809004FEA1029002808BF404609
:1039A000BCF10D0F8BF80190E7D1404502D03EF8F5
:1039B00012200AB941F0400119700123002120466C
:1039C000F370FFF7BBFB814600287FF428AF013D71
:1039D000B7D11BE04FF0060921E704287FF41FAFA1
:1039E00084F84BB01BF0020F20461BBF0C350D2195
:1039F0000125B5FBF1F518BF01352946FFF7FCFBA2
:103A0000814600287FF40BAF013D8AD1A16B30467F
:103A1000FEF766FD814600287FF401AF01462022B3
:103A2000E06BFEF773F9E36B03CF18605960BA7867
:103A300039889A72198194F84B30E26B03F01803BD
:103A400013730123F370EAE65C93000810B5044693
:103A50000A463430FEF776FB886004F13800FEF742
:103A600073FBC2E9040194F8213003F00203D3711F
:103A70000023D36110BD000003284B8B04BF8A8A4A
:103A800043EA0243184670472DE9F04F0B7899B08E
:103A9000044689462F2BD0F800B001D05C2B09D109
:103AA0004A461378914601322F2BFAD05C2BF8D07E
:103AB000002301E0DBF81C30A3600023E3619BF8E6
:103AC0000030042B1ED1A368E3B1DBF8203021467F
:103AD00004A82362DBF824306362DBF82830A36299
:103AE000FFF75CFC0346002854D1DBF8102002F1FC
:103AF0003800FEF727FBC4E9040392F8213003F0F5
:103B00000203E37199F800301F2B00F23581802306
:103B10000021204684F84B3019B0BDE8F04FFEF785
:103B20002FBE49460B78894601312F2BFAD05C2BEA
:103B3000F8D01F2B8CBF00250425012F2FD113880F
:103B40002E2B31D1002322F8173004F140029F427E
:103B50008CBF2E21202101330B2B02F8011BF6D143
:103B600045F02005204684F84B50FFF7EDFC94F813
:103B70004B30002800F0E78004280BD1990603F0B1
:103B8000040240F1DC80002A00F0F680802300204F
:103B900084F84B3019B0BDE8F08F0425CDE7022F33
:103BA00002D153882E2BCAD0911E87BB002322F846
:103BB0001730002F00F0118132F81300194601333D
:103BC0002028F9D009B92E2801D145F00305901E0F
:103BD00030F817302E2B01D0013FF9D14FF02033B0
:103BE0004FF0000A6364D0462364C4F847300823CA
:103BF000481C32F811600090F6B1202E03D02E2E12
:103C00000DD1B84210D045F003050099F0E731F826
:103C10001730202B01D02E2BC8D1013FC5E79A4584
:103C200005D20099B9423BD10B2B30D101E00B2BCF
:103C300027D145F003050B2394F84020E52A04BF63
:103C4000052284F84020082B04BF4FEA88085FFA59
:103C500088F808F00C030C2B03D008F00303032BA7
:103C600001D145F00205A8073FF57CAF18F0010F20
:103C700018BF45F0100518F0040F18BF45F00805EF
:103C800070E70099B94202D045F00305D4D84FEA55
:103C900088080B234FF0080A00975FFA88F8B4E70A
:103CA0007F2E15D9304640F25231CDE9022345F03E
:103CB0000203019300F098FC10F0800F0646DDE946
:103CC000022316D000F07F0646498E5D019D46B363
:103CD00031464548CDE9012305F030FADDE90123FD
:103CE000F8B9A6F1410189B219291ED848F0020895
:103CF00010E0FF28EAD9591E8A4503D345F0030591
:103D00009A4682E704EB0A01000A0AF1010A019DC2
:103D100081F8400004EB0A010AF1010A81F84060D1
:103D200073E745F003055F26F4E7A6F1610189B268
:103D300019299EBF203E48F00108B6B2EAE7002AE2
:103D400008BF052026E75A073FF524AFA379DB0615
:103D500045D59BF80000042835D1A3682146E279B7
:103D600023622369DBF8100023F0FF03134363622F
:103D7000E36CA362FFF76AFE23680027DA6819F88C
:103D8000010B00283FF409AF40F25231009200F0DD
:103D90004BFC054608B31F28009A7FF6FEAE2F287D
:103DA0003FF4BFAE5C283FF4BCAE7F2805D8014687
:103DB0000E4805F0C3F9009A78B9FF2F0DD022F80C
:103DC00017500137DBE7216B0BF14C03C1F30801FE
:103DD0001944FFF751FEA060CEE70620DAE6052081
:103DE000D8E600BFDC920008D5920008CC9200080B
:103DF0001FB5CDE9001003A814460391FEF700FAA1
:103E0000002815DB0B4A52F820300BB10021197045
:103E1000019B0BB10021197042F820302CB1002217
:103E200001A96846FEF7C8FE0446204604B010BD4E
:103E30000B24FAE7343600202DE9F04798B090467D
:103E400005460191002800F0528102F03F0603A9C7
:103E500001A83246FEF7B0FE002840F04681039BE1
:103E60004FF48C60049303F093FA0746002800F0A7
:103E70004081039B00F500720199D86004A81A6183
:103E8000FFF702FE044620B99DF95B30002BB8BF56
:103E9000062418F01C0F00F0CD80002C4CD0042C10
:103EA00040D104A8FFF724FC044600283AD146F08C
:103EB0000806039B1A78042A40F083801869294673
:103EC0002B60FFF7C3FD039B1E22002118690230FF
:103ED000FDF71CFF039C00211A2220692630FDF704
:103EE00015FF236920221A71246903F08BFA014619
:103EF000012208342046FEF72BF9039B04A81B6916
:103F000083F82120FFF764FA044658B9A96801B381
:103F100002462846FEF718FDAB68039A0446013BAB
:103F20005361B4B1384603F043FA0CB100232B605F
:103F3000204618B0BDE8F0879DF8163013F0110F39
:103F400040F0848018F0040F40F0C98018F0080F8A
:103F5000AFD1039A31071399936C48BF46F04006DE
:103F6000E964AB641078042872D1069B9DF81710A1
:103F70002B62089B106923F0FF030B4329466B62F9
:103F8000179BAB62FFF762FDDDF80CA00024002256
:103F900005F15008BAF8063021464046C5F800A0A1
:103FA000AB80002385F8306085F831406C64C5E94A
:103FB0000E234FF40072FDF7A9FEB20653D400247D
:103FC000B0E703F01FFA0146009013980E30FEF799
:103FD000BFF8139800991630FEF7BAF8039C1399AE
:103FE0002078FFF749FD202300228046CB7220462F
:103FF0001399FEF7D1F8139B002201211A775A7703
:104000009A77DA77039BD970B8F1000FA1D04146B7
:1040100004A8D3F84890FEF797FC0446002881D105
:1040200049460398FEF75CFA039B044608F1FF300B
:10403000586176E7002C7FF475AF9DF81630DC06EA
:104040004FD418F0020F84D0D80782D5072469E72F
:10405000FFF712FD0023A86001F11C00FEF772F8C3
:104060006B61286190E7D5E9046956EA0903A6D097
:10407000BAF80AA0A9684FEA4A2AC5E90E69B2450A
:1040800074EB09031BD300242964002C7FF44AAF8E
:10409000C6F30803002B92D0039C2046FEF770F86D
:1040A00008B3760A0123414646EAC95682196A6472
:1040B000607802F0D9FC041E18BF012432E72846BC
:1040C000FEF7C6FAB6EB0A06014669F100090128B7
:1040D00003D9431CD3D10124D6E70224D4E7082412
:1040E00020E704241EE702241CE704461EE70924F7
:1040F0001EE711241CE700002DE9F04F994685B01A
:104100000023884603A90446C9F800301646FEF786
:1041100091F8054680BB94F831506DBB94F830306F
:1041200013F00103009300F0A68004F1500AD4E9D3
:104130000432D4E90E011B1A62EB0102B34272F1A0
:10414000000238BF1E46BEB1D4E90E10C1F3080309
:10415000002B40F08280039B5A894B0A013A43EAC4
:10416000C0531A401BD151EA000309D1A0680128AD
:104170000DD8022584F83150284605B0BDE8F08FEF
:10418000216C20460192FEF763FA019AEFE7431C87
:1041900004D10123009D84F83130EDE72064DDF87F
:1041A0000CB0216C5846FDF7EBFF0028E1D0B6F5C6
:1041B000007F02EB000731D3BBF80A1002EB562058
:1041C000730A88429BF8010088BF8B1A3A46414621
:1041D000019302F049FC0028DBD194F93020019BC7
:1041E000002A0BDA606CC01B984207D24FF40072B1
:1041F000514608EB4020FDF763FD019B5F02D9F8B3
:104200000030F61BB8443B44C9F80030D4E90E3204
:10421000DB1942F10002C4E90E3294E7626CBA4243
:104220001AD094F93030002B0DDA012351469BF857
:10423000010002F03DFC0028ABD194F8303003F0CF
:104240007F0384F83030039801233A465146407882
:1042500002F00AFC00289CD16764A16B4046C1F3C0
:104260000801C1F500775144B74228BF37463A46A6
:10427000FDF726FDC3E707257EE7000070B596B081
:104280000E460022019002A901A8FEF795FC044603
:10429000E0B94FF48C6003F07BF80546D8B1029B7F
:1042A00000F500720199D86002A81A61FFF7ECFBD3
:1042B000044640B99DF95330002B0ADB1EB131464C
:1042C00002A8FDF7EDFF284603F072F8204616B06D
:1042D00070BD0624F7E71124F8E7000070B5B8B008
:1042E0000222019003A901A8FEF766FC044608BB60
:1042F000039B4FF48C60109303F04AF805460028A6
:1043000066D0039B00F500720199D86010A81A616D
:10431000FFF7BAFB044650B99DF88B30980655D488
:10432000190653D49DF84630DA0706D507242846E7
:1043300003F03EF8204638B070BD039B0493187814
:10434000042814D104A91869FFF780FB069E9DF884
:104350004630DB0610D410A8FEF776FF044600288E
:10436000E5D156BB0398FEF7DBFB0446DFE71F9958
:10437000FFF782FB0646EAE7039BDA69B242D5D033
:1043800024930021269624A81B78042B01BFDDE985
:104390000823CDE928239DF817308DF89730FEF7D4
:1043A000EFF904460028C2D124A8FFF741F80446DB
:1043B0000028BBD00428BAD1CDE70246314604A874
:1043C000FEF7C2FA04460028B1D1CBE70624AEE7D7
:1043D0001124AFE7F0B5BDB0CDE900106846FDF798
:1043E0000FFF022203A901A8FEF7E6FB04460028FE
:1043F00041D1039B4FF48C60149302F0C9FF054632
:10440000002800F0EE80039B00F5007214AE0199C5
:10441000D8601A613046FFF737FB044640BB9DF871
:104420009B3013F0A00F40F0D880039B009F1A78B8
:10443000042A68D11B6904AC03F1400C18680833E6
:1044400053F8041C2246634503C21446F6D1502299
:10445000314628A8FDF734FC394628A8FFF714FB9D
:10446000044600284CD12A9A169B9A4206D008246A
:10447000284602F09DFF20463DB0F0BD349A209BB7
:104480009A42F4D128A8FFF733F904460028EFD167
:10449000039B04AF1B6993F801E093F823C09C8C45
:1044A0003A46083303CAB24243F8080C43F8041CE6
:1044B0001746F5D1039B28A81B6983F801E0039BED
:1044C0001A6982F823C01A6982F82440240A82F803
:1044D00025401A691379D9065CBF43F02003137194
:1044E000FEF776FF04460028C2D13046FEF7ACFE48
:1044F00004460028BCD10398FEF712FB0446B7E738
:104500000428B5D1BEE7239A04AB02F1200C106851
:10451000083252F8041C1C46624503C42346F6D1F7
:104520005022314628A8FDF7CBFB394628A8FFF7D3
:10453000ABFA044600284CD12A9A169B9A4296D18F
:10454000349A209B9A4292D128A8FFF7D1F80446CA
:1045500000288DD137990DF11D030DF12D0001F1CA
:104560000D0253F8044B834242F8044BF9D11888EA
:10457000012710809B7893709DF81B30039CDA060E
:1045800058BF43F02003CB72E770CB7ADB06ACD583
:10459000169A2A9B9A42A8D02078FFF76DFA014616
:1045A0002046FDF7EDFD0146C8B12046FDF798FF16
:1045B000044600287FF45CAF039890F86D302E2BF2
:1045C00093D12A9A00F16C01FDF7E6FD039BDF70A1
:1045D0008BE704287FF44CAFB6E7062448E70224B3
:1045E00046E7112447E700007F2810B501D880B2C4
:1045F00010BDB0F5803F13D240F2523399420FD133
:104600000849002231F8024B93B2844203D103F1EE
:104610008000C0B2ECE70132802AF3D11346F6E7FE
:104620000020E5E71C9600087F280DD940F25233A0
:10463000994208D1FF2806D800F10040034B80388A
:1046400033F8100070470020704700BF1C96000828
:10465000B0F5803FF0B522D21F4A83B21F49B0F5B2
:10466000805F28BF0A46141D34F8042C2146AAB1E5
:10467000934213D334F8025C2E0AEFB252FA85F556
:10468000A84222DA082E09D8DFE806F0050A10123F
:104690001416181A1C00801A34F810301846F0BD91
:1046A000981A00F001001B1A9BB2F7E7103BFBE7DA
:1046B000203BF9E7303BF7E71A3BF5E70833F3E730
:1046C000503BF1E7A3F5E353EEE70434002ECBD1E2
:1046D00001EB4702C7E700BF6C9300086095000834
:1046E00008B5074B074A196801F03D019960536806
:1046F0000BB190689847BDE8084003F087B800BF49
:10470000000002403C36002008B5084B19688909B2
:1047100001F03D018A019A60054AD3680BB1106926
:104720009847BDE8084003F071B800BF00000240A0
:104730003C36002008B5084B1968090C01F03D0112
:104740000A049A60054A53690BB190699847BDE81D
:10475000084003F05BB800BF000002403C36002078
:1047600008B5084B1968890D01F03D018A059A606A
:10477000054AD3690BB1106A9847BDE8084003F0B9
:1047800045B800BF000002403C36002008B5074B8A
:10479000074A596801F03D01D960536A0BB1906A2C
:1047A0009847BDE8084003F031B800BF0000024060
:1047B0003C36002008B5084B5968890901F03D01D5
:1047C0008A01DA60054AD36A0BB1106B9847BDE8DD
:1047D000084003F01BB800BF000002403C36002038
:1047E00008B5084B5968090C01F03D010A04DA606C
:1047F000054A536B0BB1906B9847BDE8084003F036
:1048000005B800BF000002403C36002008B5084B48
:104810005968890D01F03D018A05DA60054AD36BBC
:104820000BB1106C9847BDE8084002F0EFBF00BF25
:10483000000002403C36002008B5074B074A1968C3
:1048400001F03D019960536C0BB1906C9847BDE845
:10485000084002F0DBBF00BF000402403C360020ED
:1048600008B5084B1968890901F03D018A019A6071
:10487000054AD36C0BB1106D9847BDE8084002F0B3
:10488000C5BF00BF000402403C36002008B5084BFD
:104890001968090C01F03D010A049A60054A536D3C
:1048A0000BB1906D9847BDE8084002F0AFBF00BF64
:1048B000000402403C36002008B5084B1968890DF9
:1048C00001F03D018A059A60054AD36D0BB1106E67
:1048D0009847BDE8084002F099BF00BF00040240BD
:1048E0003C36002008B5074B074A596801F03D01E6
:1048F000D960536E0BB1906E9847BDE8084002F046
:1049000085BF00BF000402403C36002008B5084BBC
:104910005968890901F03D018A01DA60054AD36EC0
:104920000BB1106F9847BDE8084002F06FBF00BFA1
:10493000000402403C36002008B5084B5968090CB9
:1049400001F03D010A04DA60054A536F0BB1906F24
:104950009847BDE8084002F059BF00BF000402407C
:104960003C36002008B5084B5968890D01F03D011F
:104970008A05DA60054AD36F13B1D2F880009847F0
:10498000BDE8084002F042BF000402403C3600206F
:1049900000230C4910B51A460B4C0B6054F8230049
:1049A000026001EB430004334260402BF6D1074A1A
:1049B0004FF0FF339360D360C2F80834C2F80C3470
:1049C00010BD00BF3C3600201C97000800000240CC
:1049D0000F28F8B510D9102810D0112811D012289E
:1049E00008D10F240720DFF8C8E00126DEF80050C8
:1049F000A04208D9002653E00446F4E70F24002023
:104A0000F1E70724FBE706FA00F73D424AD1264CBE
:104A10004FEA001C3D4304EB00160EEBC000CEF83D
:104A20000050C0E90123FBB273B12048D0F8D83060
:104A300043F00103C0F8D830D0F8003143F001034F
:104A4000C0F80031D0F8003117F47F4F0ED017486E
:104A5000D0F8D83043F00203C0F8D830D0F8003195
:104A600043F00203C0F80031D0F8003154F80C00D4
:104A7000036823F01F030360056815F00105FBD1EF
:104A800004EB0C033D2493F80CC05F6804FA0CF4AB
:104A90003C6021240560446112B1987B00F068FC01
:104AA0003046F8BD0130A3E71C97000800440258C7
:104AB0003C36002010B5302484F31188FFF788FFBE
:104AC000002383F3118810BD10B50446807B00F0ED
:104AD00065FC01231549627B03FA02F20B6823EAA5
:104AE0000203DAB20B6072B9114AD2F8D81021F081
:104AF0000101C2F8D810D2F8001121F00101C2F86A
:104B00000011D2F8002113F47F4F0ED1084BD3F8D7
:104B1000D82022F00202C3F8D820D3F8002122F0D6
:104B20000202C3F80021D3F8003110BD3C3600204A
:104B30000044025808B5302383F31188FFF7C4FFFF
:104B4000002383F3118808BD836CC26A8B425068CE
:104B500010B506D95A1E4C0002EB4103B3FBF4F327
:104B6000184410BD01F001038A0748BF43F0020357
:104B70004A0748BF43F008030A0748BF43F004034D
:104B8000CA0648BF43F010038A06426B48BF43F091
:104B9000200313434363704710B5074C204600F0D1
:104BA0009FFF064B0022C4E91023054BA364054B6D
:104BB000E363054BE36410BDC03600200070005273
:104BC00000B4C4041437002014390020C36A0BB9A0
:104BD000104BC3620379012B11D10F4B98420ED1B8
:104BE0000E4BD3F8D42042F48032C3F8D420D3F84B
:104BF000FC2042F48032C3F8FC20D3F8FC30436C34
:104C000000221A65DA621A605A605A624FF0FF3267
:104C10009A6370471C980008C03600200044025870
:104C20000379012B24D0436C00221A65DA621A60E2
:104C30005A605A624FF0FF329A630E4B984217D176
:104C40000D4BDA6F42F48032DA67DA6F22F4803289
:104C5000DA67DA6FD3F8D42022F48032C3F8D42094
:104C6000D3F8FC2022F48032C3F8FC20D3F8FC30C7
:104C7000704700BFC03600200044025810B5446C95
:104C80000649FFF761FF6060236842F2107043F04D
:104C900003032360BDE8104001F048BD801A060000
:104CA0000129F8B5466C0B4F09D175680A493D409A
:104CB000FFF74AFF054345F480557560F8BD7468F9
:104CC00006493C40FFF740FF044344F480547460BD
:104CD000F4E700BF00ECFFFF80F0FA0240787D01AE
:104CE000436C00225A601A6070470000426C012930
:104CF000536823F4404304D0022905D001B953601E
:104D0000704743F48043FAE743F40043F7E70000B9
:104D1000436C41F480519A60D9605A6B1206FCD5FD
:104D200080229A637047000010B541F48851446CAA
:104D3000A260E160616B11F04502FBD0A26311F04B
:104D4000040203D0FFF70EFF012010BD6169104679
:104D50001960FAE710B541F48851446CA260E16033
:104D6000616B11F04502FBD0A26311F0050203D084
:104D7000FFF7F8FE012010BD616910461960FAE7DF
:104D800073B5134604460E46302282F31188426CF6
:104D9000D26B32B14FF0FF314030019301F0D2FCC1
:104DA000019B606C00220265C263C262456B15F410
:104DB000807504D185F31188012002B070BD4FF0D9
:104DC000FF31816382F31188012E06D90C21204620
:104DD00002B0BDE87040FFF7BDBF1046EDE7000030
:104DE00073B5446C0E4600250192616BA163256585
:104DF000E562FFF7B7FE012E07D9019B2A460C2179
:104E000002B0BDE87040FFF7A5BF02B070BD000062
:104E100010B541F49851446CA260E160616B11F0EF
:104E20004502FBD0A26311F03F0203D0FFF79AFEC8
:104E3000012010BD216A10461960E1695960A1691D
:104E400099606169D960F4E72DE9F743044601915F
:104E5000006D01A91746984602F0F2FB06460028AD
:104E60004AD0626C2046DDF804905568C5F3090508
:104E700001356B00A56CB5FBF3F54FF47A73B5FB08
:104E8000F3F55D43556200F0ADFC50BB636C4FF031
:104E9000FF3201254146C3F8589020461D659A63AC
:104EA0004FF49572DA6342F207029F62DA62E36CB2
:104EB0000A9AFFF74FFFA0B9E26C104B11680B4044
:104EC0007BB929462046FFF75BFF054648B92E46C9
:104ED0003A460199206D02F0EBFB304603B0BDE885
:104EE000F083E26C20460121FFF77AFF3A460199F0
:104EF000206D02F0DDFBF0E70126EEE708E0FFFDA4
:104F00002DE9F7431F46436C01924FF47A725D68B6
:104F100004468846C5F3090501356E00856CB5FB6E
:104F2000F6F5B5FBF2F555435D6200F05BFC20B190
:104F30000125284603B0BDE8F0837E0201A9206D5B
:104F4000324602F07DFB05460028F1D0636C019AE1
:104F5000D4F84C909A6501221A654FF0FF329A639B
:104F60004FF49572DA639E62236BDB064B4658BFA3
:104F70004FEA4828012F42461BD912212046FFF74D
:104F8000E9FEC0B9D9F80020104B13409BB9636CFF
:104F900042F2930239462046DA62E26CFFF7F0FEF5
:104FA000804640B932460199206D454602F080FBAB
:104FB000BFE71121E2E7E26C39462046FFF710FF18
:104FC00032460199206D02F073FBB2E708E0FFFD65
:104FD0002DE9F3411F46436C01924FF47A725D68EC
:104FE00004468846C5F3090501356E00856CB5FB9E
:104FF000F6F5B5FBF2F555435D6200F0F3FB20B129
:105000000125284602B0BDE8F0817E0201A9206D8D
:10501000324602F065FB05460028F1D0636C019A28
:105020009A6501221A654FF0FF329A634FF48D7230
:10503000DA639E62236BE66CDB06334658BF4FEAA9
:105040004828012F424619D919212046FFF782FE30
:10505000B0B932680F4B134093B9636C42F29102BE
:1050600039462046DA62E26CFFF78AFE064638B916
:1050700001993546206D02F06FFBC2E71821E4E785
:1050800039462046E26CFFF7ABFE0199206D02F035
:1050900063FBB6E708E0FFFD12F0030F2DE9F041D6
:1050A00007460C4615461E4617D00E44B44202D1A0
:1050B0000020BDE8F0810123FA6B21463846FFF756
:1050C0001FFF0028F5D128464FF40072F96B05F553
:1050D00000750134FCF7F4FDE8E7BDE8F041FFF7A7
:1050E0000FBF000012F0030F2DE9F04107460C46F8
:1050F00015461E4617D00E44B44202D10020BDE82A
:10510000F08129464FF40072F86B05F50075FCF745
:10511000D7FD0123FA6B21463846FFF759FF0028D7
:10512000EDD10134E8E7BDE8F041FFF751BF0000E1
:1051300000207047302310B583F311880024436C9E
:1051400040302146DC6301F00BFB84F3118810BD75
:10515000026843681143016003B1184770470000BB
:10516000024A136843F0C003136070470014014003
:1051700013B50E4C204600F013FD04F1140000237B
:105180004FF400720A49009400F078F9094B4FF48B
:105190000072094904F13800009400F0F1F9074A5F
:1051A000074BC4E9172302B010BD00BF1839002017
:1051B0008439002061510008843B00200014014024
:1051C00000E1F505037C30B5244C002918BF0C46DE
:1051D000012B11D1224B98420ED1224BD3F8F02053
:1051E00042F02002C3F8F020D3F8182142F0200248
:1051F000C3F81821D3F818312268036EC16D03EB90
:1052000052038466B3FBF2F36268150442BF23F0D5
:10521000070503F0070343EA4503CB60A36843F0A7
:1052200040034B60E36843F001038B6042F49673E4
:1052300043F001030B604FF0FF330B62510505D5BE
:1052400012F0102205D0B2F1805F04D080F86430F3
:1052500030BD7F23FAE73F23F8E700BF249800081A
:1052600018390020004402582DE9F047C66D054664
:10527000F469220734621AD014F0080118BF4FF401
:105280008071E3074FF0300348BF41F02001A707CA
:1052900048BF41F04001600748BF41F0800183F3FF
:1052A0001188281DFFF754FF002383F31188E205BE
:1052B0000AD5302383F311884FF48061281DFFF74E
:1052C00047FF002383F3118830274FF0000914F0C3
:1052D000200838D137683B0615D54FF0300905F165
:1052E000380A20060FD589F31188504600F07CF962
:1052F000002835DA0821281DFFF72AFF27F080074C
:10530000002383F31188790613D5620611D5302363
:1053100083F31188D5E913239A4207D12B6C2BB163
:1053200027F040071021281DFFF712FF002383F309
:105330001188E306376018D5AA6E1369ABB15069BE
:10534000BDE8F047184787F31188736A284695F837
:105350006410194000F03EFC89F31188F469B6E747
:10536000B06288F31188F469BBE7BDE8F0870000FC
:10537000090100F16043012203F56143C9B283F8DA
:10538000001300F01F039A4043099B0003F16043A0
:1053900003F56143C3F880211A60704700F01F03D2
:1053A00001229A40430900F160409B0000F56140F2
:1053B00003F1604303F56143C3F88020C3F8802103
:1053C000002380F800337047F8B51546826804461C
:1053D0000B46AA4200D28568A1692669761AB542B1
:1053E0000BD218462A46FCF76BFCA3692B44A36139
:1053F0002846A3685B1BA360F8BD0CD9AF1B1846F9
:105400003246FCF75DFC3A46E1683044FCF758FC54
:10541000E3683B44EBE718462A46FCF751FCE36897
:10542000E5E7000083689342F7B50446154600D2CD
:105430008568D4E90460361AB5420BD22A46FCF7D7
:105440003FFC63692B4463612846A3685B1BA36030
:1054500003B0F0BD0DD93246AF1B0191FCF730FC13
:1054600001993A46E0683144FCF72AFCE3683B4482
:10547000E9E72A46FCF724FCE368E4E710B50A44B0
:105480000024C361029B8460C16002610362C0E9C1
:105490000000C0E9051110BD08B5D0E905329342FE
:1054A00001D1826882B98268013282605A1C4261ED
:1054B00019700021D0E904329A4224BFC3684361C5
:1054C00001F068F9002008BD4FF0FF30FBE7000055
:1054D00070B5302304460E4683F31188A568A5B144
:1054E000A368A269013BA360531CA36115782269DC
:1054F000934224BFE368A361E3690BB12046984758
:10550000002383F31188284607E03146204601F046
:1055100031F90028E2DA85F3118870BD2DE9F74FE3
:1055200004460E4617469846D0F81C904FF0300AB5
:105530008AF311884FF0000B154665B12A463146B3
:105540002046FFF741FF034660B94146204601F07F
:1055500011F90028F1D0002383F31188781B03B0E0
:10556000BDE8F08FB9F1000F03D001902046C84785
:10557000019B8BF31188ED1A1E448AF31188DCE736
:10558000C160C361009B82600362C0E905111144E0
:10559000C0E9000001617047F8B504460D461646A3
:1055A000302383F31188A768A7B1A368013BA360E8
:1055B00063695A1C62611D70D4E904329A4224BFA7
:1055C000E3686361E3690BB120469847002080F3EC
:1055D000118807E03146204601F0CCF80028E2DAD5
:1055E00087F31188F8BD0000D0E9052310B59A4271
:1055F00001D182687AB982680021013282605A1C26
:1056000082611C7803699A4224BFC368836101F0F8
:10561000C1F8204610BD4FF0FF30FBE72DE9F74FF2
:1056200004460E4617469846D0F81C904FF0300AB4
:105630008AF311884FF0000B154665B12A463146B2
:105640002046FFF7EFFE034660B94146204601F0D1
:1056500091F80028F1D0002383F31188781B03B060
:10566000BDE8F08FB9F1000F03D001902046C84784
:10567000019B8BF31188ED1A1E448AF31188DCE735
:105680000379052B05BF836A002001204B6004BF0E
:105690004FF400730B60704773B504460D460F4E10
:1056A000A26B01AB0D2120468DB1FFF753FB90B9E2
:1056B000019B33420ED1C3F34323042B0BD0053B94
:1056C000022B07D84FF47A7001F030F8E8E7FFF7C3
:1056D0002BFBECE7012002B070BD00BF08E0FFFD2E
:1056E000F8B5856A0446A94202D26D1AAB4205D9C3
:1056F000636B012043F080036363F8BD06250571E9
:10570000FFF7CAFC05232371F7E70000F8B5856AA7
:105710000446A94202D26D1AAB4205D9636B01203F
:1057200043F080036363F8BD07250571FFF7DAFCDA
:1057300005232371F7E7000038B505790446052DE8
:1057400005D108230371FFF7F3FC257138BD012053
:10575000FCE70000036B03F00F03022BF0B50546D6
:1057600085B00C464FF000070CD10F7003AB1A4AFE
:105770000621FFF7EFFA78B9184B039A13405BB98B
:10578000012308E0C66B7E220F7018307F2103F0E2
:10579000F3F920B900232370002005B0F0BD0623E3
:1057A0004022314628460097FFF74EFB0028F1D1F2
:1057B000B3895BBA9B07EFD5094B40223146284697
:1057C00000930623FFF740FB0028E3D1337C03F06E
:1057D0000F030F2BDED0D3E70001B90308E0FFFD74
:1057E000F1FFFF800121FFF757BF000070B53023A4
:1057F000054683F3118803790024022B03D184F337
:105800001188204670BD0423037184F31188022699
:10581000FFF7E8FF04462846FFF762FA2E71F0E72B
:105820000021FFF739BF00000323F0B5044687B01D
:10583000002503718DF80F50FFF720FA2A462946FC
:105840002046FFF765FA4FF4D57205AB08212046D4
:10585000FFF780FA0246B8B901232363059BC3F31F
:105860000323012B09D105AB37212046FFF772FA3C
:1058700018B9934B059A1340ABB120460125FFF7A9
:105880002FFA0223237114E105AB2A463721204663
:10589000FFF760FA28B98A4A059B1A40002A00F0EF
:1058A000AC8002232363236B03F00F03022B40F031
:1058B000AE806425834E42F2107000F037FF05ABD6
:1058C000324601212046FFF72FFA0028D5D1059B4B
:1058D000002B80F298805B0003D5236B43F010030C
:1058E0002363002204F1080302212046FFF790FA07
:1058F00002460028C1D104F1380303212046FFF7F6
:1059000029FA0028B9D104F11805A26B0921204613
:105910002B46FFF77DFA0028AFD104ABA26B07211D
:105920002046FFF717FA0028A7D10DF10F012046F6
:10593000FFF710FF0028A0D19DF80F102046FFF7B9
:10594000AFF92046FFF76CFF0646002895D1236B80
:1059500003F00F03022B40F083807E227F21284634
:1059600003F00AF901287BD9E56B42F2107000F0D0
:10597000DDFE08234FF40072294620460096FFF70B
:1059800063FA00287FF479AF284603F043F9A06258
:105990000DF10F012046FFF7DDFE00287FF46DAF0B
:1059A0009DF80F102046FFF77BF904AB4FF400720F
:1059B00010212046FFF7CEF9054600287FF45DAFA1
:1059C0003F4E049B33427FF458AF236B13F00E0F0E
:1059D00003F00F0248D0022A7FF44FAFE36A197830
:1059E000012969D0022969D0002960D0364F2046AC
:1059F000FFF77CF905AB3A464EE01146204622639C
:105A0000FFF786F94FE7013D7FF455AF35E72F4D9E
:105A100064262F4A2A4F012B18BF154605AB0022DA
:105A200037212046FFF796F900287FF426AF059B23
:105A30003B427FF422AF05AB2A4629212046FFF7DF
:105A400073F900287FF419AF059B002BFFF643AFD5
:105A5000013E3FF412AF42F2107000F067FEDDE746
:105A6000284603F0ABF892E7E36A1978F9B1012907
:105A70007FF403AF2046FFF739F905ABA26B37215E
:105A80002046FFF767F900287FF4F7AE059B334205
:105A90007FF4F3AE05AB022206212046FFF75AF948
:105AA00000287FF4EAAE059B33427FF4E6AE05237F
:105AB0002371284607B0F0BD064F98E7064F96E7DA
:105AC00008E0FFFD0080FFC00000B7030080FF502A
:105AD000000010800001B7030002B703FFF75CB8B5
:105AE000044B03600123037100234363C0E90A33BD
:105AF000704700BF3C98000810B53023044683F37C
:105B00001188C162FFF762F802230020237180F33D
:105B1000118810BD10B53023044683F31188FFF7B8
:105B20007FF800230122E362227183F3118810BD04
:105B3000026843681143016003B1184770470000D1
:105B40001430FFF7EBBC00004FF0FF331430FFF7C9
:105B5000E5BC00003830FFF761BD00004FF0FF33B7
:105B60003830FFF75BBD00001430FFF7B1BC000018
:105B70004FF0FF311430FFF7ABBC00003830FFF7B7
:105B80000BBD00004FF0FF323830FFF705BD0000BD
:105B9000012914BF6FF0130000207047FFF7E8BA27
:105BA000044B036000234360C0E902330123037404
:105BB000704700BF6098000810B53023044683F397
:105BC0001188FFF7FFFA02230020237480F3118865
:105BD00010BD000038B5C36904460D461BB9042149
:105BE0000844FFF7A5FF294604F11400FFF754FC11
:105BF000002806DA201D4FF40061BDE83840FFF7A9
:105C000097BF38BD026843681143016003B118476C
:105C10007047000013B5406B00F58054D4F8A438E9
:105C20001A681178042914D1017C022911D119793B
:105C3000012312898B4013420BD101A94C3002F091
:105C4000C9FED4F8A4480246019B2179206800F0DF
:105C500005FA02B010BD0000143002F04BBE000087
:105C60004FF0FF33143002F045BE00004C3002F01C
:105C70001DBF00004FF0FF334C3002F017BF000093
:105C8000143002F019BE00004FF0FF31143002F062
:105C900013BE00004C3002F0E9BE00004FF0FF32AE
:105CA0004C3002F0E3BE000010B500F58054D4F88B
:105CB000A4381A681178042917D1017C022914D15B
:105CC0005979012352898B4013420ED1143002F0CE
:105CD000ADFD024648B1D4F8A4484FF44073617951
:105CE0002068BDE8104000F0A7B910BD406BFFF779
:105CF000DBBF000000290CBF6FF0130000207047CD
:105D0000704700007FB5124B01250426044603604E
:105D10000023057400F1840243602946C0E9023380
:105D20000C4B0290143001934FF44073009602F034
:105D300059FD094B04F69442294604F14C000294A3
:105D4000CDE900634FF4407302F020FE04B070BD53
:105D500088980008ED5C0008155C0008302383F388
:105D600011880B790A680B3342F823004B791333FF
:105D700042F823008B7913B10B3342F8230000F56E
:105D80008053C3F8A41802230374002080F3118801
:105D90007047000038B5037F044613B190F85430C3
:105DA000ABB90125201D0221FFF72CFF04F11400DF
:105DB0006FF00101257700F0F9FC04F14C0084F844
:105DC00054506FF00101BDE8384000F0EFBC38BD21
:105DD00010B5012104460430FFF714FF0023237798
:105DE00084F8543010BD000038B504460025143046
:105DF00002F010FD04F14C00257702F0DFFD201DBC
:105E000084F854500121FFF7FDFE2046BDE83840DC
:105E1000FFF74ABF90F8803003F06003202B06D1D3
:105E200090F881200023212A03D81F2A06D80020B9
:105E30007047222AFBD1C0E91D3303E0034A4267C1
:105E400007228267C3670120704700BF3C22002001
:105E500037B500F58055D5F8A4381A6811780429AB
:105E60001AD1017C022917D11979012312898B409B
:105E7000134211D100F14C04204602F05FFE58B1EC
:105E800001A9204602F0A6FDD5F8A4480246019BD0
:105E90002179206800F0E2F803B030BD2DE9F3412C
:105EA00004460D4621B301F10B0350F82360FEB107
:105EB000302383F3118800EB810706F14C08FB685F
:105EC0005B691B6833B1404602F092FD0821301D2A
:105ED000FFF798FE01A9404602F07CFD024650B152
:105EE000019B2946204600F0B9F8002383F311886E
:105EF00002B0BDE8F081FB685A69126832B11B8AB2
:105F0000013B134002D104F18002EAE71021301D69
:105F1000FFF778FEE9E7000038B509B3133150F810
:105F20002140ECB1302383F3118804F58053D3F87A
:105F3000A4281368527903EB8203DB689B695D68D0
:105F400045B104216018FFF75DFE294604F11400F5
:105F500002F076FC2046FFF7A7FE002383F31188AA
:105F600038BD00007047000010B50446002102F063
:105F700077FA0021204602F067FA63681B6813B1C4
:105F8000062120469847A36823F00113A36000234D
:105F9000A367062384F8703010BD000001F052BDE5
:105FA00001234022002110B5044600F8303BFBF7E6
:105FB000ADFE0023C4E9013310BD000010B530234D
:105FC000044683F311882422416000210C30FBF742
:105FD0009DFE204601F058FD02230020237080F32F
:105FE000118810BD70B500EB8103054650690E465F
:105FF0001446DA6018B110220021FBF787FEA06971
:1060000018B110220021FBF781FE31462846BDE879
:10601000704001F041BE000083682022002103F09F
:10602000011310B5044683601030FBF76FFE204665
:10603000BDE8104001F0BCBEF0B4012500EB8104C6
:1060400047898D40E4683D43A4694581236000236E
:10605000A2606360F0BC01F0D9BE0000F0B401257D
:1060600000EB810407898D40E4683D436469058144
:1060700023600023A2606360F0BC01F04FBF00000A
:1060800070B5022300250446242203702946C0F877
:1060900088500C30C56640F8045CFBF737FE20469C
:1060A00084F8705001F08AFD63681B6823B12946AB
:1060B0002046BDE87040184770BD00000378052BEE
:1060C00010B504460AD080F88C300523037043686D
:1060D0001B680BB1042198470023A36010BD00008A
:1060E0000178052906D190F88C20436802701B685E
:1060F00003B118477047000070B590F8703004463F
:106100003BB1836823F0011383600023836780F829
:10611000703004F180020021204601F06DFE6368BA
:106120009B684BB994F8803013F0600528D0204666
:10613000BDE87040FFF718BF204698470028F1D00F
:10614000B4F88630A26F9A4288BFA36794F9803072
:10615000A56F002B4FF0300380F20281002D00F07C
:10616000F180092284F8702083F3118800212046F1
:10617000D4E91D23FFF772FF002383F3118870BD5C
:1061800094F8812003F07F0343EA022340F20232B5
:10619000934200F0C48021D8B3F5807F47D00DD85A
:1061A000012B3ED0022B00F09280002BBFD104F1D6
:1061B000880262670222A267E367C1E7B3F5817FC5
:1061C00000F09A80B3F5407FB1D194F88230012B72
:1061D000ADD1B4F8883043F0020331E0B3F5006F7D
:1061E0004CD017D8B3F5A06F30D0A3F5C063012B06
:1061F0009DD86368204694F882205E6894F88310E6
:10620000B4F88430B047002891D0436863670368CE
:10621000A36719E0B3F5106F35D040F60242934200
:1062200085D15C4B63670223A3670023C4E794F81E
:106230008230012B7FF47BAFB4F8883023F0020367
:10624000A4F88830C4E91D55E56779E7B4F88030D3
:10625000B3F5A06F0ED194F88230204684F88A30CE
:1062600001F00CFD63681B6813B1012120469847BB
:10627000032323700023C4E91D339DE704F18B033E
:1062800063670123C4E72378042B10D1302383F301
:1062900011882046FFF7C0FE85F31188032163684B
:1062A00084F88B5021701B680BB12046984794F8F6
:1062B0008230002BDED084F88B3004232370636897
:1062C0001B68002BD6D0022120469847D2E794F8CD
:1062D000843020461D0603F00F010AD501F07EFD33
:1062E000012804D002287FF422AF2B4B9AE72B4BD6
:1062F00098E701F065FDF3E794F88230002B7FF416
:1063000016AF94F8843013F00F01B3D01A0620466C
:1063100002D502F0BDF8ADE702F0AEF8AAE794F8B6
:106320008230002B7FF403AF94F8843013F00F0118
:10633000A0D01B06204602D502F092F89AE702F0A0
:1063400083F897E7142284F8702083F311882B4692
:106350002A4629462046FFF76FFE85F311880EE78F
:106360005DB1152284F8702083F311880021204646
:10637000D4E91D23FFF760FEFEE60B2284F87020AF
:1063800083F311882B462A4629462046FFF766FEEE
:10639000E3E700BFB8980008B0980008B498000878
:1063A00038B590F8703004460B2B09D80B2B37D832
:1063B000DFE803F00836363636360836360D27372E
:1063C000152B2DD12046BDE83840FFF7CDBD856F98
:1063D000B0F886309D4214D2C3681B8AB5FBF3F235
:1063E00003FB12556DB9302383F311882B462A46DF
:1063F0002946FFF733FE85F311880A2384F87030AD
:106400000EE0142384F87030302383F311880023C6
:1064100020461A461946FFF70FFE002383F3118822
:1064200038BDC36F03B19847A36823F00113A3607D
:106430000023A367E2E7000010B590F8703004462F
:10644000142B1ED00CD8062B05D001D81BB110BDC3
:106450000A3B012BFBD82046BDE81040FFF784BD66
:10646000152BF4D10B2380F87030302383F311887F
:1064700000231A461946FFF7F1FD002383F3118824
:10648000E5E7C3689B695B68002BE0D1C36F03B18C
:106490009847A36823F00113A3600023A36784F83F
:1064A0007030D4E70023826880F8243083691B6849
:1064B00099689142FBD25A6803604260106058604C
:1064C000704700000023826880F8243083691B68CD
:1064D00099689142FBD85A68036042601060586026
:1064E0007047000008B50846302383F3118891F8FF
:1064F0002430032B05D0042B0DD02BB983F3118846
:1065000008BD8B6A00221A604FF0FF338362FFF7E9
:10651000C9FF0023F2E7D1E9003213605A60F3E7C4
:10652000034610B51B68984203D09C688A68944261
:10653000F8D25A680B604A601160596010BD0000C3
:10654000FFF7B0BF38B50B4B1C68DD6885F8240039
:10655000226853601A600122DC60A36884F824205A
:10656000934201D101F016F929462046BDE8384092
:10657000F9F748BF883D00200C4B30B5DD684B1C57
:1065800087B004460FD02B46094A684600F0A2F9AE
:106590002046FFF7D7FF009B13B1684600F0A4F92F
:1065A000A86A07B030BDFFF7CDFFF9E7883D0020AE
:1065B000E5640008044B1A68DB6890689B689842A1
:1065C00094BF002001207047883D002038B50C4B57
:1065D0001C68DD68226853601A600122DC6084F860
:1065E0002420AB68934201D101F0D6F82846FFF78A
:1065F00069FF01462046BDE83840F9F703BF00BFF8
:10660000883D0020044B1A68DB6892689B689A42B8
:1066100001D9FFF7DBBF7047883D002038B5012363
:10662000084C00252370656002F022FB02F04CFB51
:106630000549064802F02AFC0223237085F31188DD
:1066400038BD00BF30400020C0980008883D0020C1
:1066500000F080B9034A516853685B1A9842FBD82E
:10666000704700BF001000E08B604B630023CA61DD
:1066700000F128020B6302230A618B8401238861E5
:1066800081F8263001F11003C26A4A611360C362C7
:1066900001F12C030846CB6270470000D0E90131BC
:1066A000026841F8183CA1F19C033839CB600369BA
:1066B00041F8243C436941F8203C034B41F8043C39
:1066C000C3680248FFF7D0BF1D040008883D0020C2
:1066D00008B5FFF7E3FFBDE80840FFF731BF000052
:1066E00038B50E4BDC6804F12C05A062E06AA842C4
:1066F0000FD194F826303BB994F825309B0702BFA0
:10670000D4E9043213605A600F20BDE83840FFF727
:1067100019BF0368E362FFF713FFE7E7883D002036
:10672000302383F31188FFF7DBBF000008B5014673
:10673000302383F311880820FFF71EFF002383F323
:10674000118808BD054BDB6821B103609862032006
:10675000FFF712BF4FF0FF30704700BF883D0020A9
:1067600003682BB10022026018469962FFF7E8BE69
:1067700070470000064BDB6839B1426818605A6008
:10678000136043600420FFF7F7BE4FF0FF307047FF
:10679000883D00200368984206D01A680260506065
:1067A00018469962FFF7CCBE7047000038B5044622
:1067B0000D462068844200D138BD036823605C60C8
:1067C0008562FFF7BDFEF4E7036810B59C68A2423E
:1067D0000CD85C688A600B604C60216059609968D5
:1067E0008A1A9A604FF0FF33836010BD121B1B683A
:1067F000ECE700000A2938BF0A2170B504460D46AF
:106800000A26601902F02EFA02F016FA041BA542BD
:1068100003D8751C04462E46F3E70A2E04D901203E
:10682000BDE8704002F0FABB70BD0000F8B5144B33
:106830000D460A2A4FF00A07D96103F11001826060
:1068400038BF0A2241601969144601604860186126
:10685000A81802F0F7F902F0EFF9431B0646A3422D
:1068600006D37C1C28192746354602F0FBF9F2E7CF
:106870000A2F04D90120BDE8F84002F0CFBBF8BDD3
:10688000883D0020F8B506460D4602F0D5F90F4ABE
:10689000134653F8107F9F4206D12A4601463046E0
:1068A000BDE8F840FFF7C2BFD169BB68441A2C1994
:1068B00028BF2C46A34202D92946FFF79BFF224658
:1068C00031460348BDE8F840FFF77EBF883D002011
:1068D000983D0020C0E90323002310B45DF8044B69
:1068E0004361FFF7CFBF000010B5194C23699842F0
:1068F0000DD08168D0E9003213605A609A680A446A
:106900009A60002303604FF0FF33A36110BD02685B
:10691000234643F8102F53600022026022699A42F6
:1069200003D1BDE8104002F097B9936881680B4429
:10693000936002F081F92269E1699268441AA242E7
:10694000E4D91144BDE81040091AFFF753BF00BF56
:10695000883D00202DE9F047DFF8BC8008F11007E2
:106960002C4ED8F8105002F067F9D8F81C40AA68ED
:10697000031B9A423ED814444FF00009D5E9003277
:10698000C8F81C4013605A60C5F80090D8F8103061
:10699000B34201D102F060F989F31188D5E90331DE
:1069A00028469847302383F311886B69002BD8D091
:1069B00002F042F96A69A0EB040982464A450DD209
:1069C000022002F02BFB0022D8F81030B34208D18D
:1069D00051462846BDE8F047FFF728BF121A224467
:1069E000F2E712EB09092946384638BF4A46FFF755
:1069F000EBFEB5E7D8F81030B34208D01444C8F81D
:106A00001C00211AA960BDE8F047FFF7F3BEBDE8FE
:106A1000F08700BF983D0020883D002038B502F087
:106A20000BF9054AD2E90845031B181945F1000185
:106A3000C2E9080138BD00BF883D002010B560B92B
:106A4000074804790368053C9B6818BF01249847F0
:106A500008B144F00404204610BD0124FBE700BF48
:106A6000C0360020FFF7EABF2DE9F04788461746F9
:106A70009A460446B0B90D4E3579052D05D003244C
:106A80000DE0013D15F0FF050ED032685346394642
:106A90003046D2F814904246C8470028F1D120462B
:106AA000BDE8F0870424FAE70124F8E7C0360020A7
:106AB0002DE9F047884617469A460446B0B90D4E70
:106AC0003579052D05D003240DE0013D15F0FF05B6
:106AD0000ED03268534639463046D2F818904246B6
:106AE000C8470028F1D12046BDE8F0870424FAE722
:106AF0000124F8E7C036002037B50C46154670B9BA
:106B000051B101290BD10748694603681B6A9847B0
:106B100010B9019B04462B60204603B030BD04240D
:106B2000FAE700BFC036002000207047FEE70000F3
:106B3000704700004FF0FF30704700004B68436023
:106B40008B688360CB68C3600B6943614B690362E8
:106B50008B6943620B6803607047000008B53C4BCB
:106B600040F2FF713B48D3F888200A43C3F88820DD
:106B7000D3F8882022F4FF6222F00702C3F88820AD
:106B8000D3F88820D3F8E0200A43C3F8E020D3F8F4
:106B900008210A43C3F808212F4AD3F808311146C7
:106BA000FFF7CCFF00F5806002F11C01FFF7C6FF84
:106BB00000F5806002F13801FFF7C0FF00F580604A
:106BC00002F15401FFF7BAFF00F5806002F1700195
:106BD000FFF7B4FF00F5806002F18C01FFF7AEFF14
:106BE00000F5806002F1A801FFF7A8FF00F58060C2
:106BF00002F1C401FFF7A2FF00F5806002F1E0019D
:106C0000FFF79CFF00F5806002F1FC01FFF796FFA3
:106C100002F58C7100F58060FFF790FF01F0D4FC65
:106C20000E4BD3F8902242F00102C3F89022D3F821
:106C3000942242F00102C3F894220522C3F898205E
:106C40004FF06052C3F89C20054AC3F8A02008BD4D
:106C50000044025800000258D498000800ED00E0FB
:106C60001F00080308B501F0A9FDFFF7D7FC104B82
:106C7000D3F8DC2042F04002C3F8DC20D3F8042132
:106C800022F04002C3F80421D3F80431094B1A68FA
:106C900042F008021A601A6842F004021A6000F01A
:106CA00063FD00F039FBBDE8084000F0B5B800BF57
:106CB0000044025800180248012070470020704725
:106CC0007047000002290CD0032904D0012907488D
:106CD00018BF00207047032A05D8054800EBC20002
:106CE0007047044870470020704700BFD49A0008DE
:106CF0004C220020889A000870B59AB005460846D4
:106D0000144601A900F0C2F801A8FAF7F7FF431CE6
:106D10000022C6B25B001046C5E90034237003238D
:106D2000023404F8013C01ABD1B202348E4201D8E6
:106D30001AB070BD13F8011B013204F8010C04F8FD
:106D4000021CF1E708B5302383F311880348FFF7ED
:106D50007FF8002383F3118808BD00BF384000206E
:106D600090F8803003F01F02012A07D190F88120AB
:106D70000B2A03D10023C0E91D3315E003F06003A3
:106D8000202B08D1B0F884302BB990F88120212A2B
:106D900003D81F2A04D8FFF73DB8222AEBD0FAE720
:106DA000034A426707228267C3670120704700BF1A
:106DB0004322002007B5052917D8DFE801F019168E
:106DC00003191920302383F31188104A01210190FF
:106DD000FFF708F9019802210D4AFFF703F90D4862
:106DE000FFF702F8002383F3118803B05DF804FB7A
:106DF000302383F311880748FEF7CCFFF2E73023F6
:106E000083F311880348FEF7E3FFEBE7289A0008B5
:106E10004C9A00083840002038B50C4D0C4C2A46DE
:106E20000C4904F10800FFF767FF05F1CA0204F1FD
:106E300010000949FFF760FF05F5CA7204F1180058
:106E40000649BDE83840FFF757BF00BF1059002082
:106E50004C220020089A0008129A00081D9A000887
:106E600070B5044608460D46FAF748FFC6B22046FC
:106E7000013403780BB9184670BD32462946FAF73B
:106E800029FF0028F3D10120F6E700002DE9F84F93
:106E900005460C46FAF732FF2849C6B22846FFF7E6
:106EA000DFFF08B1033EF6B225492846FFF7D8FFB9
:106EB00008B11036F6B2632E0DD8DFF88080DFF807
:106EC0008090204FDFF884A0DFF884B02E7846B998
:106ED0002670BDE8F88F29462046BDE8F84F02F03D
:106EE0003BB9252E25D1072241462846FAF7F2FE66
:106EF00028B9DBF80030073544F8043BE6E7082200
:106F000049462846FAF7E6FE98B9A21C0E4B1978B6
:106F100002320909C95D02F8041C13F8011B01F0D3
:106F20000F015345C95D02F8031CF0D11834083530
:106F3000CCE7013504F8016BC8E700BFF49A0008FC
:106F40001D9A0008019B000800E8F11F0CE8F11FE2
:106F5000FC9A0008BFF34F8F044B1A695107FCD10C
:106F6000D3F810215207F8D1704700BF002000521B
:106F700008B50D4B1B78ABB9FFF7ECFF0B4BDA688C
:106F8000D10704D50A4A5A6002F188325A60D3F810
:106F90000C21D20706D5064AC3F8042102F1883233
:106FA000C3F8042108BD00BF6E5B00200020005222
:106FB0002301674508B5114B1B78F3B9104B1A69CB
:106FC000510703D5DA6842F04002DA60D3F81021A5
:106FD000520705D5D3F80C2142F04002C3F80C212A
:106FE000FFF7B8FF064BDA6842F00102DA60D3F827
:106FF0000C2142F00102C3F80C2108BD6E5B002099
:10700000002000520F289ABF00F580604004002045
:10701000704700004FF400307047000010207047A8
:107020000F2808B50BD8FFF7EDFF00F50033026815
:10703000013204D104308342F9D1012008BD00207F
:10704000FCE700000F2838B505463FD8FFF782FF60
:107050001F4CFFF78DFF4FF0FF3307286361C4F823
:1070600014311DD82361FFF775FF030243F0240399
:10707000E360E36843F08003E36023695A07FCD4CC
:107080002846FFF767FFFFF7BDFF4FF4003100F020
:107090009BFA2846FFF78EFFBDE83840FFF7C0BFD8
:1070A000C4F81031FFF756FFA0F108031B0243F0AC
:1070B0002403C4F80C31D4F80C3143F08003C4F835
:1070C0000C31D4F810315B07FBD4D9E7002038BD70
:1070D000002000522DE9F84F04460D46104644EAC0
:1070E0000203DE0602D00020BDE8F88F20F01F006A
:1070F000DFF8D4B0DFF8D4A0FFF73AFF05EB0008C3
:10710000454503D10120FFF755FFEDE72022294631
:10711000204601F0E9FF10B920342035F0E723467E
:1071200004F120021F68791CDDD104339342F9D1A8
:1071300004F178432048214EB3F5801F204B38BF1F
:10714000184603F1F80332BFD946D1461E46FFF771
:1071500001FF0760A4EB050C336805F11C0143F047
:10716000020333602B1FD9F8007017F00507FAD11E
:1071700053F8042F8B424CF80320F4D1BFF34F8F08
:10718000FFF7E8FE4FF0FF330360336823F002039C
:107190003360BFF34F8F0B4BC3F85C42BFF34F8F8D
:1071A000BFF36F8F20222946204601F09DFF002863
:1071B000B2D03846A7E700BF142100520C2000527D
:1071C0001420005200ED00E0102000521021005267
:1071D00010B5084C237828B11BB9FFF7C9FE01236D
:1071E000237010BD002BFCD02070BDE81040FFF7CD
:1071F000E1BE00BF6E5B00202DE9F04F0D4685B06B
:10720000814658B111F00D0614BF2022082211F05A
:107210000803019304D0431E034269D0002435E0E3
:10722000002E37D009F11F0121F01F094FF001088E
:10723000314F05F00403DFF8CCA005EA080BBBF1E1
:10724000000F32D07869C0072FD408F101080C373D
:10725000B8F1060FF3D19EB9284D4946A8190192FD
:1072600001F054FD0446002839D12036019AA02EA1
:10727000F3D1494601F04AFD044600282FD1019A76
:1072800049461F4801F042FD044660BB204605B058
:10729000BDE8F08F0029C9D101462846029201F0CD
:1072A00035FD0446D8B9029AC0E713B178694107A1
:1072B000CBD5AC0702D578698007C6D5019911B145
:1072C00078690107C1D549460AEB4810CDE9022388
:1072D00001F01CFD0446DDE902230028B5D04A4632
:1072E0000021204601E04A460021FAF70FFDCDE7D4
:1072F0000246002E96D199E7149B0008B05B00204F
:10730000705B0020905B00200021FFF775BF00003C
:107310000121FFF771BF000000231A4670B51A6003
:107320000433B3F5806FFAD1104D0124104E06EBF3
:10733000441001342A6955F80C1F01F0D3FC062CC7
:10734000F5D137254FF4C0542046FFF7E1FF014641
:1073500028B122460748BDE8704001F0C3BCC4EB29
:10736000C404013D4FEAD404EED170BD149B000863
:10737000905B0020705B00200421FFF73DBF000000
:107380004843FFF7C1BF000008B101F039BD7047A5
:10739000B0F5805F10B5044607D8FFF7EDFF28B9B8
:1073A0002046BDE81040FFF7AFBF002010BD000031
:1073B000FFF7EABF70B5AAB140EA010313F01F035B
:1073C0000FD1094C0144A5686D0706D52568A84270
:1073D00003D366683544A94204D903330C34122B15
:1073E000F1D10022104670BD149B000808B501F0D1
:1073F0001DFE034AD2E90032C01842EB010108BD6C
:10740000505C0020434BD3E900232DE9F3411343A3
:107410007CD0FFF7EBFF404A00230027F9F70CF878
:1074200006460D463D4A0023F9F706F800231446A8
:1074300030462946394AF8F7FFFF4FF461613C2393
:10744000ADF80170B4FBF1F5B4FBF3F601FB1541A7
:1074500003FB16464624B1FBF3F1314BF6B28DF82F
:10746000004098423CD84FF0640C4FF4C87EA3070C
:1074700004F26C7225D1B2FBFCF30CFB132313BB9B
:10748000B2FBFEF30EFB1322B2FA82F35B0903F2A6
:107490006D18621C8045D2B217D90FB18DF800402B
:1074A0000022204C4FF00C0C17460CFB0343D4B2C7
:1074B000013213F804C084450CD8A0EB0C0001275E
:1074C000F5E70023E3E70123E1E7A0EB080014461A
:1074D0000127CCE70FB18DF80140431C8DF8023035
:1074E0009DF80100431C9DF800005038400640EA1A
:1074F00043509DF8023040EA034040EA560040EA1B
:10750000C52040EA411002B0BDE8F0814FF40410FC
:10751000F9E700BF505C002040420F00805101009D
:1075200090230B005C9B00080244074BD2B210B5BD
:10753000904200D110BD441C00B253F8200041F825
:10754000040BE0B2F4E700BF504000580E4B30B5DA
:107550001C6F240405D41C6F1C671C6F44F400448A
:107560001C670A4C02442368D2B243F48073236040
:10757000074B904200D130BD441C51F8045B00B26F
:1075800043F82050E0B2F4E70044025800480258A3
:107590005040005807B5012201A90020FFF7C4FFA1
:1075A000019803B05DF804FB13B50446FFF7F2FF42
:1075B000A04205D0012201A900200194FFF7C6FFD7
:1075C00002B010BD704700000144BFF34F8F064B5F
:1075D000884204D3BFF34F8FBFF36F8F7047C3F858
:1075E0005C022030F4E700BF00ED00E00144BFF38F
:1075F0004F8F064B884204D3BFF34F8FBFF36F8F7B
:107600007047C3F870022030F4E700BF00ED00E0DF
:1076100070B5054616460C4601201021FFF7B0FE56
:10762000286046733CB1204636B1FFF7A5FE2B68B3
:10763000186000B19C6070BDFFF76AFEF7E70000BC
:10764000F8B50F461546044648B905F11F01012655
:10765000386821F01F01FFF7B7FF3046F8BD427BC5
:1076600029463868FFF7A6FE06460028EDD13B689C
:107670006360A368AB4210D213B12068FFF784FEA9
:10768000637B28462BB1FFF777FE206020B9A0600E
:10769000E3E7FFF73DFEF8E7A560206805F11F016D
:1076A000012621F01F013860FFF78EFF2673D4E713
:1076B00070B50E4602F11F010446154621F01F0168
:1076C0003046FFF793FF4CB12168B14206D16068A4
:1076D00010B12A46FAF7F4FA0023237370BD0000B4
:1076E000F8B50F461446054648B904F11F010126B6
:1076F000386821F01F01FFF779FF3046F8BD427B63
:1077000021463868FFF756FE06460028EDD1AB68E3
:10771000A34210D213B12868FFF736FE6B7B2046D8
:107720002BB1FFF729FE286020B9A860E5E7FFF735
:10773000EFFDF8E7AC60396819B122462868FAF71E
:10774000BFFA286804F11F01012621F01F013860EB
:10775000FFF74CFF2E73D0E720B103688B4204BFC4
:107760000023037370470000034B1A681AB9034AD9
:10777000D2F8D0241A607047585C002000400258AC
:1077800008B5FFF7F1FF024B1868C0F3806008BD31
:10779000585C00207047000070470000EFF3098339
:1077A000054968334A6B22F001024A6383F3098872
:1077B000002383F31188704700EF00E0302080F34E
:1077C000118862B60D4B0E4AD96821F4E0610904B4
:1077D000090C0A430B49DA60D3F8FC2042F08072AE
:1077E000C3F8FC20084AC2F8B01F116841F001013B
:1077F00011602022DA7783F82200704700ED00E064
:107800000003FA0555CEACC5001000E0302310B5DA
:1078100083F311880E4B5B6813F4006314D0F1EE10
:10782000103AEFF309844FF08073683CE361094B31
:10783000DB6B236684F30988FEF7BCFE10B1064BB0
:10784000A36110BD054BFBE783F31188F9E700BF87
:1078500000ED00E000EF00E02F0400083204000813
:1078600070B5BFF34F8FBFF36F8F1A4A0021C2F874
:107870005012BFF34F8FBFF36F8F536943F4003340
:107880005361BFF34F8FBFF36F8FC2F88410BFF304
:107890004F8FD2F8803043F6E074C3F3C900C3F3CE
:1078A0004E335B0103EA0406014646EA817501395D
:1078B000C2F86052F9D2203B13F1200FF2D1BFF38E
:1078C0004F8F536943F480335361BFF34F8FBFF33E
:1078D0006F8F70BD00ED00E0FEE70000214B2248F5
:1078E000224A70B5904237D3214BC11EDA1C121ABE
:1078F00022F003028B4238BF00220021FAF706FA79
:107900001C4A0023C2F88430BFF34F8FD2F8803076
:1079100043F6E074C3F3C900C3F34E335B0103EADB
:107920000406014646EA81750139C2F86C52F9D263
:10793000203B13F1200FF2D1BFF34F8FBFF36F8FB6
:10794000BFF34F8FBFF36F8F0023C2F85032BFF3E6
:107950004F8FBFF36F8F70BD53F8041B40F8041BAB
:10796000C0E700BF5C9C0008D45D0020D45D00200F
:10797000D45D002000ED00E0074BD3F8D81021EAD9
:107980000001C3F8D810D3F8002122EA0002C3F89E
:107990000021D3F8003170470044025870B5D0E997
:1079A000244300224FF0FF359E6804EB421351013F
:1079B000D3F80009002805DAD3F8000940F0804028
:1079C000C3F80009D3F8000B002805DAD3F8000B40
:1079D00040F08040C3F8000B013263189642C3F8B0
:1079E0000859C3F8085BE0D24FF00113C4F81C3803
:1079F00070BD0000F0B5D0E9246301250C309F680C
:107A000000231A4650F8041B59B18C6924B103F1C4
:107A1000100405FA04F42243496911B105FA03F18F
:107A20000A4301339F42EDD2C6F81C28F0BD000086
:107A3000890141F02001016103699B06FCD41220F9
:107A4000FEF708BE10B50A4C2046FEF7A9FA094B0E
:107A5000C4F89030084BC4F89430084C2046FEF728
:107A60009FFA074BC4F89030064BC4F8943010BD11
:107A70005C5C002000000840989B0008F85C002037
:107A800000000440A49B000870B503780546012B54
:107A90005CD1434BD0F89040984258D1414B0E21D5
:107AA0006520D3F8D82042F00062C3F8D820D3F87C
:107AB000002142F00062C3F80021D3F80021D3F87E
:107AC000802042F00062C3F88020D3F8802022F0AA
:107AD0000062C3F88020D3F88030FDF749FC324BB8
:107AE000E360324BC4F800380023D5F89060C4F846
:107AF000003EC02323604FF40413A3633369002BBB
:107B0000FCDA01230C203361FEF7A4FD3369DB07A7
:107B1000FCD41220FEF79EFD3369002BFCDA002610
:107B20002846A660FFF73AFF6B68C4F81068DB6868
:107B3000C4F81468C4F81C6883BB1D4BA3614FF0E4
:107B4000FF336361A36843F00103A36070BD194B69
:107B50009842C9D1134B4FF08060D3F8D82042F03F
:107B60000072C3F8D820D3F8002142F00072C3F8A5
:107B70000021D3F80021D3F8802042F00072C3F82E
:107B80008020D3F8802022F00072C3F88020D3F840
:107B90008030FFF7F1FE0E214D209EE7064BCDE72A
:107BA0005C5C0020004402584014004003002002A6
:107BB000003C30C0F85C0020083C30C0F8B5D0F87C
:107BC0009040054600214FF000662046FFF730FF49
:107BD000D5F8941000234FF001128F684FF0FF305A
:107BE000C4F83438C4F81C2804EB431201339F4214
:107BF000C2F80069C2F8006BC2F80809C2F8080BA5
:107C0000F2D20B68D5F89020C5F898306362102343
:107C10001361166916F01006FBD11220FEF71AFD4B
:107C2000D4F8003823F4FE63C4F80038A36943F4A1
:107C3000402343F01003A3610123C4F81038092343
:107C4000C4F814380B4BEB604FF0C043C4F8103B42
:107C5000094BC4F8003BC4F81069C4F80039D5F8E2
:107C6000983003F1100243F48013C5F89820A36202
:107C7000F8BD00BF749B000840800010D0F8902031
:107C800090F88A10D2F8003823F4FE6343EA011317
:107C9000C2F80038704700002DE9F84300EB81037B
:107CA000D0F890500C468046DA680FFA81F9480106
:107CB000166806F00306731E022B05EB41134FF006
:107CC000000194BFB604384EC3F8101B4FF00101F9
:107CD00004F1100398BF06F1805601FA03F391698D
:107CE00098BF06F5004600293AD0578A04F158019A
:107CF000374349016F50D5F81C180B430021C5F8D4
:107D00001C382B180127C3F81019A7405369611EAE
:107D10009BB3138A928B9B08012A88BF5343D8F8E0
:107D20009820981842EA034301F140022146C8F81E
:107D30009800284605EB82025360FFF779FE08EBB6
:107D40008900C3681B8A43EA845348341E43640194
:107D50002E51D5F81C381F43C5F81C78BDE8F883B0
:107D600005EB4917D7F8001B21F40041C7F8001BA9
:107D7000D5F81C1821EA0303C0E704F13F030B4ABE
:107D80002846214605EB83035A60FFF751FE05EBB9
:107D90004910D0F8003923F40043C0F80039D5F871
:107DA0001C3823EA0707D7E7008000100004000210
:107DB000D0F894201268C0F89820FFF7EFBD0000BB
:107DC0005831D0F8903049015B5813F4004004D08A
:107DD00013F4001F0CBF0220012070474831D0F877
:107DE000903049015B5813F4004004D013F4001F95
:107DF0000CBF02200120704700EB8101CB68196A9B
:107E00000B6813604B6853607047000000EB810300
:107E100030B5DD68AA691368D36019B9402B84BFF7
:107E2000402313606B8A1468D0F890201C4402EB46
:107E30004110013C09B2B4FBF3F46343033323F074
:107E4000030343EAC44343F0C043C0F8103B2B682C
:107E500003F00303012B0ED1D2F8083802EB4110D6
:107E600013F4807FD0F8003B14BF43F0805343F0FD
:107E70000053C0F8003B02EB4112D2F8003B43F044
:107E80000443C2F8003B30BD2DE9F041D0F89060CA
:107E900005460C4606EB4113D3F8087B3A07C3F8B6
:107EA000087B08D5D6F814381B0704D500EB8103EE
:107EB000DB685B689847FA071FD5D6F81438DB07EC
:107EC0001BD505EB8403D968CCB98B69488A5A68FD
:107ED000B2FBF0F600FB16228AB91868DA68904205
:107EE0000DD2121AC3E90024302383F311882146EE
:107EF0002846FFF78BFF84F31188BDE8F08101234A
:107F000003FA04F26B8923EA02036B81CB68002B2E
:107F1000F3D021462846BDE8F041184700EB810325
:107F20004A0170B5DD68D0F890306C692668E6606B
:107F300056BB1A444FF40020C2F810092A6802F018
:107F40000302012A0AB20ED1D3F8080803EB421447
:107F500010F4807FD4F8000914BF40F0805040F046
:107F60000050C4F8000903EB4212D2F8000940F0B7
:107F70000440C2F800090122D3F8340802FA01F1E2
:107F80000143C3F8341870BD19B9402E84BF402096
:107F9000206020681A442E8A8419013CB4FBF6F450
:107FA00040EAC44040F00050C6E700002DE9F84F19
:107FB000D0F8906005460C464F0106EB4113D3F80C
:107FC000088918F0010FC3F808891CD0D6F81038BA
:107FD000DB0718D500EB8103D3F80CC0DCF81430B4
:107FE000D3F800E0DA68964533D2A2EB0E024FF0E8
:107FF00000091A60C3F80490302383F31188FFF757
:108000008DFF89F3118818F0800F20D0D6F834380E
:108010000126A64033421AD005EB84030134D5F87B
:1080200090506FF00308D3F80CC0E4B22F44DCF892
:10803000140005EB0434D0F800E0D0F80490F145CA
:1080400014D3D5F8343823EA0606C5F83468BDE8F9
:10805000F88F012303FA01F2038923EA0203038163
:10806000DCF80830002BCED09847CCE7AEEB090304
:10807000BCF81020934228BF1346D7F8182992B2B3
:10808000B3EB820FE3D88268194602EB030B032996
:10809000ABEB010A1CD84FEA930A23F0030B08FB51
:1080A0000A31934479B1022918D0032918D19BF8D9
:1080B000021009049BF801B041EA0B2112F82AA032
:1080C0004AEA010121601A444B4482604360B4E7EC
:1080D000DAF800A00439C4F800A0D8E70021E9E7E5
:1080E0000021EBE72DE9F74F0446D0F890504FF010
:1080F00040094FF0010A6F69AB691F4017F48058BF
:108100006F6105D0204603B0BDE8F04FFDF7B8BF62
:10811000002F15DAD5F8003E9E0705D0D5F8003EB1
:1081200023F00303C5F8003E2046FFF763FCD5F8B3
:108130000438204623F00103C5F80438FDF7D0FFCA
:10814000380505D52046FFF729FC2046FDF7B6FF88
:10815000B9040CD5D5F8083813F0060FEB6823F4F2
:1081600070530CBF43F4105343F4A053EB603A0731
:108170001AD56368DB681BB9AB6923F00803AB61F0
:108180002378052B08D1D5F8003E204623F00303C1
:10819000C5F8003EFDF7A4FF2046FFF72BFC6368FF
:1081A000DB680BB120469847FB026ED4BE0209D5AE
:1081B000D4F890200026D4F89430F1B29B6899420C
:1081C00040F29B803803D5F8186800F1B4807A0338
:1081D00035D5F30703D500212046FFF7E7FEB007AA
:1081E00003D501212046FFF7E1FE710703D50221E7
:1081F0002046FFF7DBFE320703D503212046FFF7B9
:10820000D5FEF30603D504212046FFF7CFFEB006C6
:1082100003D505212046FFF7C9FE710603D50621C7
:108220002046FFF7C3FE320603D507212046FFF79D
:10823000BDFEF30503D508212046FFF7B7FEFE0675
:1082400019D5D4F89060336AC3F30A1203F00F0013
:1082500003F4F013B3F5802F00F0B280B3F5402F94
:1082600009D104EB8000002106F58056C3681B6A23
:108270008A4240F09880694B1F4203D0B9F101094E
:108280007FF439AF03B0BDE8F08FD4F890604FF0C1
:10829000000BD4F894205FFA8BF19268914285D854
:1082A00006EB4112D2F8000900F44020B0F5802F0F
:1082B00020D1D2F8000900281CDAD2F8000940F0D9
:1082C0009040C2F80009D2F800090028FBDBD4F87E
:1082D00090000191FFF7ACFB019920890AFA01F2A5
:1082E00020EA0202228104EB8102D26892680AB17C
:1082F000204690470BF1010BCBE702EB4110D0F881
:10830000003B03F44023B3F5802F12D1D0F8003B9B
:10831000002B0EDA60890AFA01F320EA0303638175
:1083200004EB8103DB68DB681BB1204601929847B0
:10833000019A01363FE7F10303D500212046FFF7FC
:10834000A3FDB20303D501212046FFF79DFD730372
:1083500003D502212046FFF797FD300303D5032103
:108360002046FFF791FDF10203D504212046FFF7D7
:108370008BFDB20203D505212046FFF785FD730270
:1083800003D506212046FFF77FFD300203D50721E4
:108390002046FFF779FDF1017FF519AF082120464E
:1083A000FFF772FD13E7880701D1D6F8008007298F
:1083B00001F101019CBF03F8018B4FEA182857E730
:1083C00004EB800E4FF0000C06F58056DEF80C3002
:1083D0009969D1E900038968C31A624510D1DEF8B2
:1083E0000C1093428869D0E901168BBFB618F618B5
:1083F00052185B1887BF86604260866043603AE728
:108400001CF0030F01D1D6F8008063450CF1010C7C
:1084100084BF01F8018B4FEA1828DEE73000000422
:1084200008B50348FFF75EFEBDE80840FFF7EEB968
:108430005C5C002008B50348FFF754FEBDE8084027
:10844000FFF7E4B9F85C0020D0F8903003EB41115D
:10845000D1F8003B43F40013C1F8003B7047000023
:10846000D0F8903003EB4111D1F8003943F40013F8
:10847000C1F8003970470000D0F8903003EB41118B
:10848000D1F8003B23F40013C1F8003B7047000013
:10849000D0F8903003EB4111D1F8003923F40013E8
:1084A000C1F8003970470000064BD3F8DC200243C6
:1084B000C3F8DC20D3F804211043C3F80401D3F837
:1084C000043170470044025808B53E4B4FF0FF316D
:1084D000D3F8802062F00042C3F88020D3F88020D7
:1084E00002F00042C3F88020D3F88020D3F8842023
:1084F000C3F88410D3F884200022C3F88420D3F872
:108500008400D86F40F0FF4040F4FF0040F4DF40AB
:1085100040F07F00D867D86F20F0FF4020F4FF00C4
:1085200020F4DF4020F07F00D867D86FD3F88800B0
:108530006FEA40506FEA5050C3F88800D3F88800C3
:10854000C0F30A00C3F88800D3F88800D3F890007D
:10855000C3F89010D3F89000C3F89020D3F890009F
:10856000D3F89400C3F89410D3F89400C3F894207F
:10857000D3F89400D3F89800C3F89810D3F8980073
:10858000C3F89820D3F89800D3F88C00C3F88C1067
:10859000D3F88C10C3F88C20D3F88C20D3F89C200F
:1085A00062F00202C3F89C20D3F89C2002F0020281
:1085B000C3F89C20D3F89C30FCF7EAF9BDE80840EA
:1085C00000F0E8B80044025808B50122534BC3F844
:1085D0000821534BD3F8F42042F00202C3F8F420F0
:1085E000D3F81C2142F00202C3F81C210222D3F866
:1085F0001C314C4BDA605A689104FCD54A4A1A6027
:1086000001229A60494ADA6000221A614FF440421E
:108610009A61444B9A699204FCD51A6842F48072BC
:108620001A603F4B1A6F12F4407F04D04FF480322F
:108630001A6700221A671A6842F001021A60384B62
:108640001A685007FCD500221A611A6912F0380224
:10865000FBD1012119604FF0804159605A67344ABB
:10866000DA62344A1A611A6842F480321A602C4B7A
:108670001A689103FCD51A6842F480521A601A688D
:108680009204FCD52C4A2D499A6200225A63196340
:1086900001F57C01DA6301F2E71199635A64284A13
:1086A0001A64284ADA621A6842F0A8521A601C4B0F
:1086B0001A6802F02852B2F1285FF9D148229A6173
:1086C0004FF48862DA6140221A621F4ADA641F4A54
:1086D0001A651F4A5A651F4A9A6532231E4A13605B
:1086E000136803F00F03022BFAD10D4A136943F00C
:1086F00003031361136903F03803182BFAD14FF009
:108700000050FFF7D1FE4FF08040FFF7CDFE4FF055
:108710000040BDE80840FFF7C7BE00BF0080005121
:10872000004402580048025800C000F00200000156
:108730000000FF0100889008121020006302090168
:10874000470E0508DD0BBF012000002000000110CE
:108750000910E000000101100020005208B5034894
:10876000FCF7E8FCBDE80840FFF750B8C036002031
:1087700008B50348FCF778FDBDE80840FFF746B8A8
:108780001839002008B500F099FCBDE80840FFF753
:108790003DB8000008B509217A20FCF7E9FD092160
:1087A0003120FCF7E5FD07213220FCF7E1FD0C212B
:1087B0004720BDE80840FCF7DBBD000008B5FFF727
:1087C00083FE00F04FFCFDF7E9F9FDF787F9FDF7AF
:1087D000E5FBFDF795FAFEF773FABDE8084000F0F7
:1087E00029BA000030B50433039C0172002103FB59
:1087F0000425C160C0E90653049B0363059BC0E9DF
:108800000000C0E90422C0E90842C0E90A1143633C
:1088100030BD00000022416AC260C0E90411C0E915
:108820000A226FF00101FDF7C1BF0000D0E9043258
:10883000934201D1C2680AB9181D704700207047E1
:10884000036919600021C2680132C260C269134421
:1088500082699342036124BF436A0361FDF79ABFB3
:1088600038B504460D46E3683BB162690020131D2C
:108870001268A3621344E36207E0237A33B92946FE
:108880002046FDF777FF0028EDDA38BD6FF00100D4
:10889000FBE70000C368C269013BC360436913443E
:1088A00082699342436124BF436A43610023836228
:1088B000036B03B11847704770B53023044683F348
:1088C0001188866A3EB9FFF7CBFF054618B186F3DB
:1088D0001188284670BDA36AE26A13F8015B9342CF
:1088E000A36202D32046FFF7D5FF002383F311884C
:1088F000EFE700002DE9F84F04460E46174698466C
:108900004FF0300989F311880025AA46D4F828B021
:10891000BBF1000F09D141462046FFF7A1FF20B16E
:108920008BF311882846BDE8F88FD4E90A12A7EB2B
:10893000050B521A934528BF9346BBF1400F1BD934
:10894000334601F1400251F8040B914243F8040B05
:10895000F9D1A36A403640354033A362D4E90A23F3
:108960009A4202D32046FFF795FF8AF31188BD4251
:10897000D8D289F31188C9E730465A46F9F7A0F9E9
:10898000A36A5E445D445B44A362E7E710B5029CC2
:108990000433017203FB0421C460C0E90613002301
:1089A000C0E90A33039B0363049BC0E90000C0E9EC
:1089B0000422C0E90842436310BD0000026A6FF060
:1089C0000101C260426AC0E904220022C0E90A2211
:1089D000FDF7ECBED0E904239A4201D1C26822B966
:1089E000184650F8043B0B60704700231846FAE71E
:1089F000C3680021C2690133C360436913448269BB
:108A00009342436124BF436A4361FDF7C3BE000044
:108A100038B504460D46E3683BB1236900201A1DB2
:108A2000A262E2691344E36207E0237A33B929467C
:108A30002046FDF79FFE0028EDDA38BD6FF00100FB
:108A4000FBE7000003691960C268013AC260C269AD
:108A5000134482699342036124BF436A0361002384
:108A60008362036B03B118477047000070B5302371
:108A70000D460446114683F31188866A2EB9FFF726
:108A8000C7FF10B186F3118870BDA36A1D70A36A79
:108A9000E26A01339342A36204D3E16920460439B8
:108AA000FFF7D0FF002080F31188EDE72DE9F84FA4
:108AB00004460D46904699464FF0300A8AF31188D5
:108AC0000026B346A76A4FB949462046FFF7A0FFE4
:108AD00020B187F311883046BDE8F88FD4E90A0742
:108AE0003A1AA8EB0607974228BF1746402F1BD912
:108AF00005F1400355F8042B9D4240F8042BF9D1B1
:108B0000A36A40364033A362D4E90A239A4204D3CD
:108B1000E16920460439FFF795FF8BF3118846453C
:108B2000D9D28AF31188CDE729463A46F9F7C8F831
:108B3000A36A3D443E443B44A362E5E7D0E90423F5
:108B40009A4217D1C3689BB1836A8BB1043B9B1ACD
:108B50000ED01360C368013BC360C3691A448369C4
:108B60009A42026124BF436A0361002383620123A6
:108B7000184670470023FBE701F01F03F0B502F031
:108B80001F0456095A1C0123B6EB511F50F82650FA
:108B900003FA02F34FEA511703F1FF333DBF50F8D8
:108BA0002720C4F12000134003EA05003BBF03FA6D
:108BB00000F225FA04F0E0401043F0BD70B57E22CB
:108BC0007F210546FFF7D8FF18B1012819D00020F2
:108BD00070BD3E2249212846FFF7CEFF2F220446D2
:108BE00031212846FFF7C8FF0646013450220236DD
:108BF00053212846B440FFF7BFFF093804FA00F0BC
:108C0000E6E7302245212846FFF7B6FF0130800213
:108C1000DEE7000090F8D63090F8D7201B0403EB75
:108C2000026390F8D42090F8D500134403EB0020A1
:108C30007047000000F018BA014B586A704700BF37
:108C4000000C0040034B002258631A610222DA60D4
:108C5000704700BF000C0040014B0022DA607047F3
:108C6000000C0040014B5863704700BF000C0040EF
:108C7000024B034A1A60034A5A607047AC5D0020F9
:108C8000D85D002000000220094B70B5D3E90054E4
:108C9000661BB04209D8201A49420840821A954200
:108CA00003D8944201D35A6070BD0020FCE700BF96
:108CB000AC5D002008B5302383F31188FFF7E4FF93
:108CC000002383F3118808BD0448054B036000238B
:108CD000C0E901330C3000F01FB900BFB45D0020C3
:108CE000B58C0008CB1D083A23F00703591A521A15
:108CF00010B4D2080024C0E9004384600C301C602A
:108D00005A605DF8044B00F007B900002DE9F74FF9
:108D1000CC1D3A4F0E4624F00703002818BF074623
:108D2000994204D90024204603B0BDE8F08F082AF8
:108D300007F10C004FEAD40438BF08220190904696
:108D400000F02CF93A1D019808F1070EC8F100094E
:108D50009446126872B900F02BF93B68002BE1D001
:108D6000E00008224146984704460028DBD040E94D
:108D70000276D8E702EB0E01D2F804A001EA09015D
:108D80000AF10105A1F1080302EBC5059D42DFD9F7
:108D9000691AB4EBE10F4FEAE10BD9D89A4219D224
:108DA00002F10801A345A3EB01014FEAE101516083
:108DB00009D9651CE44303EBC5015C444C601468AD
:108DC00043F8354011601C465E6044F8087B00F0B3
:108DD000EFF8A8E7A245116803D1CCF800101346BC
:108DE000F1E7013402EBC40342F8341003F1080147
:108DF0006D1AED105D60CCF80030F0E7B45D002036
:108E000073B50446A0F1080550F8080C54F8043C6A
:108E1000061D0C3007330190DB0844F8043C00F0D9
:108E2000BDF8334601989E421A6801D0AB4228D261
:108E30000AB1954225D244F8082C54F8042C1D6040
:108E4000013254F8081C05EBC206B14206D14E6847
:108E5000324444F8042C0A6844F8082C5E68711CFB
:108E600003EBC1018D4207D154F8042C0132324486
:108E70005A6054F8082C1A6002B0BDE8704000F047
:108E800097B81346CFE70000FEE7000070B51E4B11
:108E90000025044686B058600E4605638163FEF7E0
:108EA0008DFC04F12803A5606563C4E90A3304F16D
:108EB0001003C4E904334FF0FF33C4E90044C4E9AC
:108EC0000635FFF7B9FE2B46024604F13C01204669
:108ED000C4E9082380230D4A6567FDF7C5FB736865
:108EE000E0600B4A03620123009280F82430684658
:108EF000F26801923269CDE90223064BCDE90435CF
:108F0000FDF7E6FB06B070BD30400020B89B0008BE
:108F1000B09B0008898E00080023C0E90000836030
:108F20000361704770B51C4B05468468DE685CB30E
:108F3000B44213D103690133036170BDA36094F897
:108F4000243083B1062B15D1A06A2146D4E9003222
:108F500013605A60FDF7E4FAA36A9C68B368A268DC
:108F60009A42EBD306E0D4E90032204613605A60FF
:108F7000FDF7E6FA28463146FDF7D2FAB56206203B
:108F8000BDE87040FDF7DEBA036986600133036116
:108F9000336BC3603063D0E7883D002008B53023D1
:108FA00083F31188FFF7BEFF002383F3118808BD08
:108FB000194BD96883688B4210B520D1302383F3D5
:108FC00011880269013A0261B2B90468C368A0421B
:108FD0000B631ED04A6B9BB901238A60036103684F
:108FE0001A68026050601A6B8360C260186318468A
:108FF000FDF7A6FAFDF706FB002383F3118810BDE9
:109000001C68A34203D0A468A24238BF2246DB6892
:10901000E1E78260F0E700BF883D0020024A536B21
:1090200018435063704700BF883D002038B5EFF308
:1090300011859DB9EFF30584C4F30804302334B1DE
:1090400083F31188FDF7EAFC85F3118838BD83F3BB
:109050001188FDF7E3FC84F3118838BDBDE8384082
:10906000FDF7DCBC70470000114BD3F8E82042F05C
:109070000802C3F8E820D3F8102142F00802C3F830
:1090800010210C4AD3F81031D36B43F00803D3639B
:10909000C722094B9A624FF0FF32DA6200229A61CE
:1090A0005A63DA605A6001225A611A60704700BF41
:1090B000004402580010005C000C0040094A08B54A
:1090C0001169D3680B40D9B29B076FEA01011161A6
:1090D00007D5302383F31188FDF7BAFA002383F311
:1090E000118808BD000C004010B5013902449042BF
:1090F00001D1002005E0037811F8014FA34201D00F
:10910000181B10BD0130F2E7884210B501EB0204D4
:1091100002D98442234607D8431EA14208D011F841
:10912000012B03F8012FF8E7024401468A4200D1DF
:1091300010BD13F8014D02F8014DF7E7C9B203461F
:1091400010F8012B1AB18A42F9D11846704700294C
:1091500018BF0023F9E70000034611F8012B03F8BC
:10916000012B002AF9D1704710B50139034632B1FD
:1091700011F8014F03F8014B013A002CF7D11A44C2
:109180000021934200D110BD03F8011BF9E7000054
:109190003236316635646466646435316236353042
:1091A0000000000012100000121100001213000055
:1091B0004D4435002D2D0A002F6172647570696C65
:1091C0006F742E6162696E002F6172647570696CD4
:1091D0006F742D7665726966792E6162696E002FF3
:1091E0006172647570696C6F742D666C6173682E42
:1091F0006162696E002F6172647570696C6F742DA5
:10920000666C61736865642E6162696E00000000BF
:109210000000000000000000150F0008D90F000832
:1092200029110008190F0008D10F000800000000E4
:1092300000000000110F0008E50F00086111000890
:109240000D0F0008410F000853544D333248373F8B
:109250003F3F0053544D3332483733782F373278FD
:109260000053544D3332483734332F3735332F378B
:109270003530000001105A00031059000120580039
:10928000032056002F0000005375636365737366F7
:10929000756C6C79206D6F756E74656420534443F2
:1092A0006172642028736C6F77646F776E3D2575EB
:1092B000290A0000EB7690455846415420202000B2
:1092C0004641543332202020000000002A3A3C3E20
:1092D0007C223F7F002B2C3B3D5B5D00435545418D
:1092E0004141414345454549494941414592924F94
:1092F0004F4F5555594F554F9C4F9E9F41494F5584
:10930000A5A5A6A7A8A9AAABACADAEAFB0B1B2B3A4
:10931000B4414141B8B9BABBBCBDBEBFC0C1C2C3F4
:10932000C4C54141C8C9CACBCCCDCECFD1D14545AA
:109330004549494949D9DADBDCDD49DF4FE14F4F87
:109340004F4FE6E8E85555555959EEEFF0F1F2F375
:10935000F4F5F6F7F8F9FAFBFCFDFEFF010305074B
:10936000090E10121416181C1E00000061001A03CA
:10937000E0001703F8000703FF0001007801000177
:10938000300132010601390110014A012E01790133
:10939000060180014D0043028101820182018401A6
:1093A000840186018701870189018A018B018B0174
:1093B0008D018E018F019001910191019301940122
:1093C000F60196019701980198013D029B019C01CD
:1093D0009D0120029F01A001A001A201A201A40100
:1093E000A401A601A701A701A901AA01AB01AC0133
:1093F000AC01AE01AF01AF01B101B201B301B301E4
:10940000B501B501B701B801B801BA01BB01BC0192
:10941000BC01BE01F701C001C101C201C301C40109
:10942000C501C401C701C801C701CA01CB01CA01F6
:10943000CD011001DD0101008E01DE011201F301F9
:109440000300F101F401F401F801280122021201E4
:109450003A020900652C3B023B023D02662C3F02AA
:1094600040024102410246020A01530240008101CA
:109470008601550289018A0158028F015A02900122
:109480005C025D025E025F0293016102620294016E
:109490006402650266026702970196016A02622C05
:1094A0006C026D026E029C01700271029D017302DA
:1094B00074029F0176027702780279027A027B02B7
:1094C0007C02642C7E027F02A60181028202A90135
:1094D0008402850286028702AE014402B101B20114
:1094E00045028D028E028F0290029102B7017B032A
:1094F0000300FD03FE03FF03AC030400860388039F
:1095000089038A03B1031103C2030200A303A30367
:10951000C4030803CC0303008C038E038F03D8031A
:109520001801F2030A00F903F303F403F503F60349
:10953000F703F703F903FA03FA0330042003500496
:109540001007600422018A043601C1040E01CF0411
:109550000100C004D004440161052604000000009D
:109560007D1D0100632C001E9601A01E5A01001FE4
:109570000806101F0606201F0806301F0806401F99
:109580000606511F0700591F521F5B1F541F5D1F06
:10959000561F5F1F601F0806701F0E00BA1FBB1FFB
:1095A000C81FC91FCA1FCB1FDA1FDB1FF81FF91FF7
:1095B000EA1FEB1FFA1FFB1F801F0806901F0806FB
:1095C000A01F0806B01F0400B81FB91FB21FBC1FA0
:1095D000CC1F0100C31FD01F0206E01F0206E51FBB
:1095E0000100EC1FF31F0100FC1F4E21010032217E
:1095F00070211002842101008321D0241A05302C0F
:109600002F04602C0201672C0601752C0201802CAE
:109610006401002D260841FF1A030000C700FC006A
:10962000E900E200E400E000E500E700EA00EB000A
:10963000E800EF00EE00EC00C400C500C900E60041
:10964000C600F400F600F200FB00F900FF00D600AF
:10965000DC00F800A300D800D7009201E100ED0083
:10966000F300FA00F100D100AA00BA00BF00AE007A
:10967000AC00BD00BC00A100AB00BB009125922551
:10968000932502252425C100C200C000A90063253E
:10969000512557255D25A200A50010251425342548
:1096A0002C251C2500253C25E300C3005A25542504
:1096B00069256625602550256C25A400F000D000A2
:1096C000CA00CB00C8003101CD00CE00CF00182564
:1096D0000C2588258425A600CC008025D300DF003A
:1096E000D400D200F500D500B500FE00DE00DA009F
:1096F000DB00D900FD00DD00AF00B400AD00B1001B
:109700001720BE00B600A700F700B800B000A80000
:10971000B700B900B300B200A025A00010000240BD
:10972000080002400008024000000B002800024030
:10973000080002400408024006010C0040000240FC
:10974000080002400808024010020D0058000240C4
:10975000080002400C08024016030E007000024090
:109760000C0002401008024000040F008800024074
:109770000C0002401408024006051000A000024040
:109780000C0002401808024010061100B800024008
:109790000C0002401C08024016072F001004024073
:1097A0000804024020080240000838002804024053
:1097B000080402402408024006093900400402401F
:1097C0000804024028080240100A3A0058040240E7
:1097D000080402402C080240160B3B0070040240B3
:1097E0000C04024030080240000C3C008804024097
:1097F0000C04024034080240060D4400A00402405C
:109800000C04024038080240100E4500B804024023
:109810000C0402403C080240160F46000100000004
:1098200000000000009600000000000000000000A2
:109830000000000000000000000000000000000028
:10984000B96C0008BD6C000829580008ED570008E5
:10985000E15600080D5700083957000881560008E6
:10986000000000005D5B0008495B0008855B0008A4
:10987000715B00087D5B0008695B0008555B0008B0
:10988000415B0008915B000800000000755C000867
:10989000615C00089D5C0008895C0008955C00081C
:1098A000815C00086D5C0008595C0008F55C0008EC
:1098B0000000000001000000000000006330000014
:1098C000BC9800080000000000000000003E0020DE
:1098D000304000200001806A00000000AAAAAAAA65
:1098E00000010064FFFF00000000000000A00A006B
:1098F0001000000100000000AAAAAAAA00000001AE
:10990000FBFF0000000000000000000000A0AA0211
:1099100000000000AAAAAAAA00505500FFFF0000FC
:1099200000000077CCCC0C002000000000000000FC
:10993000AAAAAAAA10000000FFFF0000000C000065
:10994000000000000001000000000000AAAAAAAA6E
:1099500000000000FFFF0000000000000000000009
:109960000000000000000000AAAAAAAA000000004F
:10997000FFFF0000000000000000000000000000E9
:1099800000000000AAAAAAAA00000000FFFF000031
:1099900000000000000000000000000000000000C7
:1099A000AAAAAAAA00000000FFFF00000000000011
:1099B000000000000000000000000000AAAAAAAAFF
:1099C00000000000FFFF0000000000000000000099
:1099D0000000000000000000AAAAAAAA00000000DF
:1099E000FFFF000000000000000000000000000079
:1099F00000000000AAAAAAAA00000000FFFF0000C1
:109A000000000000000000004172647550696C6F36
:109A1000740025424F415244252D424C00255345A8
:109A20005249414C250000000200000000000000E7
:109A30009D5E0008195F000840004000E0580020CB
:109A4000F0580020020000000000000003000000A9
:109A500000000000655F000800000000100000002A
:109A6000005900200000000001000000000000007C
:109A70005C5C002001010200B56D0008C56C0008A7
:109A8000616D0008456D000843000000909A0008D1
:109A900009024300020100C0320904000001020271
:109AA0000100052400100105240100010424020224
:109AB0000524060001070582030800FF09040100D0
:109AC000020A0000000705010240000007058102AC
:109AD0004000000012000000DC9A00081201100192
:109AE0000200004009124157000201020301000078
:109AF0000403090425424F41524425004857483782
:109B000000303132333435363738394142434445F9
:109B100046000000000000200000020002000000DB
:109B200000000030000004000800000000000024D5
:109B300000000800040000000004000000FC000019
:109B40000200000000000430008000000800000057
:109B50000000003800000100010000001F1C1F1E53
:109B60001F1E1F1F1E1F1E1F1F1D1F1E1F1E1F1F0C
:109B70001E1F1E1F00000000F9600008A1630008FE
:109B80003964000840004000945D0020945D00208E
:109B900001000000A45D00208000000040010000E2
:109BA0000800000000010000001000000800000094
:109BB00069646C65000000006D61696E002C0638F8
:109BC000040438080C10141C202425260000000072
:109BD000000064040100040000000000000C0010FC
:109BE000283034008468FF7F01000000FFFFFFFF82
:109BF000C70400000000000000001E00000000007C
:109C0000FF0000003840002018390020000000004C
:109C1000489200088304000053920008500400009A
:109C200061920008010000000000000000960000A2
:109C3000000008009600000000080000040000007A
:109C4000F09A000800000000000000000000000082
:0C9C500000000000000000000000000008
:00000001FF
