:020000040800F2
:1000000000060020E1020008E3020008E302000805
:10001000E3020008E3020008E3020008E30200082C
:10002000E3020008E3020008E3020008ED7700089D
:10003000E3020008E3020008E3020008E30200080C
:10004000E3020008E3020008E3020008E3020008FC
:10005000E3020008E3020008E3020008E3020008EC
:10006000E3020008E3020008E30200082947000851
:10007000514700087D470008A9470008D5470008F8
:10008000FD47000829480008E3020008E3020008D1
:10009000E3020008E3020008E3020008E3020008AC
:1000A000E3020008E3020008E3020008E30200089C
:1000B000E3020008E3020008E3020008E30200088C
:1000C000E3020008E3020008E3020008E30200087C
:1000D000E3020008E3020008E3020008E30200086C
:1000E000E3020008E3020008E3020008E30200085C
:1000F000E3020008E3020008E30200085548000894
:10010000E3020008AD870008D5870008E302000875
:10011000E3020008E3020008E3020008E30200082B
:1001200081480008A9480008D5480008014900088E
:100130002D490008E3020008E3020008E30200087A
:10014000E3020008E3020008E3020008E3020008FB
:100150005549000881490008AD490008E30200083C
:10016000E3020008E3020008E3020008E3020008DB
:10017000E302000885840008E3020008E3020008A7
:10018000E3020008E3020008C1870008E302000858
:10019000E3020008E3020008E3020008E3020008AB
:1001A000E3020008E3020008E3020008E30200089B
:1001B000E3020008E3020008E3020008E30200088B
:1001C000E3020008E3020008E3020008E30200087B
:1001D000E302000871840008E3020008E30200085B
:1001E000E3020008E3020008E3020008E30200085B
:1001F000E3020008E3020008E3020008E30200084B
:10020000E3020008E3020008E3020008E30200083A
:10021000E3020008E3020008E3020008E30200082A
:10022000E3020008E3020008E3020008E30200081A
:10023000E3020008E3020008E3020008E30200080A
:10024000E3020008E3020008E3020008E3020008FA
:10025000E3020008E3020008E3020008E3020008EA
:10026000E3020008E3020008E3020008E3020008DA
:10027000E3020008E3020008E3020008E3020008CA
:10028000E3020008E3020008E3020008E3020008BA
:10029000E3020008E3020008E3020008E3020008AA
:1002A000E3020008E3020008E3020008E30200089A
:1002B000E3020008E3020008E3020008E30200088A
:1002C000E3020008E3020008E3020008E30200087A
:1002D000E3020008E3020008E3020008E30200086A
:1002E00002E000F000F8FEE772B6374880F30888B5
:1002F000364880F3098836483649086040F20000E5
:10030000CCF200004EF63471CEF200010860BFF36B
:100310004F8FBFF36F8F40F20000C0F2F0004EF637
:100320008851CEF200010860BFF34F8FBFF36F8F8B
:100330004FF00000E1EE100A4EF63C71CEF20001E3
:100340000860022080F31488BFF36F8F07F0B0FAC3
:1003500006F028FC4FF055301F491B4A91423CBF24
:1003600041F8040BFAE71D49184A91423CBF41F895
:10037000040BFAE71A491B4A1B4B9A423EBF51F83D
:10038000040B42F8040BF8E700201849184A914280
:100390003CBF41F8040BFAE707F0C8FA06F086FC08
:1003A000144C154DAC4203DA54F8041B8847F9E7A6
:1003B00000F0C4F9114C124DAC4203DA54F8041B9E
:1003C0008847F9E707F0B0BA0006002000220020B5
:1003D0000000000808ED00E00000002000060020FA
:1003E000489C0008002200206C220020702200207F
:1003F000D45D0020E0020008E0020008E0020008EE
:10040000E00200082DE9F04F2DED108AC1F80CD064
:10041000D0F80CD0BDEC108ABDE8F08F002383F338
:1004200011882846A047002006F09EF9FEE706F056
:10043000F1F800DFFEE7000053B94AB9002908BF10
:1004400000281CBF4FF0FF314FF0FF3000F074B9AF
:10045000ADF1080C6DE904CE00F006F8DDF804E01B
:10046000DDE9022304B070472DE9F047089D0446FA
:100470008E46002B4DD18A42944669D9B2FA82F257
:1004800052B101FA02F3C2F1200120FA01F10CFA93
:1004900002FC41EA030E94404FEA1C48210CBEFBCB
:1004A000F8F61FFA8CF708FB16E341EA034306FB54
:1004B00007F199420AD91CEB030306F1FF3080F0E3
:1004C0001F81994240F21C81023E63445B1AA4B230
:1004D000B3FBF8F008FB103344EA034400FB07F7D2
:1004E000A7420AD91CEB040400F1FF3380F00A8113
:1004F000A74240F207816444023840EA0640E41B08
:1005000000261DB1D4400023C5E900433146BDE8B3
:10051000F0878B4209D9002D00F0EF800026C5E955
:10052000000130463146BDE8F087B3FA83F6002E6D
:100530004AD18B4202D3824200F2F980841A61EBE5
:10054000030301209E46002DE0D0C5E9004EDDE703
:1005500002B9FFDEB2FA82F2002A40F09280A1EBEB
:100560000C014FEA1C471FFA8CFE0126200CB1FB40
:10057000F7F307FB131140EA01410EFB03F0884239
:1005800008D91CEB010103F1FF3802D2884200F2C6
:10059000CB804346091AA4B2B1FBF7F007FB101158
:1005A00044EA01440EFB00FEA64508D91CEB0404F6
:1005B00000F1FF3102D2A64500F2BB800846A4EB51
:1005C0000E0440EA03409CE7C6F12007B34022FA3C
:1005D00007FC4CEA030C20FA07F401FA06F31C436B
:1005E000F9404FEA1C4900FA06F3B1FBF9F8200C78
:1005F0001FFA8CFE09FB181140EA014108FB0EF0BE
:10060000884202FA06F20BD91CEB010108F1FF3A0D
:1006100080F08880884240F28580A8F10208614419
:10062000091AA4B2B1FBF9F009FB101144EA014127
:1006300000FB0EFE8E4508D91CEB010100F1FF34D2
:100640006CD28E456AD90238614440EA0840A0FB6A
:100650000294A1EB0E01A142C846A64656D353D040
:100660005DB1B3EB080261EB0E0101FA07F722FA64
:1006700006F3F1401F43C5E9007100263146BDE88D
:10068000F087C2F12003D8400CFA02FC21FA03F3F0
:10069000914001434FEA1C471FFA8CFEB3FBF7F071
:1006A00007FB10360B0C43EA064300FB0EF69E4296
:1006B00004FA02F408D91CEB030300F1FF382FD22F
:1006C0009E422DD9023863449B1B89B2B3FBF7F6D7
:1006D00007FB163341EA034106FB0EF38B4208D9B0
:1006E0001CEB010106F1FF3816D28B4214D9023EF1
:1006F0006144C91A46EA004638E72E46284605E70F
:100700000646E3E61846F8E64B45A9D2B9EB0208DF
:1007100064EB0C0E0138A3E74646EAE7204694E76F
:100720004046D1E7D0467BE7023B614432E73046A2
:1007300009E76444023842E7704700BF38B501F06A
:10074000EBF901F0AFFB06F04DFF054607F040F86E
:100750000446D0B90F4B9D4219D001339D4241F25E
:10076000883504BF01240025002006F045FF0CB1A8
:1007700000F076F801F034FB00F012FD08B100F053
:100780006FF8284600F01AF9F9E70025ECE705466E
:10079000EAE700BF010007B008B501F089F9A0F150
:1007A00020035842584108BD07B5042101900DEBC4
:1007B000010001F09BF903B05DF804FB38B530236C
:1007C00083F31188174803680BB106F0B1F80023D2
:1007D000154A4FF47A71134806F0A0F8002383F30A
:1007E0001188124C236813B12368013B23606368AE
:1007F00013B16368013B63600D4D2B7833B96368B7
:100800007BB9022001F04EFA322363602B78032B70
:1008100007D163682BB9022001F044FA4FF47A73D0
:10082000636038BD70220020BD07000890230020BF
:1008300088220020084B187003280CD8DFE800F04D
:1008400008050208022001F01FBA022001F00CBACC
:10085000024B00225A60704788220020902300201B
:10086000F8B5504B504A1C461968013100F0998088
:1008700004339342F8D162684C4B9A4240F2918023
:100880004B4B9B6803F1006303F500339A4280F001
:100890008880002001F05AF90220FFF7CBFF454B7A
:1008A0000021D3F8E820C3F8E810D3F81021C3F8EA
:1008B0001011D3F81021D3F8EC20C3F8EC10D3F8C2
:1008C0001421C3F81411D3F81421D3F8F020C3F87D
:1008D000F010D3F81821C3F81811D3F81821D3F861
:1008E000802042F00062C3F88020D3F8802022F0FC
:1008F0000062C3F88020D3F88020D3F8802042F033
:100900000072C3F88020D3F8802022F00072C3F870
:100910008020D3F8803072B64FF0E023C3F8084D42
:10092000D4E90004BFF34F8FBFF36F8F224AC2F8A0
:100930008410BFF34F8F536923F480335361BFF3A7
:100940004F8FD2F8803043F6E076C3F3C905C3F386
:100950004E335B0103EA060C29464CEA81770139E4
:10096000C2F87472F9D2203B13F1200FF2D1BFF319
:100970004F8FBFF36F8FBFF34F8FBFF36F8F5369ED
:1009800023F4003353610023C2F85032BFF34F8F7A
:10099000BFF36F8F302383F31188854680F3088877
:1009A0002047F8BD0000020820000208FFFF0108F0
:1009B000002200200044025800ED00E02DE9F04F35
:1009C00095B0DFF8D8922022FF21029004A8D9F830
:1009D000085001F0AFF9A84A1378A3B90121A7483C
:1009E00011700360302383F3118803680BB105F0A5
:1009F0009FFF0023A24A4FF47A71A04805F08EFFB2
:100A0000002383F31188029B13B19E4B029A1A6054
:100A10009D4A1378032B03D000231370994A536027
:100A20004FF0000B029C5E46DA46CDF804B0012080
:100A300001F02AF924B1934B1B68002B00F02882A7
:100A4000002001F035F8B0F10008F3DB012001F0DF
:100A50000BF9A8F121031F2BE9D801A252F823F0CA
:100A6000E10A0008FD0A00088B0B00082F0A0008A5
:100A70002F0A00082F0A0008150C0008070E0008AE
:100A8000F90C0008550D00087B0D0008A10D0008A9
:100A90002F0A0008B30D0008D70D00084F0E0008FC
:100AA000690B00082F0A0008970E0008ED0A0008DD
:100AB000690B00082F0A0008550D00082F0A0008CE
:100AC0002F0A00082F0A00082F0A00082F0A000822
:100AD0002F0A00082F0A00082F0A00088B0B0008B5
:100AE0000220FFF759FE002840F0FF81029B0221FF
:100AF0006648BBF1000F08BF1C4640E04FF47A7017
:100B000000F0D6FF071EF1DB0220FFF745FE0028AC
:100B1000ECD0013F052F00F2EA81DFE807F0030780
:100B20000A0D10330520FFF73FFE14E0D9F800004E
:100B3000F9E7D9F80400F6E7D9F80800F3E74FF031
:100B40001C08404608F1040801F002F8FFF72CFEEB
:100B5000B8F12C0FF5D10120019B4FF0000A00FAEB
:100B600007F71F43FBB2019301F030F92EB1019B4F
:100B700003F00B030B2B08BF00240221444800F0B4
:100B8000B5FF54E7D9F80C00CDE7002EAED0019B9D
:100B900003F00B030B2BA9D10220FFF7FDFD074645
:100BA0000028A3D00120002600F0D0FF0220FFF78C
:100BB00041FE1FFA86FB584600F0D8FF044688B174
:100BC000A8F14002584601365142514100F0DEFF83
:100BD0000028EED1BB46044602212E483E4600F0D6
:100BE00085FF24E725460120FFF724FED9F80830C9
:100BF000AB4207D9284600F0ABFF013040F07A81C4
:100C00000435F3E70025204BBB463E461D701D4BC7
:100C10005D60A9E7002E3FF469AF019B03F00B0371
:100C20000B2B7FF463AF0220FFF704FE322000F0AD
:100C30003FFFB0F10008FFF659AF18F003077FF44B
:100C400055AF08EB0503D9F8082093423FF64EAFA5
:100C5000B8F5807F3FF74AAF0F4BB84503931FDDD0
:100C60004FF47A7000F024FF0028FFF63FAF039B9B
:100C7000013703F8010BF0E78C23002070220020DD
:100C8000BD0700089023002088220020FC91000866
:100C9000F4910008F89100088C2200200022002026
:100CA000C820FFF779FD074600283FF41FAF1F2D2E
:100CB00011D8C5F1200204AB25F003008F4942454D
:100CC000184428BF4246039201F00EF8039AFF2110
:100CD0008A4801F02FF84FEAA803C8F38702874932
:100CE0002846039301F02EF8064600283FF474AF1F
:100CF000039B05EB830537E70220FFF74DFD002836
:100D00003FF4F4AE00F060FF00283FF4EFAE0027A0
:100D1000B846D9F80830BB4218D91F2F11D8049B08
:100D200001330ED027F0030314AA134453F8403CB8
:100D30000C93404604220CA9043701F04BF980467D
:100D4000E7E7384600F004FF0C90F2E74046FFF773
:100D50002BFD09E7002364210CA80C9300F0BCFED6
:100D600000287FF4C3AE0220FFF716FD00283FF4F1
:100D7000BDAE0C9800F01EFFE9E7002364210CA82B
:100D80000C9300F0A9FE00287FF4B0AE0220FFF71C
:100D900003FD00283FF4AAAE0C9800F00DFFD6E743
:100DA0000220FFF7F9FC00283FF4A0AE00F01CFF82
:100DB000CDE70220FFF7F0FC00283FF497AE0CA926
:100DC000142000F017FF0390FFF7EEFC03990CA826
:100DD00000F08CFEC8E60220FFF7DEFC00283FF49E
:100DE00085AE474B0CAF03F1100C1868083353F86D
:100DF000041C3A46634503C21746F6D11020FFF79C
:100E0000D3FC1021E3E7322000F052FE071EFFF66C
:100E10006DAEBB077FF46AAE07EB0A03D9F8082072
:100E200093423FF663AE0220FFF7B6FC00283FF482
:100E30005DAE27F003075744BA453FF495AE5046E0
:100E40000AF1040A00F084FEFFF7AEFCF4E74FF469
:100E50007A70FFF7A1FC00283FF448AE00F0B4FE22
:100E6000002849D0049B01330BD0082204A900209C
:100E700000F068FF00283FD02022FF2104A800F0E6
:100E800059FF2048022100F031FE1F4805F072FC96
:100E900015B0BDE8F08F002E3FF428AE019B03F0A3
:100EA0000B030B2B7FF422AE002364210CA80C93C0
:100EB00000F012FE074600287FF418AE0220FFF76C
:100EC0006BFC804600283FF411AE02210D4800F073
:100ED0000DFE41F2883005F04DFC0C9800F0C0FF8B
:100EE00046463C4600F072FFA1E506463CE64FF060
:100EF000000AFBE5BB466FE637466DE68C22002014
:100F0000E0910008F4910008A086010070470000FD
:100F1000704700007047000038B505461446084683
:100F20000322064900F0EAFE38B905F1080220461E
:100F30001021BDE8384001F079B838BD00920008B2
:100F40002DE9F04100F58037044616463B7C5BB93D
:100F5000C0681030204400F0C7FEE5683544B5F5A0
:100F6000004FE56002D816B1BDE8F081DEB905F0AA
:100F70007F0605F110000021C6F180062044F6B27C
:100F800032462E4400F0D6FEA06804F11008324626
:100F900000F10060414600F5003006F0C3F830B9BA
:100FA00001233B74E0E74FF400463546ECE7A268C6
:100FB00005F11001404632442144A260E268521B10
:100FC000E26000F091FE0220BDE8F04100F06ABE50
:100FD000183000F0B9BC000010B5044601F050F81C
:100FE000204610BD10B5044601F04AF8204610BD59
:100FF0002DE9F04FADF53F7D0746416801222AA853
:1010000002F03EFF002840F0878006468246814677
:101010001125DFF80C81DFF80CB101AB4FF48052E1
:1010200041462AA803F08CF8002875D1019AB2F540
:10103000805F71D8002A65D00446019A9442ECD2B0
:10104000282D0FD008DC132D2DD01E2D39D0112DB9
:1010500013D00134A4B2F0E7322D2DD0372D2FD08C
:101060002D2DF6D13B68121B08EB040138461B6995
:101070002D259847BDF80440EBE7121B022A09D939
:10108000594608EB040000F039FE18B9023428254F
:10109000A4B2DEE718F804303A2B3DD00A2B1CBF6F
:1010A000A1461325D5E718F804300A2B34D03A2B83
:1010B00004BFA2463225CCE718F80430202BC8D054
:1010C000264618F804300A2B1AD1AAEB090208EBBD
:1010D000090102A811254F2A28BF4F2208F06CF8F9
:1010E000A21B08EB060116A84F2A28BF4F2208F0C2
:1010F00063F83B6816AA02A9DB6838469847A8E758
:101100001E25A6E73B68384604491B69984701201D
:101110000DF53F7DBDE8F08F0020F9E70293000850
:10112000982300200492000800F1180110B504462D
:1011300086B00846019100F0F1FB2046FFF758FF0A
:1011400060B1019902A800F049FC102204F10801E5
:1011500002A807F0F1FFB0FA80F0400906B010BD18
:1011600070B504460025EEB2304600F0FFFC58B1E1
:1011700000213046013500F009FD08B9002070BD9E
:10118000022000F08FFDEEE72046FFF731FF002838
:10119000F4D004F58034207C80F00100EFE70000FB
:1011A000F0B5C9B006F036FA00F0C8FF18B900254E
:1011B000284649B0F0BD69462A4803F083F8002864
:1011C0004BD1294C204603F0ADF8284803F0AAF88B
:1011D000274803F0A7F82146224803F01FF900280A
:1011E000E5D1702000F046FF064610B1214B446067
:1011F0000360336830469B689847054600282ED028
:101200001A4F1948394603F009F905460028CED18E
:10121000194800F02FFF044638B1184B47600360AF
:1012200000F58033C0E902551D74236820469B6891
:101230009847054628B10E490C4803F0EFF80028FE
:10124000B5D1336830465B6898471CB123682046A7
:101250005B68984700F018FFAAE70025FAE7044604
:10126000EFE700BF08920008189200082F920008CC
:10127000459200086892000814000100849200085A
:101280002DE9F04FD44A8DB00B68D0F804A001933B
:101290001A440368D14E1A44D1F81C90DFF8B4C345
:1012A000DFF8B4B3D0E90234634003EA0A036340D1
:1012B00013444A6802920AEB7363029CC84A2244B0
:1012C000C468224484688AEA04051D4065401544C8
:1012D0008A68039203EB3555039CC24A2244846812
:1012E00022448AEA03042C4084EA0A041444CA68AB
:1012F00005EBF4340492164483EA05022240564476
:101300005A4032440E69059604EBB222059FB64E50
:101310003E441E4485EA040313406B4033444E6947
:10132000069602EB7363069FB04E3E442E4484EA59
:1013300002051D40654035448E69079603EB35551F
:10134000079FAB4E3E44264482EA03042C4054409F
:101350003444A84E4E4405EBF434164483EA0502A7
:1013600022405A4032440E6A089604EBB222089F8B
:10137000A14E3E441E4485EA040313406B403344AF
:101380004E6A099602EB7363099F9C4ED1F830E0D8
:101390003E44D1F83880F3442E4484EA02051D40CF
:1013A000654035448E6AA6F5244703EB35550A9609
:1013B0004F3F274482EA03042C4054403C44CF6A08
:1013C0000B9705EBF4340B9E8D4F3744029E174468
:1013D00083EA050222405A403A448A4F774404EB9C
:1013E000B2221F4485EA040313406B403B444F6B19
:1013F000BC4402EB7363654484EA020C0CEA030C00
:101400008CEA040C6544DFF854C2C44403EB355540
:10141000A44482EA03042C4054406444D1F83CC004
:10142000794905EBF4346144114483EA0502224012
:101430005A400A44754904EBB2223144079E1944CC
:1014400084EA02032B4063400B44714902EBF363CF
:1014500031440B9E0D4482EA03012140514029444E
:101460006C4D03EBF1513544019E254483EA0104A0
:1014700014405C402C44684D01EBB4443544069E56
:10148000154481EA04021A404A402A44634D04EBA1
:10149000323235440A9E1D4484EA02030B40634005
:1014A0002B445F4D02EBF3633544059E0D4482EA05
:1014B00003012140514029445A4D03EBF151654449
:1014C000254483EA010414405C402C44564D01EB52
:1014D000B4443544099E154481EA04021A404A4046
:1014E0002A44524D04EB32323544049E1D4484EAB2
:1014F00002030B4063402B444D4D02EBF363454424
:101500000D4482EA0301214051402944494D03EB37
:10151000F1513544089E2C4483EA010515405D4095
:101520002C44454D01EBB4443544039E2A4481EAE2
:1015300004051D404D402A44404D04EB32323D44E9
:101540002B4484EA020593440D4065402B443C4DF6
:1015500002EBF3633544069E294482EA03052540E5
:1015600055402944374D03EBF1514D442C4483EA57
:10157000010515405D40254401EBB54581EA0504B0
:1015800004EA03024A405A44A6F5B82B089E05EB2C
:101590003232ABF2BE6B54405B4423442A4C344499
:1015A00002EB33730B9E0C4485EA0201594021443F
:1015B000264C344403EB7151029E254482EA030415
:1015C0004C402544224C444401EB3545144483EA05
:1015D00001026A40224443E078A46AD7EECEBDC13E
:1015E00056B7C7E8DB702024AF0F7CF52AC68747C3
:1015F000134630A8019546FDD8988069AFF7448B13
:10160000BED75C892211906B2108B44962251EF671
:1016100040B340C0515A5E26AAC7B6E95D102FD626
:101620005314440281E6A1D8C8FBD3E7E6CDE121FB
:10163000D60737C3870DD5F4ED145A4505E9E3A95C
:10164000F8A3EFFCD9026F6781F6718722619D6D67
:101650000C38E5FD937198FD8A4C2A8D8E4379A64E
:10166000934C344405EB7222059E1C4481EA050329
:10167000534023448F4C344402EB33730A9E0C4492
:1016800085EA0201594021448B4C4C4403EB7151D3
:10169000254482EA03044C402C44884D354401EB38
:1016A0003444019E154483EA010262402A44844D79
:1016B0003D4404EB72221D4481EA040353402B4451
:1016C000804D354402EB3373049E294484EA0205BD
:1016D0005D4029447C4D354403EB7151079E254400
:1016E00082EA03044C402C44784D354401EB3444E9
:1016F000099E2A4483EA010565401544744A324430
:1017000004EB7525039E134481EA04026A401A44DF
:10171000704B734405EB32720B4484EA050151406F
:1017200019446D4B634402EB71511C4485EA02037A
:101730004B401C44694B334401EB3444019E1D442F
:1017400082EA010363402B44654D04EB7323354467
:10175000069E154463EA010262402A44614D03EB90
:10176000B2624D4462EA040929445F4D89EA0309E3
:10177000454449442C445D4D02EBB1513544049E2F
:1017800061EA03081D4488EA0208444401EB7444FA
:1017900064EA02034B402B44554D04EBF32375449C
:1017A00063EA010E15448EEA040E0EEB0502514D5C
:1017B00003EBB262354462EA040E29440A9D8EEAC4
:1017C000030EA5F580164C4D7144A6F6833602EB48
:1017D000B151264461EA030454403444029E01EBB3
:1017E0007444354464EA02061D444E407319089E51
:1017F000424D04EBF323354463EA01061544664089
:1018000072193F4D03EBB262654462EA0406294453
:101810003C4D5E403144079E02EBB151354461EAD4
:1018200003062C44384D56403D443444059E1D4427
:1018300001EB744464EA02034B402B44334D04EB48
:10184000F32335440B9E154463EA010262402A44A7
:101850002F4D03EBB2623544039E0D4462EA04014E
:10186000594029442B4D02EBB15135442A4E2544B1
:1018700061EA030454402C44099D01EB74442E4456
:1018800064EA02051E4485EA01039D1903681A44AF
:101890000AEB040303EBF5230260436083681C44F6
:1018A000C36819448460C1600DB0BDE8F08F00BF0B
:1018B00044EABEA4A9CFDE4B604BBBF670BCBFBEF2
:1018C000C67E9B28FA27A1EA8530EFD4051D88043F
:1018D00039D0D4D9E599DBE6F87CA21F6556ACC4B3
:1018E000442229F497FF2A43A72394AB39A093FC01
:1018F000C3595B6592CC0C8FD15D84854F7EA86FF8
:10190000E0E62CFE144301A3A111084E827E53F79A
:1019100035F23ABDBBD2D72A91D386EB094B03608F
:1019200003F18833436003F12943A3F59613A3F62B
:101930008B638360A3F18833C3600023C0E9043361
:10194000704700BF012345672DE9F843144602693B
:1019500005460E46E300C2F3C50800F118079B18C0
:10196000036122BF43690133436112F4FC7F436981
:1019700003EB5473436114D0C8F1400907EB08002E
:101980004C4504D22246BDE8F84307F0E5BB403C95
:101990004A464E4407F0E0FB444439462846FFF7E8
:1019A0006FFCA04606EB0409B8F13F0FA9EB080154
:1019B0000AD94022384607F0CFFB39462846A8F11D
:1019C0004008FFF75DFCEFE7A1096FF03F023846E2
:1019D00002FB014206EB8111D5E7000070B50B69EF
:1019E00001F1180506460C46C3F3C503EA18501C5E
:1019F0008022EA54C3F13F02072A1FD8002100F0D9
:101A000099F929462046FFF73BFC38220021284659
:101A100000F090F9236929462046236563696365D0
:101A2000FFF72EFC21461022304607F095FB20469A
:101A300058220021BDE8704000F07CB9C3F13702A4
:101A40000021E5E72DE9F84F4FF47A7306460D467D
:101A5000002402FB03F7DFF85080DFF8509098F97C
:101A600000305FFA84FA5A1C01D0A34212D159F80F
:101A700024002A4631460368D3F820B03B46D847B5
:101A8000854207D1074B012083F800A0BDE8F88FFD
:101A90000124E4E7002CFBD04FF4FA7004F06AFE56
:101AA0000020F3E7DC330020102200201422002065
:101AB000002307B5024601210DF107008DF807301C
:101AC000FFF7C0FF20B19DF8070003B05DF804FBED
:101AD0004FF0FF30F9E700000A46042108B5FFF790
:101AE000B1FF80F00100C0B2404208BD074B0A467A
:101AF00030B41978064B53F821400146236820463C
:101B0000DD69044BAC4630BC604700BFDC330020CD
:101B100014220020A086010070B50A4E00240A4D50
:101B200005F0A4FA308028683388834208D905F08C
:101B300099FA2B6804440133B4F5003F2B60F2D3CB
:101B400070BD00BFDE3300209833002005F068BB75
:101B500000F1006000F500300068704700F100609F
:101B6000920000F5003005F0DDBA0000054B1A6860
:101B7000054B1B889B1A834202D9104405F072BAA8
:101B80000020704798330020DE33002038B504462B
:101B9000074D29B128682044BDE8384005F07ABADD
:101BA0002868204405F064FA0028F3D038BD00BF4F
:101BB000983300200020704700F1FF5000F58F108F
:101BC000D0F8000870470000064991F8243033B17E
:101BD00000230822086A81F82430FFF7BFBF0120E4
:101BE000704700BF9C330020014B1868704700BF4E
:101BF0000010005C194B01380322084470B51D68C1
:101C0000174BC5F30B042D0C1E88A6420BD15C6844
:101C10000A46013C824213460FD214F9016F4EB1BD
:101C200002F8016BF6E7013A03F10803ECD18142B7
:101C30000B4602D22C2203F8012B0424094A1688F1
:101C4000AE4204D1984284BF967803F8016B013C00
:101C500002F10402F3D1581A70BD00BF0010005CFD
:101C60001C220020C4920008022804D1054B4FF426
:101C700000029A6170470128FCD1024B4FF48002A8
:101C8000F7E700BF00080258022803D1044B802266
:101C90009A6170470128FCD1014B4022F8E700BF50
:101CA00000080258022805D1064A536983F08003D0
:101CB000536170470128FCD1024A536983F0400305
:101CC000F6E700BF0008025870B504464FF47A7674
:101CD0004CB1412C254628BF412506FB05F0641B6D
:101CE00004F048FDF4E770BD002310B5934203D023
:101CF000CC5CC4540133F9E710BD0000013810B5C5
:101D000010F9013F3BB191F900409C4203D11AB157
:101D10000131013AF4E71AB191F90020981A10BD87
:101D20001046FCE703460246D01A12F9011B0029AF
:101D3000FAD1704702440346934202D003F8011BD4
:101D4000FAE770472DE9F8431F4D144607468846C9
:101D500095F8242052BBDFF870909CB395F824309E
:101D60002BB92022FF2148462F62FFF7E3FF95F8A9
:101D700024004146C0F1080205EB8000A24228BFC2
:101D80002246D6B29200FFF7AFFF95F82430A41B8D
:101D900017441E449044E4B2F6B2082E85F824603D
:101DA000DBD1FFF711FF0028D7D108E02B6A03EB46
:101DB00082038342CFD0FFF707FF0028CBD100205A
:101DC000BDE8F8830120FBE79C330020024B1A7822
:101DD000024B1A70704700BFDC3300201022002035
:101DE00038B51A4C1A4D204603F0B0FF294620465C
:101DF00003F0D8FF2D684FF47A70D5F89020D2F810
:101E0000043843F00203C2F80438FFF75DFF1149BC
:101E1000284604F0F7F8D5F890200F4DD2F8043892
:101E2000286823F002030D49A042C2F804384FF499
:101E3000E1330B6001D003F0E3FE6868A04204D0F8
:101E40000649BDE8384003F0DBBE38BD384000200D
:101E5000C09A0008C89A000814220020C433002049
:101E60000C4B70B50C4D04461E780C4B55F82620D3
:101E70009A420DD00A4B002118221846FFF75AFF4C
:101E80000460014655F82600BDE8704003F0B8BE76
:101E900070BD00BFDC330020142200203840002039
:101EA000C43300202DE9F04771B6464B01201D6870
:101EB000454BB3F8008000231A46194602F01EFE77
:101EC0000446802005F04CFA0746002862D0002C1A
:101ED00060D03E4EADB24FF0800A7369284643F0A1
:101EE000C0637361D6F8143143F0C063C6F814318F
:101EF00005F0B8F805EB080200FB05F34FF4D06CD1
:101F000050434FF03D0E984233D93269520144D4C8
:101F1000D6F81021510140D4216803F100628A6093
:101F20002268D7602268C2F804A02268C2F800C004
:101F3000D4F80090D9F8002042F00102C9F800203E
:101F4000D4F80090D9F8002022F01E02C9F8002031
:101F5000D4F80090D9F80020D207FBD494F80C9064
:101F6000803361680EFA09F20A60CCE7002005F0C0
:101F700057F9204602F002FE384605F02DFA134BC1
:101F80005A6942F0C0625A61D3F8142142F0C0622B
:101F9000C3F8142161B6BDE8F0870D4B9A6A42F48C
:101FA00000729A629A6A42F400429A6261B600260E
:101FB000012005F035F9B045D8D9A819013605F04A
:101FC00069F8F8E798330020DE3300200020005243
:101FD00000ED00E030B50A44084D91420DD011F8F3
:101FE000013B5840082340F30004013B2C4013F010
:101FF000FF0384EA5000F6D1EFE730BD2083B8ED4F
:1020000000F00F0300F0F00200F0D000402806D0EE
:10201000302A09D1092B07D801200B7070475A1EAE
:10202000052A01D80933F7E70020704773B5144635
:10203000451C8E18B4421AD00DF1060115F8010C9A
:10204000FFF7DEFF10B9002002B070BD0DF10701EF
:1020500015F8020BFFF7D4FF0028F4D09DF80620F6
:102060009DF8073043EA021304F8013BE2E7012040
:10207000EAE700000121884238BF084605F0A8B908
:1020800008B105F0A9B9704710B5084C01220849FC
:10209000002001F0D1FE23783BB1064803F0CAFBD3
:1020A000044803F05BFD0023237010BDE0330020E3
:1020B000D4920008C03600202DE9F8431C4C074696
:1020C00088461C4D236DBBB901224FF4004104F139
:1020D000500005F0C5FA236D1B686BB901224FF45F
:1020E000805104F1500005F0BBFA236D1B681BB949
:1020F00000202870BDE8F8832B780BB1FFF7C4FFF0
:102100000026DFF834900A4C4645F1D00A492046B3
:10211000C9F8047003F014FD2046013603F0A8FB53
:1021200018B1204603F01AFDEEE70120E1E700BFF9
:10213000C0360020E033002034220020F8B503240C
:102140000D4E0E4F01210020FFF7B6FF054668B186
:1021500031460122384601F06FFE014620B9084899
:1021600000F010F82846F8BDFFF78EFF013C14F090
:10217000FF04E7D12546F5E7D4920008E4330020B8
:10218000D89200080FB4002004B070470068704770
:1021900003460068596870470B0A017043700B0CC6
:1021A000090E8370C1707047110A0270037141708B
:1021B000110C120E8170C2701A0A42711A0C1B0E99
:1021C0008271C37170470000C36A0239023B8B42BF
:1021D00083BF4389006C01FB0300002070470000AF
:1021E000C2F307238A76CB760378032B01BF120C48
:1021F0000A75120A4A75704700F10B010022D301DB
:1022000043EA520310F8012B52FA83F38842DAB200
:10221000F5D110467047000010B541780446002003
:10222000013102464901022A16BFA35C032203EBD7
:10223000C03302F101021EBF9BB203EB500398B200
:102240009142F0D810BD000002684AB1134613F85D
:10225000011B1F290DD93A29F9D1911C8B4202D0BB
:102260004FF0FF3070471278302AF9D10360002018
:102270007047014B187870473036002038B50D464E
:10228000044618B9092000232B6038BD0368002BD1
:10229000F8D01A78002AF5D08188DA889142F1D1F5
:1022A000587804F003FC10F00100EBD12368EBE751
:1022B00038B50D4640F25231144602F0B9F9FF2804
:1022C00007D9012C0BD9030A022468702B70204611
:1022D00038BD30B1002CFAD001242870F7E7002473
:1022E000F5E70446F3E700002DE9F8430026D0F8AF
:1022F000008005460C468E76836B002B4AD098F8FA
:102300000030042B4BD133463546402720E0B7F54B
:10231000187F80F0C480F90606F1010608BF023775
:10232000D05B02372BB900F5205292B2B2F5006FA4
:102330000DD305F11A01C5F1FF0240EA0340214423
:10234000FFF7B6FF002800F0AA80054400200346EE
:10235000D8F8102092F82310B142D8D8002B40F0C2
:102360009E80002D00F09B8000232544AB76637394
:10237000D8F81020137903F03701DB0621730BD452
:1023800002F13800FFF704FFC4E90001938963817B
:10239000D3892381BDE8F88300200146F4E7C36CAC
:1023A00001335ED1EA6B00232E26551E184615F820
:1023B000011F013020290CD0052908BFE52109287B
:1023C00004D10B2B9EBFE71801337E73E71801334E
:1023D00079730B28EBD1E11800204873A17E002906
:1023E0004BD1002B40D06FF00C0604F10D000825F6
:1023F000361B331810F8011B002938D02E298BB258
:102400004AD0A3F14101192903D8117B0D4200D014
:1024100020330373EDE7B9F1000F05D100F5205328
:102420009BB2B3F5006F0BD307F11A01C7F1FF029E
:1024300040EA09402144FFF73BFF48B10744002030
:1024400002368146D8F80C30985B0028E3D1384634
:10245000B9F1000F4FF0000218BF002023189A7640
:10246000A0E7B1463746EDE73F23A3760123234497
:1024700000219976137B03B96373D37A02F11C00B0
:1024800003F03F0323730023FFF780FE20606360A7
:10249000D38A6381138B7CE710250B46B9E73F2372
:1024A0000125A37660E7000038B50546002435F81D
:1024B000020B08B9204638BD02F0EEF86308C2B23C
:1024C00003EBC43312FA83F39AB2C0F3072303EB8E
:1024D000520303EBC2339CB2E9E7000037B5C3787F
:1024E00004461BB90025284603B030BD00F14C015D
:1024F000826C01234078019104F0FEFA054680B910
:10250000A36BE070A06C226BC31A9342EAD2A3784B
:102510000199022BE6D102440123607804F0ECFA21
:10252000E1E70125DFE7000038B5836C05460C467E
:102530008B4210D0FFF7D2FF60B92246012305F18C
:102540004C01687804F0B4FA00281CBF4FF0FF3447
:102550000120AC6438BD0020FCE7000038B5002342
:102560000446C3704FF0FF338364FFF7DDFF00289C
:102570004BD1B4F84A524AF655239D4207D10B225B
:10258000254904F14C0006F0D7FD00283FD094F80F
:102590004C30EB2B03D01833DBB2012B2ED84AF68C
:1025A00055239D4206D108221C4904F19E0006F0E5
:1025B000C3FD48B3B4F85730B3F5007F1ED194F88B
:1025C0005930DBB15A1E1A4218D1B4F85A30ABB1A7
:1025D00094F85C30013B012B10D8B4F85D306BB13E
:1025E000B4F85F307F2B06D804F16C00FFF7CEFD06
:1025F000B0F5803F02D3B4F8623053B94AF65520A3
:1026000085420CBF0220032038BD0420FCE70120D6
:10261000FAE70020F8E700BF0493000810930008D1
:1026200002392DE9F04701F007044FF0010A466C2A
:1026300005460AFA04F41746984606EB1136C1F32C
:10264000C809E4B2314628460136FFF76DFF18B1DC
:102650000120BDE8F087994605EB090292F84C305D
:10266000234214BF01210021414513D06340013FA3
:1026700082F84C3085F803A0EBD0640014F0FF041E
:10268000EAD109F1010301244FF00009B3F5007FFD
:10269000E1D1D7E70220DCE701290246F8B50C4674
:1026A00040F28C800668F36A8B4240F28780337870
:1026B000013B032B00F28280DFE803F00229384B54
:1026C00004EB5405B16B304601EB5521FFF72CFFAD
:1026D00010B14FF0FF30F8BD6F1CC5F30805B16BAA
:1026E0003046354401EB572195F84C50FFF71CFF5D
:1026F0000028EED1C7F30807E3073E4496F84C00E4
:1027000045EA00204CBF0009C0F30B00E3E7B16BC2
:10271000304601EB1421FFF707FF0028D9D16400F0
:1027200004F4FF742644B6F84C00D4E7B16B30468D
:1027300001EBD411FFF7F8FE0028CAD1A40006F17E
:102740004C0004F4FE742044FFF720FD20F070409C
:10275000C1E7D0E90430D57953EA000101D091688E
:1027600001B95DBB9168022DA4EB01010DD1013BC4
:10277000728940F1FF305B0A43EAC053B3FBF2F3C6
:1027800099421BD81CD0601CA5E7032D02D1936988
:102790008B42F8D8D3699BB9B16B304601EBD411A9
:1027A000FFF7C2FE002894D1A0004C3600F4FE7062
:1027B0003044FFF7EBFC20F000408CE701208AE773
:1027C0006FF0004087E70000F8B5066804460D4644
:1027D0003378042B0CBF4FF080524FF400128A4222
:1027E00001D80220F8BDCA06FBD182680163D2B9C4
:1027F000022B13D83389B3EB551FF2D9F36BA363C4
:10280000A36B6263002BECD003EB55234C36C5F36E
:1028100008050020A3633544E563E3E7F36BC27169
:10282000002BE7D01A4677897F02BD42114604D2B9
:102830003046FFF7C9FCA063E2E72046FFF72CFF14
:10284000431C024606D00128CBD9F36A8342C8D97B
:10285000ED1BEAE70120C5E701292DE9F04706460F
:102860000C46174608D9C36A8B4205D90378022B58
:1028700062D003D8012B22D0022552E0033B012B6A
:10288000FAD8816B01EBD411FFF74EFE0546002804
:1028900047D1A40006F14C0304F4FE741C443378C1
:1028A000042B07D0204627F07047FFF76FFC00F09D
:1028B0007040074339462046FFF76EFC2FE001EBDE
:1028C0005108816B01EB5821FFF72EFE054640BBF6
:1028D00014F0010406F14C0908F1010AC8F30808D4
:1028E00008BFFBB230461FBF19F8083003F00F02D3
:1028F0003B0103F0F00318BF134309F8083001232C
:10290000B16BF37001EB5A21FFF70EFE054640B99B
:10291000CAF3080A44B1C7F3071709F80A7001237C
:10292000F3702846BDE8F08719F80A30C7F303278B
:1029300023F00F031F43F0E7816B01EB1421FFF736
:10294000F3FD05460028ECD1640006F14C0304F4C5
:10295000FF741F551919C7F307274F70DFE70000F1
:10296000F8B504460E461746E3690BB91846F8BD9C
:10297000012BA6EB0305206814BFAA1C3A46691C6C
:10298000FFF76AFF0028F2D1E369013BE361EBE75F
:1029900001292DE9F84306460C461746056802D87A
:1029A0000220BDE8F883EB6A8B42F9D97AB9A146D7
:1029B00021463046A046FFF76FFE0446B0B92B789B
:1029C000042B02D1002F43D1F7710020E9E72B78C7
:1029D000042B02D1C379022BE9D04FF0FF323946E4
:1029E0002846FFF739FF0028E1D0DAE70128D7D0E1
:1029F000421C01D10120D4E72B78042B19D1EA6ABB
:102A0000AB69023A93421CD308F10102A2420CD0F6
:102A10002B78042B08D10023A2EB09024946284653
:102A2000FFF7FEFD0028BCD1A146EB6AA342BFD848
:102A3000C5E7002241462846FFF70EFF0028DED0FA
:102A4000AFE70133AB612B7943F001032B71DBE777
:102A5000F3798BB9B468BC4202D10223F371B4E7B5
:102A600021463046FFF718FE012899D9431CC1D0F2
:102A700001348442EFD0A8E7032BA6D1B368BB4250
:102A8000A3D8B2691344BB429FD3E6E770B5C379BC
:102A90000446032B06D181688369CD18A94203D16E
:102AA0000023E371002070BD4E1C20683246FFF702
:102AB000D3FE0028F7D13146F0E700002DE9F743B7
:102AC00005460191FFF70AFD0446002849D105F1AA
:102AD0004C09019928464FF40072FFF775FB214617
:102AE000A86407464846FFF725F96C896402B4F5E7
:102AF000004F28BF4FF40044B4F5007F2FD9204683
:102B000004F06EFC804630B122460021640A0026A3
:102B1000FFF710F909E06408EEE72346BA194146C9
:102B2000687803F0E9FF18B926446B899E42F4D314
:102B3000404604F065FC6889801B18BF012003B083
:102B4000BDE8F08301366B899E42F4D20123BA19A5
:102B50004946687803F0D0FF0028F3D0EBE7002661
:102B6000F1E70120EBE70000F8B50446FFF7B6FCFB
:102B70000546002842D12378032B37D12779012F2E
:102B800034D104F14C0601464FF400723046FFF791
:102B9000D1F855234122722184F84A32AA2304F540
:102BA0000D7084F84F2084F84B32522384F8301291
:102BB00084F84C3084F84D30612384F8311284F865
:102BC0004E3084F83332A16984F83222FFF7E4FAF8
:102BD000616904F50E70FFF7DFFA626B3B46314620
:102BE00001326078A26403F087FF257100226078CB
:102BF000114603F0A5FF003818BF0120F8BD000002
:102C000000232DE9F0430B6085B00F461546FFF712
:102C10001BFB061EC0F2B281804B53F82640002CED
:102C200000F0AE813C6005F0FE0523786BB1607862
:102C300003F03CFFC70708D41DB110F0040500D015
:102C40000A25284605B0BDE8F0830023F0B22370C2
:102C5000607003F017FFC10700F194810DB14207C6
:102C6000EED400212046FFF779FC022840F099803D
:102C70006E4604F2122304F25221324618461033F3
:102C8000FFF784FA42F8040B8B42F7D1002556F87F
:102C9000041B00297DD02046FFF760FC012879D86D
:102CA0000128A26C40F0C08004F1570304F18C01AC
:102CB00013F8015B002D7BD18B42F9D1B4F8B4300D
:102CC000B3F5807F74D194F8B830092B70D104F13A
:102CD0009400FFF75DFA4FF0FF33171841F1000140
:102CE000BB4275EB010363D304F1A000FFF74EFA7A
:102CF00094F8BA302063012BA37059D194F8B9909D
:102D000003FA09F91FFA89F36381002B50D0444B71
:102D100004F1A800FFF73AFA0646984248D8831C07
:102D2000626304F1A400E362FFF730FA00EB0208EB
:102D300004F19C00C4F84080FFF728FA10441FFA01
:102D400089F2A06306FB02F313EB080345EB0502CF
:102D50009F4271EB02032BD32E4604F1AC00FFF728
:102D600015FAE06365B96389B34221D9E16B204666
:102D7000FFF72AFA81192046FFF7D6FB98B90136EA
:102D8000631993F84C30812B14D02035C5F3080516
:102D9000E8E703200135042D7FF479AF042807D13B
:102DA00001E0042801D101254BE701287FF678AF27
:102DB0000D2546E705F1140004F14C063044FFF7F9
:102DC000E5F901280546F3D9E36A8342F0D9618920
:102DD000821E236C02FB01336364A16B204601EB6E
:102DE000D511FFF7A1FB0028DDD105F07F0006EB30
:102DF0008000FFF7CBF9431C03D00135A842ECD08B
:102E0000D6E70425C4E90500064A25700025138885
:102E1000E56101339BB21380E38012E73436002072
:102E2000FDFFFF7F38360020B4F85730B3F5007F40
:102E3000BED1B4F8626026B904F17000FFF7A6F9BC
:102E4000064694F85C302663591EA3700129AFD85A
:102E500094F859506581002DAAD0691E2942A7D146
:102E6000B4F85D8018F00F0FA4F80880A0D1B4F872
:102E70005F0018B904F16C00FFF788F9B4F85A1034
:102E8000002995D006FB03FE01EB181CF4446045B5
:102E90008ED3A0EB0C00A842B0FBF5F388D33E48DC
:102EA000834285D84FF6F57083426DD903259F1C68
:102EB000114402EB0C03032DE7626263A1632364F8
:102EC0004CD1B4F8763053EA08037FF471AFBB00FD
:102ED00004F17800FFF75AF9E06303F2FF13B6EB51
:102EE000532FFFF465AF4FF0FF33032DC4E90533D3
:102EF0004FF08003237187D1B4F87C30012B83D14C
:102F0000511C2046FFF710FB00287FF47DAFB4F87A
:102F10004A224AF6552320719A427FF475AF1F4B1F
:102F200004F14C00FFF732F998427FF46DAF03F1E2
:102F3000FF5304F50C70FFF729F903F50053203314
:102F400098427FF461AF04F50D70FFF71FF9A0619F
:102F500004F50E70FFF71AF9606155E7B8F1000F3C
:102F60003FF426AF7144022D4FEA4703E1631EBFD1
:102F7000D91907F0010303EB5103AEE70B2560E617
:102F80000C255EE603255CE640F6F575AB428CBF8A
:102F9000022501258BE700BFF5FFFF0F525261416B
:102FA0002DE9F84F07460568884649B96E69C6B1EC
:102FB000EB6AB34298BF0126AB69A3B9002405E0D0
:102FC000FFF76AFB0128044603D801242046BDE828
:102FD000F88F421C00F0D280EB6A8342F6D8464656
:102FE000EAE70126E8E72A78EB6A042A40F08380C2
:102FF000A6F1020A023B4FF0010B9A4528BF4FF0A1
:10300000000AD146696C284601EB1931FFF78CFAAA
:1030100000283BD109F00703EA6AC9F3C8010BFA9B
:1030200003F3901EDBB26A184C4609F1010992F8CD
:103030004C20814502EA030233BF5B0000234FF4BA
:103040000071DBB228BF9946B2B90234631E033364
:10305000BCD80123214628461A46FFF7E1FA022888
:10306000B3D0012800F08A80B8F1000F13D10223F9
:10307000FB710028A9D130E0CA450AD0002BD2D17B
:103080000131B1F5007FBDD20123CCE74FF0FF3411
:10309000DCE70024DAE7FB79022B07D1731CA3429B
:1030A000E7D0BB68F31ABB610323FB7108F101028F
:1030B000FB69A24205D113B10133FB61D9E70223B9
:1030C000FBE70BB90123FB61224641463846FFF777
:1030D00047FC00284FD10123FB61EA6AAB69023A41
:1030E0006C6193429CBF03F1FF33AB612B7943F0DA
:1030F00001032B716AE7464514D1741C3846A3427C
:1031000098BF02242146FFF7C7FA01283FF45DAFBC
:10311000431C33D0E0B16B69012B03D9EA6A9342B7
:1031200038BF1E4634460134EB6AA34203D8012E51
:103130007FF644AF022421463846FFF7ADFA48B186
:1031400001283FF442AF013018D0B442EBD135E74B
:10315000002CE7D04FF0FF3221462846FFF77CFBDA
:1031600048B9B8F1000FB8D0224641462846FFF7CB
:1031700073FB0028B1D001287FF427AF4FF0FF3454
:1031800024E700002DE9F84306680446076B8946EA
:1031900033782037042B0CBF4FF080534FF40013CB
:1031A000BB429CBF00238363836B73B1C7F30808E2
:1031B000B8F1000F3CD10133416B836339B93389D6
:1031C000B3EB571F34D80023A36304200AE07389AC
:1031D000013B13EA57232BD1FFF75EFA012805467E
:1031E00002D80220BDE8F883421C01D10120F9E792
:1031F000F36A834216D8B9F1000FE4D0616B204620
:10320000FFF7CEFE0546C8B10128EAD0431CEDD039
:1032100001463046FFF752FC0028E7D1E37943F03E
:103220000403E371294630466563FEF7CDFFA063D2
:103230004C36002027634644E663D3E70720D1E7F6
:10324000F8B50E46002104460768FFF7BDFA98B9A5
:103250000546A16B3846FFF767F968B93A78E36B22
:10326000042A1B780CD11B060ED5054601212046E9
:10327000FFF788FF0028ECD0042808BF072006E0ED
:10328000E52B01D0002BF0D10135B542EED1F8BDD0
:10329000C16C4B1C2DE9F04104460568066B1FD13B
:1032A000E5274FF00108A16B2846FFF73DF998B9D3
:1032B0002A78E36B042A09BF1A781F7002F07F0294
:1032C0001A7085F80380236BB3420DD2002120468B
:1032D000FFF758FF0028E6D0042808BF022003E0CB
:1032E000FFF772FA0028DBD0BDE8F0812DE9F0414C
:1032F00005460068A96B0669FFF716F9044620B970
:10330000EB6B1A78852A03D002242046BDE8F081B1
:10331000324603F1200153F8040B8B4242F8040BB0
:10332000F9D1777801377F01A7F16003B3F5007F0A
:10333000EAD800212846FFF725FF04280446E3D0F9
:103340000028E2D1A96B2868FFF7EEF804460028B0
:10335000DBD1EB6B1A78C02AD6D106F1200203F13B
:10336000200153F8040B8B4242F8040BF9D196F874
:1033700023300F222C33B3FBF2F3B7EB431FC3D33D
:103380004FF0400800212846FFF7FCFE04280446C1
:10339000BAD00028B9D1A96B2868FFF7C5F8044650
:1033A0000028B2D1EB6B1A78C12AADD1B8F5187FDD
:1033B00009D206EB080203F1200153F8040B8B42FB
:1033C00042F8040BF9D108F120084745DAD8B8F5DE
:1033D000187F9AD83046FEF71FFF7388834294D037
:1033E00092E700000B68002210B5036004460B6AE8
:1033F00083604B6AC261C37123F0FF03896AC0E92D
:103400000432C164FFF7E0F920B92046BDE810405E
:10341000FFF76CBF10BD0000F8B503680546012733
:103420001C692046FEF7F8FEA070000A6678E0707E
:103430002846E96CFFF7C8F920B1022828BF02200E
:10344000C0B2F8BDA96B2868FFF76EF80028F4D168
:10345000EB6B04F1200254F8041B944243F8041B64
:10346000F9D12B68DF70002EE7D000212846013EFD
:10347000FFF788FEE0E700002DE9F8434FF0FF0872
:1034800006460768042445464FF6FF79B16B11B92B
:10349000002C73D063E03846FFF746F80446002856
:1034A0005DD1F06B0378002B6ED03A78042A11D1ED
:1034B000852B4DD1336B3046F364FFF717FF04467D
:1034C00000284CD13B691B7903F03F03B3712046C0
:1034D000BDE8F883C27AE52B02F03F02B27143D017
:1034E0002E2B41D022F0200108293DD00F2A40D1B7
:1034F000590637D503F0BF05336B90F80D80F364A0
:10350000437B434530D1428B72BB03780D21FC686D
:1035100023F04003DFF874E0013B4B4301211EF828
:1035200001CB30F80CC009B3FF2B1DD824F813C011
:103530006146013301320D2AF1D10278520605D5D8
:1035400021B1FF2B10D8002224F81320013DEDB249
:1035500000213046FFF716FE0446002896D00023CF
:10356000B363B4E7AB42CBD0FF25F1E7CC45E1D064
:10357000FAE72DB9FEF740FE404501D10024A6E749
:103580004FF0FF33F364A2E70424E8E7AC930008AC
:103590002DE9F04F002187B00446D0F80090FFF7E6
:1035A00013F9804670B999F80030042B33D1D9F85B
:1035B0000C00FEF779FF07462046FFF75DFF054642
:1035C00020B18046404607B0BDE8F08FD9F81030F2
:1035D0009A8CBA42F0D193F823B040265D4506D1CB
:1035E000D9F80C3033F81530002BE5D1EAE7F106B5
:1035F000D9F8103008BF0236985B01F04DF8D9F8C1
:103600000C30824633F8150001F046F88245D3D1DC
:1036100002360135E2E74FF0FF0A4FF0FF3B554617
:10362000C4F84CB0A16B4846FEF77EFF00285CD181
:10363000E66B3778002F77D0F27AE52F02F03F0360
:10364000A37103D0120704D50F2B04D0C4F84CB0DB
:103650004FE00F2B54D194F84B3058063FD47906E5
:1036600045D5236B07F0BF0796F80DA0E364737B85
:1036700053453ED1738B002B3BD135780121D9F8CE
:103680000C3005F03F0501930D23013D5D43284BB0
:1036900013F8012BB25A71B3FF2D059329D81046A8
:1036A000049200F0F9FF6B1C03900293019B33F826
:1036B000150000F0F1FF039981421AD1049A029D8E
:1036C0001146059B1B4A9342E2D133785A0604D532
:1036D00019B1019B33F815305BB97D1EEDB20021A5
:1036E0002046FFF74FFD00289CD080466AE7BD4288
:1036F000BDD0FF25F3E74FF6FF708242E2D0F8E736
:103700002DB93046FEF778FD50453FF45BAF94F895
:103710004B30DB079AD40B2204F14001304605F010
:103720000BFD002892D14DE74FF004084AE700BF97
:10373000AC930008B99300082DE9F04F90F84BB016
:1037400099B004461BF0A00540F068810668F26855
:1037500032F81530002B4AD13378042B40F08780A3
:103760000F230E352046B5FBF3F5A91CFFF768FDC6
:103770008146002877D1236B0135A3EB4515E3790A
:103780005A07E56435D523F004032046E371FFF7BB
:103790007DF950BB4FF0FF32616B2046FFF7E0F838
:1037A00018BBA3682BB3214604A8FFF71BFEE0B9A2
:1037B00070894FF40071D4E90423E0FB01233069E0
:1037C000C4E904233830FEF7EFFC3069D4E9042360
:1037D0002830FEF7E9FCE379326904A843F00103DD
:1037E00082F82130FFF718FE18B181463BE0013521
:1037F000AEE7D6E90354402200212046FEF79AFAAC
:103800008523012140222370C0234FF0C10C04EB1B
:10381000010884F8203000231E469E46571C04F8F9
:1038200002C0F0B2023204F807E021B135F81310FB
:1038300009B10133DBB20F0AA15408F80270023259
:10384000D706F2D135F813700136002FE6D184F88F
:103850002330831C28466370FEF726FE84F824007C
:10386000000A84F82500484619B0BDE8F08F04F13D
:1038700040070DF1100A1BF0010F97E807008AE8D6
:10388000070000F0D38040234FF0010884F84B304C
:10389000BC46F368B8F1050F9AE80700ACE80300EE
:1038A0002CF8022B4FEA12428CF8002059D9981EAE
:1038B000424630F8021F002942D10DF10F0C0721BA
:1038C00002F00F0E914612090EF13000392888BF20
:1038D0000EF1370001390CF8010902D0B9F10F0FD0
:1038E000EED818AB7E205A1802F8580C3846002241
:1038F000914206D010F801CB02F1010EBCF1200F6D
:1039000031D104F13F0C072902F1010297BF18AB36
:1039100020205818013198BF10F8580C072A0CF8CD
:103920000200F0D92046FFF733FE8146002878D107
:1039300008F10108B8F1640FAAD14FF0070992E726
:103940004FF0100C01F0010E49080EEB4202D303B8
:1039500044BF82F4883282F02102BCF1010CF1D123
:10396000A7E74246A9E77246C2E7216B2046A1EBD2
:103970004511FEF729FF814600287FF474AF4FF60A
:10398000FF783846FEF738FC0190A16B3046FEF711
:10399000CBFD814600287FF466AFE36BE9B2019A64
:1039A0004FF00D0CD6F80CE05A734FF00F02DFF811
:1039B000E0A0DA724A1E18730CFB02F28446987675
:1039C000D87640451AF8019B0CF1010C18BF3EF85F
:1039D000120003EB090B18BF013203F809004FEA8C
:1039E0001029002808BF4046BCF10D0F8BF801904C
:1039F000E7D1404502D03EF812200AB941F040011B
:103A00001970012300212046F370FFF7BBFB8146AC
:103A100000287FF428AF013DB7D11BE04FF0060925
:103A200021E704287FF41FAF84F84BB01BF0020F8E
:103A300020461BBF0C350D210125B5FBF1F518BF44
:103A400001352946FFF7FCFB814600287FF40BAFC8
:103A5000013D8AD1A16B3046FEF766FD8146002804
:103A60007FF401AF01462022E06BFEF763F9E36BC0
:103A700003CF18605960BA7839889A72198194F81E
:103A80004B30E26B03F0180313730123F370EAE683
:103A9000AC93000810B504460A463430FEF776FBB6
:103AA000886004F13800FEF773FBC2E9040194F862
:103AB000213003F00203D3710023D36110BD000055
:103AC00003284B8B04BF8A8A43EA02431846704797
:103AD0002DE9F04F0B7899B0044689462F2BD0F88A
:103AE00000B001D05C2B09D14A46137891460132CF
:103AF0002F2BFAD05C2BF8D0002301E0DBF81C3030
:103B0000A3600023E3619BF80030042B1ED1A3685F
:103B1000E3B1DBF82030214604A82362DBF824302F
:103B20006362DBF82830A362FFF75CFC03460028E1
:103B300054D1DBF8102002F13800FEF727FBC4E96E
:103B4000040392F8213003F00203E37199F8003086
:103B50001F2B00F2358180230021204684F84B3052
:103B600019B0BDE8F04FFEF72FBE49460B788946E5
:103B700001312F2BFAD05C2BF8D01F2B8CBF0025E6
:103B80000425012F2FD113882E2B31D1002322F8A9
:103B9000173004F140029F428CBF2E2120210133B7
:103BA0000B2B02F8011BF6D145F02005204684F8C6
:103BB0004B50FFF7EDFC94F84B30002800F0E78005
:103BC00004280BD1990603F0040240F1DC80002A9E
:103BD00000F0F6808023002084F84B3019B0BDE857
:103BE000F08F0425CDE7022F02D153882E2BCAD0A7
:103BF000911E87BB002322F81730002F00F011819F
:103C000032F81300194601332028F9D009B92E28BB
:103C100001D145F00305901E30F817302E2B01D04E
:103C2000013FF9D14FF020334FF0000A6364D046D2
:103C30002364C4F847300823481C32F81160009010
:103C4000F6B1202E03D02E2E0DD1B84210D045F063
:103C500003050099F0E731F81730202B01D02E2B07
:103C6000C8D1013FC5E79A4505D20099B9423BD179
:103C70000B2B30D101E00B2B27D145F003050B2393
:103C800094F84020E52A04BF052284F84020082B40
:103C900004BF4FEA88085FFA88F808F00C030C2B81
:103CA00003D008F00303032B01D145F00205A80758
:103CB0003FF57CAF18F0010F18BF45F0100518F064
:103CC000040F18BF45F0080570E70099B94202D00B
:103CD00045F00305D4D84FEA88080B234FF0080AB3
:103CE00000975FFA88F8B4E77F2E15D9304640F286
:103CF0005231CDE9022345F00203019300F098FC14
:103D000010F0800F0646DDE9022316D000F07F0692
:103D100046498E5D019D46B331464548CDE90123B4
:103D200005F034FADDE90123F8B9A6F1410189B2C1
:103D300019291ED848F0020810E0FF28EAD9591EB8
:103D40008A4503D345F003059A4682E704EB0A014E
:103D5000000A0AF1010A019D81F8400004EB0A0102
:103D60000AF1010A81F8406073E745F003055F2618
:103D7000F4E7A6F1610189B219299EBF203E48F0FF
:103D80000108B6B2EAE7002A08BF052026E75A076D
:103D90003FF524AFA379DB0645D59BF80000042846
:103DA00035D1A3682146E27923622369DBF810004C
:103DB00023F0FF0313436362E36CA362FFF76AFE21
:103DC00023680027DA6819F8010B00283FF409AFCF
:103DD00040F25231009200F04BFC054608B31F2818
:103DE000009A7FF6FEAE2F283FF4BFAE5C283FF46A
:103DF000BCAE7F2805D801460E4805F0C7F9009AE9
:103E000078B9FF2F0DD022F817500137DBE7216B6F
:103E10000BF14C03C1F308011944FFF751FEA060F8
:103E2000CEE70620DAE60520D8E600BF2C9300088E
:103E3000259300081C9300081FB5CDE9001003A8C6
:103E400014460391FEF700FA002815DB0B4A52F8DE
:103E500020300BB100211970019B0BB100211970AA
:103E600042F820302CB1002201A96846FEF7C8FEB6
:103E70000446204604B010BD0B24FAE73436002077
:103E80002DE9F04798B0904605460191002800F0D2
:103E9000528102F03F0603A901A83246FEF7B0FEA8
:103EA000002840F04681039B4FF48C60049303F09C
:103EB00097FA0746002800F04081039B00F5007246
:103EC0000199D86004A81A61FFF702FE044620B9E0
:103ED0009DF95B30002BB8BF062418F01C0F00F0D2
:103EE000CD80002C4CD0042C40D104A8FFF724FC3A
:103EF000044600283AD146F00806039B1A78042AA3
:103F000040F08380186929462B60FFF7C3FD039BAF
:103F10001E22002118690230FDF70CFF039C0021CE
:103F20001A2220692630FDF705FF236920221A7125
:103F3000246903F08FFA0146012208342046FEF777
:103F40002BF9039B04A81B6983F82120FFF764FA6F
:103F5000044658B9A96801B302462846FEF718FD81
:103F6000AB68039A0446013B5361B4B1384603F091
:103F700047FA0CB100232B60204618B0BDE8F0874B
:103F80009DF8163013F0110F40F0848018F0040FE4
:103F900040F0C98018F0080FAFD1039A3107139988
:103FA000936C48BF46F04006E964AB64107804287F
:103FB00072D1069B9DF817102B62089B106923F0A5
:103FC000FF030B4329466B62179BAB62FFF762FD51
:103FD000DDF80CA00024002205F15008BAF80630E4
:103FE00021464046C5F800A0AB80002385F830602C
:103FF00085F831406C64C5E90E234FF40072FDF77B
:1040000099FEB20653D40024B0E703F023FA014628
:10401000009013980E30FEF7BFF8139800991630F1
:10402000FEF7BAF8039C13992078FFF749FD202387
:1040300000228046CB7220461399FEF7D1F8139BDD
:10404000002201211A775A779A77DA77039BD97081
:10405000B8F1000FA1D0414604A8D3F84890FEF76C
:1040600097FC0446002881D149460398FEF75CFA84
:10407000039B044608F1FF30586176E7002C7FF47B
:1040800075AF9DF81630DC064FD418F0020F84D0BF
:10409000D80782D5072469E7FFF712FD0023A8603F
:1040A00001F11C00FEF772F86B61286190E7D5E919
:1040B000046956EA0903A6D0BAF80AA0A9684FEA2B
:1040C0004A2AC5E90E69B24574EB09031BD30024E3
:1040D0002964002C7FF44AAFC6F30803002B92D06A
:1040E000039C2046FEF770F808B3760A0123414688
:1040F00046EAC95682196A64607802F0D9FC041E47
:1041000018BF012432E72846FEF7C6FAB6EB0A06C6
:10411000014669F10009012803D9431CD3D10124C8
:10412000D6E70224D4E7082420E704241EE702246B
:104130001CE704461EE709241EE711241CE70000C3
:104140002DE9F04F994685B00023884603A904461F
:10415000C9F800301646FEF791F8054680BB94F882
:1041600031506DBB94F8303013F00103009300F030
:10417000A68004F1500AD4E90432D4E90E011B1AD6
:1041800062EB0102B34272F1000238BF1E46BEB1BB
:10419000D4E90E10C1F30803002B40F08280039B8A
:1041A0005A894B0A013A43EAC0531A401BD151EADB
:1041B000000309D1A06801280DD8022584F83150E8
:1041C000284605B0BDE8F08F216C20460192FEF72D
:1041D00063FA019AEFE7431C04D10123009D84F8A0
:1041E0003130EDE72064DDF80CB0216C5846FDF766
:1041F000EBFF0028E1D0B6F5007F02EB000731D3DA
:10420000BBF80A1002EB5620730A88429BF80100A3
:1042100088BF8B1A3A464146019302F049FC0028B8
:10422000DBD194F93020019B002A0BDA606CC01BB3
:10423000984207D24FF40072514608EB4020FDF738
:1042400053FD019B5F02D9F80030F61BB8443B4494
:10425000C9F80030D4E90E32DB1942F10002C4E99A
:104260000E3294E7626CBA421AD094F93030002BC7
:104270000DDA012351469BF8010002F03DFC0028B5
:10428000ABD194F8303003F07F0384F830300398DA
:1042900001233A465146407802F00AFC00289CD19E
:1042A0006764A16B4046C1F30801C1F50077514432
:1042B000B74228BF37463A46FDF716FDC3E7072544
:1042C0007EE7000070B596B00E460022019002A96C
:1042D00001A8FEF795FC0446E0B94FF48C6003F0AA
:1042E0007FF80546D8B1029B00F500720199D860AD
:1042F00002A81A61FFF7ECFB044640B99DF9533060
:10430000002B0ADB1EB1314602A8FDF7EDFF28465F
:1043100003F076F8204616B070BD0624F7E71124A6
:10432000F8E7000070B5B8B00222019003A901A817
:10433000FEF766FC044608BB039B4FF48C601093A9
:1043400003F04EF80546002866D0039B00F5007286
:104350000199D86010A81A61FFF7BAFB044650B95A
:104360009DF88B30980655D4190653D49DF84630E5
:10437000DA0706D50724284603F042F8204638B06D
:1043800070BD039B04931878042814D104A91869FC
:10439000FFF780FB069E9DF84630DB0610D410A880
:1043A000FEF776FF04460028E5D156BB0398FEF7DA
:1043B000DBFB0446DFE71F99FFF782FB0646EAE7CF
:1043C000039BDA69B242D5D024930021269624A813
:1043D0001B78042B01BFDDE90823CDE928239DF8D4
:1043E00017308DF89730FEF7EFF904460028C2D158
:1043F00024A8FFF741F804460028BBD00428BAD10E
:10440000CDE70246314604A8FEF7C2FA044600286A
:10441000B1D1CBE70624AEE71124AFE7F0B5BDB0CC
:10442000CDE900106846FDF70FFF022203A901A89D
:10443000FEF7E6FB0446002841D1039B4FF48C6055
:10444000149302F0CDFF0546002800F0EE80039B98
:1044500000F5007214AE0199D8601A613046FFF77A
:1044600037FB044640BB9DF89B3013F0A00F40F093
:10447000D880039B009F1A78042A68D11B6904AC7A
:1044800003F1400C1868083353F8041C22466345B6
:1044900003C21446F6D15022314628A8FDF724FC69
:1044A000394628A8FFF714FB044600284CD12A9A65
:1044B000169B9A4206D00824284602F0A1FF204607
:1044C0003DB0F0BD349A209B9A42F4D128A8FFF762
:1044D00033F904460028EFD1039B04AF1B6993F81E
:1044E00001E093F823C09C8C3A46083303CAB242D9
:1044F00043F8080C43F8041C1746F5D1039B28A881
:104500001B6983F801E0039B1A6982F823C01A69CA
:1045100082F82440240A82F825401A691379D906C2
:104520005CBF43F020031371FEF776FF04460028BA
:10453000C2D13046FEF7ACFE04460028BCD1039839
:10454000FEF712FB0446B7E70428B5D1BEE7239A6D
:1045500004AB02F1200C1068083252F8041C1C460F
:10456000624503C42346F6D15022314628A8FDF700
:10457000BBFB394628A8FFF7ABFA044600284CD10C
:104580002A9A169B9A4296D1349A209B9A4292D1AB
:1045900028A8FFF7D1F8044600288DD137990DF1EE
:1045A0001D030DF12D0001F10D0253F8044B834260
:1045B00042F8044BF9D11888012710809B7893703A
:1045C0009DF81B30039CDA0658BF43F02003CB72E2
:1045D000E770CB7ADB06ACD5169A2A9B9A42A8D014
:1045E0002078FFF76DFA01462046FDF7EDFD014604
:1045F000C8B12046FDF798FF044600287FF45CAF61
:10460000039890F86D302E2B93D12A9A00F16C010B
:10461000FDF7E6FD039BDF708BE704287FF44CAFCA
:10462000B6E7062448E7022446E7112447E70000DE
:104630007F2810B501D880B210BDB0F5803F13D2ED
:1046400040F2523399420FD10849002231F8024B0F
:1046500093B2844203D103F18000C0B2ECE701328F
:10466000802AF3D11346F6E70020E5E76C960008B0
:104670007F280DD940F25233994208D1FF2806D83D
:1046800000F10040034B803833F8100070470020E1
:10469000704700BF6C960008B0F5803FF0B522D29D
:1046A0001F4A83B21F49B0F5805F28BF0A46141D18
:1046B00034F8042C2146AAB1934213D334F8025C97
:1046C0002E0AEFB252FA85F5A84222DA082E09D84E
:1046D000DFE806F0050A10121416181A1C00801ADA
:1046E00034F810301846F0BD981A00F001001B1A7B
:1046F0009BB2F7E7103BFBE7203BF9E7303BF7E7DE
:104700001A3BF5E70833F3E7503BF1E7A3F5E35332
:10471000EEE70434002ECBD101EB4702C7E700BF20
:10472000BC930008B095000808B5074B074A196804
:1047300001F03D01996053680BB190689847BDE85E
:10474000084003F08BB800BF000002403C36002058
:1047500008B5084B1968890901F03D018A019A6082
:10476000054AD3680BB110699847BDE8084003F0CB
:1047700075B800BF000002403C36002008B5084B69
:104780001968090C01F03D010A049A60054A536951
:104790000BB190699847BDE8084003F05FB800BFCF
:1047A000000002403C36002008B5084B1968890D0E
:1047B00001F03D018A059A60054AD3690BB1106A80
:1047C0009847BDE8084003F049B800BF0000024028
:1047D0003C36002008B5074B074A596801F03D01F7
:1047E000D960536A0BB1906A9847BDE8084003F05E
:1047F00035B800BF000002403C36002008B5084B29
:104800005968890901F03D018A01DA60054AD36AD5
:104810000BB1106B9847BDE8084003F01FB800BF0C
:10482000000002403C36002008B5084B5968090CCE
:1048300001F03D010A04DA60054A536B0BB1906B3D
:104840009847BDE8084003F009B800BF00000240E7
:104850003C36002008B5084B5968890D01F03D0130
:104860008A05DA60054AD36B0BB1106C9847BDE836
:10487000084002F0F3BF00BF000002403C360020B9
:1048800008B5074B074A196801F03D019960536C60
:104890000BB1906C9847BDE8084002F0DFBF00BF45
:1048A000000402403C36002008B5084B196889090D
:1048B00001F03D018A019A60054AD36C0BB1106D7D
:1048C0009847BDE8084002F0C9BF00BF000402409D
:1048D0003C36002008B5084B1968090C01F03D0171
:1048E0000A049A60054A536D0BB1906D9847BDE874
:1048F000084002F0B3BF00BF000402403C36002075
:1049000008B5084B1968890D01F03D018A059A60C8
:10491000054AD36D0BB1106E9847BDE8084002F010
:104920009DBF00BF000402403C36002008B5074B85
:10493000074A596801F03D01D960536E0BB1906E82
:104940009847BDE8084002F089BF00BF000402405C
:104950003C36002008B5084B5968890901F03D0133
:104960008A01DA60054AD36E0BB1106F9847BDE833
:10497000084002F073BF00BF000402403C36002034
:1049800008B5084B5968090C01F03D010A04DA60CA
:10499000054A536F0BB1906F9847BDE8084002F08D
:1049A0005DBF00BF000402403C36002008B5084B44
:1049B0005968890D01F03D018A05DA60054AD36F17
:1049C00013B1D2F880009847BDE8084002F046BF16
:1049D000000402403C36002000230C4910B51A4662
:1049E0000B4C0B6054F82300026001EB43000433CE
:1049F0004260402BF6D1074A4FF0FF339360D360FB
:104A0000C2F80834C2F80C3410BD00BF3C36002098
:104A10006C970008000002400F28F8B510D9102844
:104A200010D0112811D0122808D10F240720DFF848
:104A3000C8E00126DEF80050A04208D9002653E065
:104A40000446F4E70F240020F1E70724FBE706FA09
:104A500000F73D424AD1264C4FEA001C3D4304EB8F
:104A600000160EEBC000CEF80050C0E90123FBB2E7
:104A700073B12048D0F8D83043F00103C0F8D830E3
:104A8000D0F8003143F00103C0F80031D0F8003114
:104A900017F47F4F0ED01748D0F8D83043F00203F8
:104AA000C0F8D830D0F8003143F00203C0F800312C
:104AB000D0F8003154F80C00036823F01F030360A2
:104AC000056815F00105FBD104EB0C033D2493F8B8
:104AD0000CC05F6804FA0CF43C602124056044615A
:104AE00012B1987B00F068FC3046F8BD0130A3E7B6
:104AF0006C970008004402583C36002010B5302462
:104B000084F31188FFF788FF002383F3118810BD19
:104B100010B50446807B00F065FC01231549627BDB
:104B200003FA02F20B6823EA0203DAB20B6072B9ED
:104B3000114AD2F8D81021F00101C2F8D810D2F8E9
:104B4000001121F00101C2F80011D2F8002113F484
:104B50007F4F0ED1084BD3F8D82022F00202C3F8C1
:104B6000D820D3F8002122F00202C3F80021D3F8A4
:104B7000003110BD3C3600200044025808B53023F7
:104B800083F31188FFF7C4FF002383F3118808BD66
:104B9000836CC26A8B42506810B506D95A1E4C000D
:104BA00002EB4103B3FBF4F3184410BD01F0010321
:104BB0008A0748BF43F002034A0748BF43F008038F
:104BC0000A0748BF43F00403CA0648BF43F0100376
:104BD0008A06426B48BF43F0200313434363704788
:104BE00010B5074C204600F09FFF064B0022C4E999
:104BF0001023054BA364054BE363054BE36410BD31
:104C0000C03600200070005200B4C40414370020E5
:104C100014390020C36A0BB9104BC3620379012B0E
:104C200011D10F4B98420ED10E4BD3F8D42042F441
:104C30008032C3F8D420D3F8FC2042F48032C3F889
:104C4000FC20D3F8FC30436C00221A65DA621A604B
:104C50005A605A624FF0FF329A6370476C980008AE
:104C6000C0360020004402580379012B24D0436C45
:104C700000221A65DA621A605A605A624FF0FF32F7
:104C80009A630E4B984217D10D4BDA6F42F4803283
:104C9000DA67DA6F22F48032DA67DA6FD3F8D42079
:104CA00022F48032C3F8D420D3F8FC2022F48032DE
:104CB000C3F8FC20D3F8FC30704700BFC03600209A
:104CC0000044025810B5446C0649FFF761FF60606C
:104CD000236842F2107043F003032360BDE81040E4
:104CE00001F048BD801A06000129F8B5466C0B4F4B
:104CF00009D175680A493D40FFF74AFF054345F46D
:104D000080557560F8BD746806493C40FFF740FF68
:104D1000044344F480547460F4E700BF00ECFFFFE8
:104D200080F0FA0240787D01436C00225A601A60DC
:104D300070470000426C0129536823F4404304D0BB
:104D4000022905D001B95360704743F48043FAE764
:104D500043F40043F7E70000436C41F480519A604C
:104D6000D9605A6B1206FCD580229A637047000006
:104D700010B541F48851446CA260E160616B11F0A0
:104D80004502FBD0A26311F0040203D0FFF70EFF2F
:104D9000012010BD616910461960FAE710B541F4B1
:104DA0008851446CA260E160616B11F04502FBD058
:104DB000A26311F0050203D0FFF7F8FE012010BD39
:104DC000616910461960FAE773B5134604460E464A
:104DD000302282F31188426CD26B32B14FF0FF3136
:104DE0004030019301F0D2FC019B606C002202650F
:104DF000C263C262456B15F4807504D185F31188D6
:104E0000012002B070BD4FF0FF31816382F3118841
:104E1000012E06D90C21204602B0BDE87040FFF7F4
:104E2000BDBF1046EDE7000073B5446C0E4600258B
:104E30000192616BA1632565E562FFF7B7FE012E64
:104E400007D9019B2A460C2102B0BDE87040FFF74C
:104E5000A5BF02B070BD000010B541F49851446C7C
:104E6000A260E160616B11F04502FBD0A26311F01A
:104E70003F0203D0FFF79AFE012010BD216A1046C1
:104E80001960E1695960A16999606169D960F4E7C5
:104E90002DE9F74304460191006D01A91746984694
:104EA00002F0F6FB064600284AD0626C2046DDF888
:104EB00004905568C5F3090501356B00A56CB5FB79
:104EC000F3F54FF47A73B5FBF3F55D43556200F0EB
:104ED000ADFC50BB636C4FF0FF3201254146C3F877
:104EE000589020461D659A634FF49572DA6342F23A
:104EF00007029F62DA62E36C0A9AFFF74FFFA0B9DC
:104F0000E26C104B11680B407BB929462046FFF735
:104F10005BFF054648B92E463A460199206D02F0DE
:104F2000EFFB304603B0BDE8F083E26C2046012180
:104F3000FFF77AFF3A460199206D02F0E1FBF0E7B6
:104F40000126EEE708E0FFFD2DE9F7431F46436C1D
:104F500001924FF47A725D6804468846C5F30905EC
:104F600001356E00856CB5FBF6F5B5FBF2F55543E2
:104F70005D6200F05BFC20B10125284603B0BDE86E
:104F8000F0837E0201A9206D324602F081FB0546C6
:104F90000028F1D0636C019AD4F84C909A650122F4
:104FA0001A654FF0FF329A634FF49572DA639E628E
:104FB000236BDB064B4658BF4FEA4828012F424679
:104FC0001BD912212046FFF7E9FEC0B9D9F800200D
:104FD000104B13409BB9636C42F293023946204652
:104FE000DA62E26CFFF7F0FE804640B93246019982
:104FF000206D454602F084FBBFE71121E2E7E26C39
:1050000039462046FFF710FF32460199206D02F025
:1050100077FBB2E708E0FFFD2DE9F3411F46436C43
:1050200001924FF47A725D6804468846C5F309051B
:1050300001356E00856CB5FBF6F5B5FBF2F5554311
:105040005D6200F0F3FB20B10125284602B0BDE807
:10505000F0817E0201A9206D324602F069FB05460F
:105060000028F1D0636C019A9A6501221A654FF00D
:10507000FF329A634FF48D72DA639E62236BE66CA3
:10508000DB06334658BF4FEA4828012F424619D95C
:1050900019212046FFF782FEB0B932680F4B13404A
:1050A00093B9636C42F2910239462046DA62E26CAF
:1050B000FFF78AFE064638B901993546206D02F0A1
:1050C00073FBC2E71821E4E739462046E26CFFF79C
:1050D000ABFE0199206D02F067FBB6E708E0FFFD2B
:1050E00012F0030F2DE9F04107460C4615461E4607
:1050F00017D00E44B44202D10020BDE8F081012354
:10510000FA6B21463846FFF71FFF0028F5D12846E5
:105110004FF40072F96B05F500750134FCF7E4FDFE
:10512000E8E7BDE8F041FFF70FBF000012F0030F02
:105130002DE9F04107460C4615461E4617D00E4491
:10514000B44202D10020BDE8F08129464FF400723C
:10515000F86B05F50075FCF7C7FD0123FA6B2146D6
:105160003846FFF759FF0028EDD10134E8E7BDE8E4
:10517000F041FFF751BF000000207047302310B509
:1051800083F311880024436C40302146DC6301F036
:105190000BFB84F3118810BD026843681143016062
:1051A00003B1184770470000024A136843F0C00378
:1051B000136070470078004013B50E4C204600F095
:1051C00013FD04F1140000234FF400720A49009407
:1051D00000F078F9094B4FF40072094904F13800E6
:1051E000009400F0F1F9074A074BC4E9172302B015
:1051F00010BD00BF1839002084390020A9510008D3
:10520000843B00200078004000E1F505037C30B5C8
:10521000244C002918BF0C46012B11D1224B984277
:105220000ED1224BD3F8E82042F08042C3F8E820A8
:10523000D3F8102142F08042C3F81021D3F8103186
:105240002268036EC16D03EB52038466B3FBF2F375
:105250006268150442BF23F0070503F0070343EA21
:105260004503CB60A36843F040034B60E36843F021
:1052700001038B6042F4967343F001030B604FF01F
:10528000FF330B62510505D512F0102205D0B2F1A3
:10529000805F04D080F8643030BD7F23FAE73F237D
:1052A000F8E700BF7498000818390020004402583D
:1052B0002DE9F047C66D0546F469220734621AD01D
:1052C00014F0080118BF4FF48071E3074FF030036A
:1052D00048BF41F02001A70748BF41F040016007E7
:1052E00048BF41F0800183F31188281DFFF754FF68
:1052F000002383F31188E2050AD5302383F3118854
:105300004FF48061281DFFF747FF002383F31188C6
:1053100030274FF0000914F0200838D137683B06D9
:1053200015D54FF0300905F1380A20060FD589F35D
:105330001188504600F07CF9002835DA0821281D34
:10534000FFF72AFF27F08007002383F311887906EF
:1053500013D5620611D5302383F31188D5E91323C1
:105360009A4207D12B6C2BB127F040071021281D42
:10537000FFF712FF002383F31188E306376018D587
:10538000AA6E1369ABB15069BDE8F047184787F3BF
:105390001188736A284695F86410194000F03EFCA5
:1053A00089F31188F469B6E7B06288F31188F4696B
:1053B000BBE7BDE8F0870000090100F1604301226E
:1053C00003F56143C9B283F8001300F01F039A404C
:1053D00043099B0003F1604303F56143C3F8802157
:1053E0001A60704700F01F0301229A40430900F140
:1053F00060409B0000F5614003F1604303F56143A9
:10540000C3F88020C3F88021002380F80033704760
:10541000F8B51546826804460B46AA4200D2856854
:10542000A1692669761AB5420BD218462A46FCF7BE
:105430005BFCA3692B44A3612846A3685B1BA360A4
:10544000F8BD0CD9AF1B18463246FCF74DFC3A4666
:10545000E1683044FCF748FCE3683B44EBE718465E
:105460002A46FCF741FCE368E5E7000083689342C5
:10547000F7B50446154600D28568D4E90460361AAB
:10548000B5420BD22A46FCF72FFC63692B446361BB
:105490002846A3685B1BA36003B0F0BD0DD932465C
:1054A000AF1B0191FCF720FC01993A46E0683144BA
:1054B000FCF71AFCE3683B44E9E72A46FCF714FCD6
:1054C000E368E4E710B50A440024C361029B8460EA
:1054D000C16002610362C0E90000C0E9051110BDAE
:1054E00008B5D0E90532934201D1826882B9826859
:1054F000013282605A1C426119700021D0E90432E5
:105500009A4224BFC368436101F068F9002008BDD6
:105510004FF0FF30FBE7000070B5302304460E4625
:1055200083F31188A568A5B1A368A269013BA360B4
:10553000531CA36115782269934224BFE368A361D9
:10554000E3690BB120469847002383F3118828466E
:1055500007E03146204601F031F90028E2DA85F310
:10556000118870BD2DE9F74F04460E461746984640
:10557000D0F81C904FF0300A8AF311884FF0000BDE
:10558000154665B12A4631462046FFF741FF0346DE
:1055900060B94146204601F011F90028F1D00023FE
:1055A00083F31188781B03B0BDE8F08FB9F1000FC9
:1055B00003D001902046C847019B8BF31188ED1A58
:1055C0001E448AF31188DCE7C160C361009B8260DE
:1055D0000362C0E905111144C0E900000161704790
:1055E000F8B504460D461646302383F31188A768A4
:1055F000A7B1A368013BA36063695A1C62611D7077
:10560000D4E904329A4224BFE3686361E3690BB1D1
:1056100020469847002080F3118807E03146204655
:1056200001F0CCF80028E2DA87F31188F8BD000019
:10563000D0E9052310B59A4201D182687AB982680F
:105640000021013282605A1C82611C7803699A42EF
:1056500024BFC368836101F0C1F8204610BD4FF03C
:10566000FF30FBE72DE9F74F04460E4617469846F4
:10567000D0F81C904FF0300A8AF311884FF0000BDD
:10568000154665B12A4631462046FFF7EFFE034630
:1056900060B94146204601F091F80028F1D000237E
:1056A00083F31188781B03B0BDE8F08FB9F1000FC8
:1056B00003D001902046C847019B8BF31188ED1A57
:1056C0001E448AF31188DCE70379052B05BF836A42
:1056D000002001204B6004BF4FF400730B60704743
:1056E00073B504460D460F4EA26B01AB0D2120464B
:1056F0008DB1FFF753FB90B9019B33420ED1C3F339
:105700004323042B0BD0053B022B07D84FF47A70B0
:1057100001F030F8E8E7FFF72BFBECE7012002B0DF
:1057200070BD00BF08E0FFFDF8B5856A0446A942D8
:1057300002D26D1AAB4205D9636B012043F080039E
:105740006363F8BD06250571FFF7CAFC05232371C5
:10575000F7E70000F8B5856A0446A94202D26D1A3F
:10576000AB4205D9636B012043F080036363F8BD4E
:1057700007250571FFF7DAFC05232371F7E7000021
:1057800038B505790446052D05D108230371FFF7C7
:10579000F3FC257138BD0120FCE70000036B03F02A
:1057A0000F03022BF0B5054685B00C464FF00007FD
:1057B0000CD10F7003AB1A4A0621FFF7EFFA78B944
:1057C000184B039A13405BB9012308E0C66B7E2295
:1057D0000F7018307F2103F0F7F920B900232370F0
:1057E000002005B0F0BD0623402231462846009730
:1057F000FFF74EFB0028F1D1B3895BBA9B07EFD5C9
:10580000094B40223146284600930623FFF740FB10
:105810000028E3D1337C03F00F030F2BDED0D3E756
:105820000001B90308E0FFFDF1FFFF800121FFF750
:1058300057BF000070B53023054683F31188037904
:105840000024022B03D184F31188204670BD042369
:10585000037184F311880226FFF7E8FF0446284607
:10586000FFF762FA2E71F0E70021FFF739BF000061
:105870000323F0B5044687B0002503718DF80F505F
:10588000FFF720FA2A4629462046FFF765FA4FF42B
:10589000D57205AB08212046FFF780FA0246B8B959
:1058A00001232363059BC3F30323012B09D105AB1C
:1058B00037212046FFF772FA18B9934B059A134027
:1058C000ABB120460125FFF72FFA0223237114E123
:1058D00005AB2A4637212046FFF760FA28B98A4AE5
:1058E000059B1A40002A00F0AC8002232363236B3F
:1058F00003F00F03022B40F0AE806425834E42F28A
:10590000107000F037FF05AB324601212046FFF74B
:105910002FFA0028D5D1059B002B80F298805B00E0
:1059200003D5236B43F010032363002204F1080323
:1059300002212046FFF790FA02460028C1D104F167
:10594000380303212046FFF729FA0028B9D104F1D2
:105950001805A26B092120462B46FFF77DFA002887
:10596000AFD104ABA26B07212046FFF717FA00283E
:10597000A7D10DF10F012046FFF710FF0028A0D19D
:105980009DF80F102046FFF7AFF92046FFF76CFF98
:105990000646002895D1236B03F00F03022B40F03D
:1059A00083807E227F21284603F00EF901287BD9CF
:1059B000E56B42F2107000F0DDFE08234FF4007238
:1059C000294620460096FFF763FA00287FF479AF56
:1059D000284603F047F9A0620DF10F012046FFF7BA
:1059E000DDFE00287FF46DAF9DF80F102046FFF715
:1059F0007BF904AB4FF4007210212046FFF7CEF97B
:105A0000054600287FF45DAF3F4E049B33427FF490
:105A100058AF236B13F00E0F03F00F0248D0022A89
:105A20007FF44FAFE36A1978012969D0022969D060
:105A3000002960D0364F2046FFF77CF905AB3A4687
:105A40004EE0114620462263FFF786F94FE7013DFD
:105A50007FF455AF35E72F4D64262F4A2A4F012B8F
:105A600018BF154605AB002237212046FFF796F9EF
:105A700000287FF426AF059B3B427FF422AF05ABA5
:105A80002A4629212046FFF773F900287FF419AF31
:105A9000059B002BFFF643AF013E3FF412AF42F2ED
:105AA000107000F067FEDDE7284603F0AFF892E7DC
:105AB000E36A1978F9B101297FF403AF2046FFF7B3
:105AC00039F905ABA26B37212046FFF767F90028AB
:105AD0007FF4F7AE059B33427FF4F3AE05AB0222B1
:105AE00006212046FFF75AF900287FF4EAAE059B0D
:105AF00033427FF4E6AE05232371284607B0F0BD9C
:105B0000064F98E7064F96E708E0FFFD0080FFC0CC
:105B10000000B7030080FF50000010800001B703B1
:105B20000002B703FFF75CB8044B03600123037165
:105B300000234363C0E90A33704700BF8C98000814
:105B400010B53023044683F31188C162FFF762F871
:105B500002230020237180F3118810BD10B530237B
:105B6000044683F31188FFF77FF800230122E362E4
:105B7000227183F3118810BD0268436811430160EC
:105B800003B11847704700001430FFF7EBBC00006A
:105B90004FF0FF331430FFF7E5BC00003830FFF75B
:105BA00061BD00004FF0FF333830FFF75BBD0000F0
:105BB0001430FFF7B1BC00004FF0FF311430FFF795
:105BC000ABBC00003830FFF70BBD00004FF0FF32D8
:105BD0003830FFF705BD0000012914BF6FF0130036
:105BE00000207047FFF7E8BA044B036000234360CE
:105BF000C0E9023301230374704700BFB098000866
:105C000010B53023044683F31188FFF7FFFA02230F
:105C10000020237480F3118810BD000038B5C369DB
:105C200004460D461BB904210844FFF7A5FF294689
:105C300004F11400FFF754FC002806DA201D4FF48D
:105C40000061BDE83840FFF797BF38BD0268436880
:105C50001143016003B118477047000013B5406B52
:105C600000F58054D4F8A4381A681178042914D1A6
:105C7000017C022911D11979012312898B40134229
:105C80000BD101A94C3002F0CDFED4F8A448024655
:105C9000019B2179206800F005FA02B010BD0000D8
:105CA000143002F04FBE00004FF0FF33143002F00A
:105CB00049BE00004C3002F021BF00004FF0FF331E
:105CC0004C3002F01BBF0000143002F01DBE00007B
:105CD0004FF0FF31143002F017BE00004C3002F0DC
:105CE000EDBE00004FF0FF324C3002F0E7BE000086
:105CF00010B500F58054D4F8A4381A681178042936
:105D000017D1017C022914D15979012352898B4082
:105D100013420ED1143002F0B1FD024648B1D4F85E
:105D2000A4484FF4407361792068BDE8104000F04A
:105D3000A7B910BD406BFFF7DBBF000000290CBF07
:105D40006FF0130000207047704700007FB5124BC2
:105D500001250426044603600023057400F1840233
:105D600043602946C0E902330C4B02901430019382
:105D70004FF44073009602F05DFD094B04F6944227
:105D8000294604F14C000294CDE900634FF44073BE
:105D900002F024FE04B070BDD8980008355D0008FC
:105DA0005D5C0008302383F311880B790A680B339C
:105DB00042F823004B79133342F823008B7913B157
:105DC0000B3342F8230000F58053C3F8A4180223D4
:105DD0000374002080F311887047000038B5037FFA
:105DE000044613B190F85430ABB90125201D0221AF
:105DF000FFF72CFF04F114006FF00101257700F08C
:105E0000F9FC04F14C0084F854506FF00101BDE836
:105E1000384000F0EFBC38BD10B501210446043015
:105E2000FFF714FF0023237784F8543010BD0000DF
:105E300038B504460025143002F014FD04F14C007E
:105E4000257702F0E3FD201D84F854500121FFF76F
:105E5000FDFE2046BDE83840FFF74ABF90F880308D
:105E600003F06003202B06D190F881200023212A23
:105E700003D81F2A06D800207047222AFBD1C0E988
:105E80001D3303E0034A426707228267C36701208C
:105E9000704700BF3C22002037B500F58055D5F88B
:105EA000A4381A68117804291AD1017C022917D163
:105EB0001979012312898B40134211D100F14C044E
:105EC000204602F063FE58B101A9204602F0AAFD67
:105ED000D5F8A4480246019B2179206800F0E2F839
:105EE00003B030BD2DE9F34104460D4621B301F165
:105EF0000B0350F82360FEB1302383F3118800EBCD
:105F0000810706F14C08FB685B691B6833B14046AA
:105F100002F096FD0821301DFFF798FE01A94046CA
:105F200002F080FD024650B1019B2946204600F058
:105F3000B9F8002383F3118802B0BDE8F081FB6853
:105F40005A69126832B11B8A013B134002D104F135
:105F50008002EAE71021301DFFF778FEE9E7000034
:105F600038B509B3133150F82140ECB1302383F335
:105F7000118804F58053D3F8A4281368527903EBF1
:105F80008203DB689B695D6845B104216018FFF7F7
:105F90005DFE294604F1140002F07AFC2046FFF76A
:105FA000A7FE002383F3118838BD0000704700006E
:105FB00010B50446002102F07BFA0021204602F0D1
:105FC0006BFA63681B6813B1062120469847A368E3
:105FD00023F00113A3600023A367062384F8703025
:105FE00010BD000001F056BD01234022002110B574
:105FF000044600F8303BFBF79DFE0023C4E9013363
:1060000010BD000010B53023044683F3118824220C
:10601000416000210C30FBF78DFE204601F05CFD55
:1060200002230020237080F3118810BD70B500EBAF
:106030008103054650690E461446DA6018B11022F5
:106040000021FBF777FEA06918B110220021FBF7B1
:1060500071FE31462846BDE8704001F045BE0000A3
:1060600083682022002103F0011310B504468360E9
:106070001030FBF75FFE2046BDE8104001F0C0BEC7
:10608000F0B4012500EB810447898D40E4683D436D
:10609000A469458123600023A2606360F0BC01F025
:1060A000DDBE0000F0B4012500EB810407898D40BE
:1060B000E4683D436469058123600023A260636056
:1060C000F0BC01F053BF000070B502230025044668
:1060D000242203702946C0F888500C30C56640F869
:1060E000045CFBF727FE204684F8705001F08EFD1B
:1060F00063681B6823B129462046BDE870401847F5
:1061000070BD00000378052B10B504460AD080F856
:106110008C300523037043681B680BB1042198473A
:106120000023A36010BD00000178052906D190F876
:106130008C20436802701B6803B118477047000049
:1061400070B590F8703004463BB1836823F00113BA
:1061500083600023836780F8703004F1800200219F
:10616000204601F071FE63689B684BB994F880305B
:1061700013F0600528D02046BDE87040FFF718BF37
:10618000204698470028F1D0B4F88630A26F9A4292
:1061900088BFA36794F98030A56F002B4FF03003C0
:1061A00080F20281002D00F0F180092284F8702035
:1061B00083F3118800212046D4E91D23FFF772FFE5
:1061C000002383F3118870BD94F8812003F07F03CE
:1061D00043EA022340F20232934200F0C48021D805
:1061E000B3F5807F47D00DD8012B3ED0022B00F0B5
:1061F0009280002BBFD104F1880262670222A2675D
:10620000E367C1E7B3F5817F00F09A80B3F5407F83
:10621000B1D194F88230012BADD1B4F8883043F07D
:10622000020331E0B3F5006F4CD017D8B3F5A06F7F
:1062300030D0A3F5C063012B9DD86368204694F845
:1062400082205E6894F88310B4F88430B047002848
:1062500091D0436863670368A36719E0B3F5106FD3
:1062600035D040F60242934285D15C4B63670223EE
:10627000A3670023C4E794F88230012B7FF47BAF3F
:10628000B4F8883023F00203A4F88830C4E91D551F
:10629000E56779E7B4F88030B3F5A06F0ED194F8D4
:1062A0008230204684F88A3001F010FD63681B6854
:1062B00013B1012120469847032323700023C4E92A
:1062C0001D339DE704F18B0363670123C4E7237843
:1062D000042B10D1302383F311882046FFF7C0FE32
:1062E00085F311880321636884F88B5021701B6843
:1062F0000BB12046984794F88230002BDED084F80A
:106300008B300423237063681B68002BD6D00221D6
:1063100020469847D2E794F8843020461D0603F0C3
:106320000F010AD501F082FD012804D002287FF474
:1063300022AF2B4B9AE72B4B98E701F069FDF3E76F
:1063400094F88230002B7FF416AF94F8843013F069
:106350000F01B3D01A06204602D502F0C1F8ADE70E
:1063600002F0B2F8AAE794F88230002B7FF403AF72
:1063700094F8843013F00F01A0D01B06204602D5FC
:1063800002F096F89AE702F087F897E7142284F86B
:10639000702083F311882B462A4629462046FFF7B2
:1063A0006FFE85F311880EE75DB1152284F8702029
:1063B00083F3118800212046D4E91D23FFF760FEF6
:1063C000FEE60B2284F8702083F311882B462A46C0
:1063D00029462046FFF766FEE3E700BF089900085C
:1063E000009900080499000838B590F87030044608
:1063F0000B2B09D80B2B37D8DFE803F008363636DD
:1064000036360836360D2737152B2DD12046BDE8F8
:106410003840FFF7CDBD856FB0F886309D4214D26D
:10642000C3681B8AB5FBF3F203FB12556DB9302329
:1064300083F311882B462A462946FFF733FE85F35E
:1064400011880A2384F870300EE0142384F8703029
:10645000302383F31188002320461A461946FFF79C
:106460000FFE002383F3118838BDC36F03B1984733
:10647000A36823F00113A3600023A367E2E70000F1
:1064800010B590F870300446142B1ED00CD8062B93
:1064900005D001D81BB110BD0A3B012BFBD820460B
:1064A000BDE81040FFF784BD152BF4D10B2380F815
:1064B0007030302383F3118800231A461946FFF702
:1064C000F1FD002383F31188E5E7C3689B695B68EE
:1064D000002BE0D1C36F03B19847A36823F00113E9
:1064E000A3600023A36784F87030D4E70023826898
:1064F00080F8243083691B6899689142FBD25A68FE
:10650000036042601060586070470000002382689A
:1065100080F8243083691B6899689142FBD85A68D7
:1065200003604260106058607047000008B508467C
:10653000302383F3118891F82430032B05D0042BEA
:106540000DD02BB983F3118808BD8B6A00221A6025
:106550004FF0FF338362FFF7C9FF0023F2E7D1E971
:10656000003213605A60F3E7034610B51B68984287
:1065700003D09C688A689442F8D25A680B604A60DB
:106580001160596010BD0000FFF7B0BF38B50B4B6C
:106590001C68DD6885F82400226853601A600122B7
:1065A000DC60A36884F82420934201D101F01AF939
:1065B00029462046BDE83840F9F724BF883D002031
:1065C0000C4B30B5DD684B1C87B004460FD02B4612
:1065D000094A684600F0A2F92046FFF7D7FF009B62
:1065E00013B1684600F0A4F9A86A07B030BDFFF700
:1065F000CDFFF9E7883D00202D650008044B1A689F
:10660000DB6890689B68984294BF00200120704727
:10661000883D002038B50C4B1C68DD68226853604B
:106620001A600122DC6084F82420AB68934201D117
:1066300001F0DAF82846FFF769FF01462046BDE879
:106640003840F9F7DFBE00BF883D0020044B1A68D0
:10665000DB6892689B689A4201D9FFF7DBBF7047FD
:10666000883D002038B50123084C00252370656063
:1066700002F026FB02F050FB0549064802F02EFC12
:106680000223237085F3118838BD00BF30400020FD
:1066900010990008883D002000F080B9034A516835
:1066A00053685B1A9842FBD8704700BF001000E0A7
:1066B0008B604B630023CA6100F128020B63022345
:1066C0000A618B840123886181F8263001F110036F
:1066D000C26A4A611360C36201F12C030846CB62AF
:1066E00070470000D0E90131026841F8183CA1F17F
:1066F0009C033839CB60036941F8243C436941F875
:10670000203C034B41F8043CC3680248FFF7D0BF6C
:106710001D040008883D002008B5FFF7E3FFBDE831
:106720000840FFF731BF000038B50E4BDC6804F1BC
:106730002C05A062E06AA8420FD194F826303BB93C
:1067400094F825309B0702BFD4E9043213605A60E5
:106750000F20BDE83840FFF719BF0368E362FFF779
:1067600013FFE7E7883D0020302383F31188FFF70C
:10677000DBBF000008B50146302383F311880820F1
:10678000FFF71EFF002383F3118808BD054BDB686C
:1067900021B1036098620320FFF712BF4FF0FF3072
:1067A000704700BF883D002003682BB100220260C3
:1067B00018469962FFF7E8BE70470000064BDB6899
:1067C00039B1426818605A60136043600420FFF7D3
:1067D000F7BE4FF0FF307047883D002003689842B5
:1067E00006D01A680260506018469962FFF7CCBE66
:1067F0007047000038B504460D462068844200D139
:1068000038BD036823605C608562FFF7BDFEF4E776
:10681000036810B59C68A2420CD85C688A600B6063
:106820004C602160596099688A1A9A604FF0FF3372
:10683000836010BD121B1B68ECE700000A2938BFFB
:106840000A2170B504460D460A26601902F032FA94
:1068500002F01AFA041BA54203D8751C04462E4602
:10686000F3E70A2E04D90120BDE8704002F0FEBB18
:1068700070BD0000F8B5144B0D460A2A4FF00A0708
:10688000D96103F11001826038BF0A2241601969A1
:106890001446016048601861A81802F0FBF902F084
:1068A000F3F9431B0646A34206D37C1C281927464E
:1068B000354602F0FFF9F2E70A2F04D90120BDE8BE
:1068C000F84002F0D3BBF8BD883D0020F8B506467D
:1068D0000D4602F0D9F90F4A134653F8107F9F4234
:1068E00006D12A4601463046BDE8F840FFF7C2BF50
:1068F000D169BB68441A2C1928BF2C46A34202D97F
:106900002946FFF79BFF224631460348BDE8F84081
:10691000FFF77EBF883D0020983D0020C0E903239B
:10692000002310B45DF8044B4361FFF7CFBF0000B4
:1069300010B5194C236998420DD08168D0E9003216
:1069400013605A609A680A449A60002303604FF00B
:10695000FF33A36110BD0268234643F8102F536034
:106960000022026022699A4203D1BDE8104002F081
:106970009BB9936881680B44936002F085F92269A2
:10698000E1699268441AA242E4D91144BDE810407A
:10699000091AFFF753BF00BF883D00202DE9F047DB
:1069A000DFF8BC8008F110072C4ED8F8105002F028
:1069B0006BF9D8F81C40AA68031B9A423ED81444CD
:1069C0004FF00009D5E90032C8F81C4013605A6046
:1069D000C5F80090D8F81030B34201D102F064F944
:1069E00089F31188D5E9033128469847302383F38A
:1069F00011886B69002BD8D002F046F96A69A0EBC8
:106A0000040982464A450DD2022002F02FFB0022E3
:106A1000D8F81030B34208D151462846BDE8F047B7
:106A2000FFF728BF121A2244F2E712EB09092946A0
:106A3000384638BF4A46FFF7EBFEB5E7D8F81030C6
:106A4000B34208D01444C8F81C00211AA960BDE85C
:106A5000F047FFF7F3BEBDE8F08700BF983D002088
:106A6000883D002038B502F00FF9054AD2E9084503
:106A7000031B181945F10001C2E9080138BD00BF28
:106A8000883D002010B560B9074804790368053CCB
:106A90009B6818BF0124984708B144F004042046BD
:106AA00010BD0124FBE700BFC0360020FFF7EABF9E
:106AB0002DE9F047884617469A460446B0B90D4E70
:106AC0003579052D05D003240DE0013D15F0FF05B6
:106AD0000ED03268534639463046D2F814904246BA
:106AE000C8470028F1D12046BDE8F0870424FAE722
:106AF0000124F8E7C03600202DE9F0478846174604
:106B00009A460446B0B90D4E3579052D05D00324BB
:106B10000DE0013D15F0FF050ED0326853463946B1
:106B20003046D2F818904246C8470028F1D1204696
:106B3000BDE8F0870424FAE70124F8E7C036002016
:106B400037B50C46154670B951B101290BD107482C
:106B5000694603681B6A984710B9019B04462B607D
:106B6000204603B030BD0424FAE700BFC036002041
:106B700000207047FEE70000704700004FF0FF3034
:106B8000704700004B6843608B688360CB68C360CC
:106B90000B6943614B6903628B6943620B68036055
:106BA0007047000008B53C4B40F2FF713B48D3F8FA
:106BB00088200A43C3F88820D3F8882022F4FF6293
:106BC00022F00702C3F88820D3F88820D3F8E02009
:106BD0000A43C3F8E020D3F808210A43C3F8082188
:106BE0002F4AD3F808311146FFF7CCFF00F580603B
:106BF00002F11C01FFF7C6FF00F5806002F13801C9
:106C0000FFF7C0FF00F5806002F15401FFF7BAFF03
:106C100000F5806002F17001FFF7B4FF00F58060BD
:106C200002F18C01FFF7AEFF00F5806002F1A801D0
:106C3000FFF7A8FF00F5806002F1C401FFF7A2FF93
:106C400000F5806002F1E001FFF79CFF00F5806035
:106C500002F1FC01FFF796FF02F58C7100F58060F0
:106C6000FFF790FF01F0D8FC0E4BD3F8902242F0D2
:106C70000102C3F89022D3F8942242F00102C3F833
:106C800094220522C3F898204FF06052C3F89C204C
:106C9000054AC3F8A02008BD00440258000002586D
:106CA0002499000800ED00E01F00080308B501F07A
:106CB000ADFDFFF7D7FC104BD3F8DC2042F04002CB
:106CC000C3F8DC20D3F8042122F04002C3F80421E9
:106CD000D3F80431094B1A6842F008021A601A68A6
:106CE00042F004021A6000F067FD00F03DFBBDE8D1
:106CF000084000F0B5B800BF004402580018024830
:106D000001207047002070477047000002290CD016
:106D1000032904D00129074818BF00207047032A1F
:106D200005D8054800EBC2007047044870470020B2
:106D3000704700BF249B00084C220020D89A00080E
:106D400070B59AB005460846144601A900F0C2F88D
:106D500001A8FAF7E7FF431C0022C6B25B00104609
:106D6000C5E9003423700323023404F8013C01AB6D
:106D7000D1B202348E4201D81AB070BD13F8011B93
:106D8000013204F8010C04F8021CF1E708B53023C5
:106D900083F311880348FFF77FF8002383F31188FA
:106DA00008BD00BF3840002090F8803003F01F027B
:106DB000012A07D190F881200B2A03D10023C0E9D2
:106DC0001D3315E003F06003202B08D1B0F88430A8
:106DD0002BB990F88120212A03D81F2A04D8FFF765
:106DE0003DB8222AEBD0FAE7034A426707228267BE
:106DF000C3670120704700BF4322002007B5052963
:106E000017D8DFE801F0191603191920302383F38E
:106E10001188104A01210190FFF708F90198022119
:106E20000D4AFFF703F90D48FFF702F8002383F33B
:106E3000118803B05DF804FB302383F31188074801
:106E4000FEF7CCFFF2E7302383F311880348FEF707
:106E5000E3FFEBE7789A00089C9A0008384000208E
:106E600038B50C4D0C4C2A460C4904F10800FFF7CC
:106E700067FF05F1CA0204F110000949FFF760FF3E
:106E800005F5CA7204F118000649BDE83840FFF75D
:106E900057BF00BF105900204C220020589A00080C
:106EA000629A00086D9A000870B5044608460D46BF
:106EB000FAF738FFC6B22046013403780BB91846FA
:106EC00070BD32462946FAF719FF0028F3D1012098
:106ED000F6E700002DE9F04705460C46FAF722FFD9
:106EE0002A49C6B22846FFF7DFFF08B10936F6B2D5
:106EF00027492846FFF7D8FF08B11036F6B2632EAF
:106F00000BD8DFF88880DFF88890224FDFF890A058
:106F10002E7846B92670BDE8F08729462046BDE8A0
:106F2000F04702F041B9252E2CD1072241462846D0
:106F3000FAF7E4FE60B9184B224603F1100153F84A
:106F4000040B8B4242F8040BF9D107351034DFE70C
:106F5000082249462846FAF7D1FE98B9A21C0F4BE1
:106F6000197802320909C95D02F8041C13F8011BE3
:106F700001F00F015345C95D02F8031CF0D118342C
:106F80000835C5E7013504F8016BC1E7449B0008EB
:106F90006D9A00085D9B00084C9B000800E8F11FFB
:106FA0000CE8F11FBFF34F8F044B1A695107FCD156
:106FB000D3F810215207F8D1704700BF00200052CB
:106FC00008B50D4B1B78ABB9FFF7ECFF0B4BDA683C
:106FD000D10704D50A4A5A6002F188325A60D3F8C0
:106FE0000C21D20706D5064AC3F8042102F18832E3
:106FF000C3F8042108BD00BF6E5B002000200052D2
:107000002301674508B5114B1B78F3B9104B1A697A
:10701000510703D5DA6842F04002DA60D3F8102154
:10702000520705D5D3F80C2142F04002C3F80C21D9
:10703000FFF7B8FF064BDA6842F00102DA60D3F8D6
:107040000C2142F00102C3F80C2108BD6E5B002048
:10705000002000520F289ABF00F5806040040020F5
:10706000704700004FF40030704700001020704758
:107070000F2808B50BD8FFF7EDFF00F500330268C5
:10708000013204D104308342F9D1012008BD00202F
:10709000FCE700000F2838B505463FD8FFF782FF10
:1070A0001F4CFFF78DFF4FF0FF3307286361C4F8D3
:1070B00014311DD82361FFF775FF030243F0240349
:1070C000E360E36843F08003E36023695A07FCD47C
:1070D0002846FFF767FFFFF7BDFF4FF4003100F0D0
:1070E0009BFA2846FFF78EFFBDE83840FFF7C0BF88
:1070F000C4F81031FFF756FFA0F108031B0243F05C
:107100002403C4F80C31D4F80C3143F08003C4F8E4
:107110000C31D4F810315B07FBD4D9E7002038BD1F
:10712000002000522DE9F84F04460D46104644EA6F
:107130000203DE0602D00020BDE8F88F20F01F0019
:10714000DFF8D4B0DFF8D4A0FFF73AFF05EB000872
:10715000454503D10120FFF755FFEDE720222946E1
:10716000204601F0E9FF10B920342035F0E723462E
:1071700004F120021F68791CDDD104339342F9D158
:1071800004F178432048214EB3F5801F204B38BFCF
:10719000184603F1F80332BFD946D1461E46FFF721
:1071A00001FF0760A4EB050C336805F11C0143F0F7
:1071B000020333602B1FD9F8007017F00507FAD1CE
:1071C00053F8042F8B424CF80320F4D1BFF34F8FB8
:1071D000FFF7E8FE4FF0FF330360336823F002034C
:1071E0003360BFF34F8F0B4BC3F85C42BFF34F8F3D
:1071F000BFF36F8F20222946204601F09DFF002813
:10720000B2D03846A7E700BF142100520C2000522C
:107210001420005200ED00E0102000521021005216
:1072200010B5084C237828B11BB9FFF7C9FE01231C
:10723000237010BD002BFCD02070BDE81040FFF77C
:10724000E1BE00BF6E5B00202DE9F04F0D4685B01A
:10725000814658B111F00D0614BF2022082211F00A
:107260000803019304D0431E034269D0002435E093
:10727000002E37D009F11F0121F01F094FF001083E
:10728000314F05F00403DFF8CCA005EA080BBBF191
:10729000000F32D07869C0072FD408F101080C37ED
:1072A000B8F1060FF3D19EB9284D4946A8190192AD
:1072B00001F054FD0446002839D12036019AA02E51
:1072C000F3D1494601F04AFD044600282FD1019A26
:1072D00049461F4801F042FD044660BB204605B008
:1072E000BDE8F08F0029C9D101462846029201F07D
:1072F00035FD0446D8B9029AC0E713B17869410751
:10730000CBD5AC0702D578698007C6D5019911B1F4
:1073100078690107C1D549460AEB4810CDE9022337
:1073200001F01CFD0446DDE902230028B5D04A46E1
:107330000021204601E04A460021FAF7FBFCCDE798
:107340000246002E96D199E7709B0008B05B0020A2
:10735000705B0020905B00200021FFF775BF0000EC
:107360000121FFF771BF000000231A4670B51A60B3
:107370000433B3F5806FFAD1104D0124104E06EBA3
:10738000441001342A6955F80C1F01F0D3FC062C77
:10739000F5D137254FF4C0542046FFF7E1FF0146F1
:1073A00028B122460748BDE8704001F0C3BCC4EBD9
:1073B000C404013D4FEAD404EED170BD709B0008B7
:1073C000905B0020705B00200421FFF73DBF0000B0
:1073D0004843FFF7C1BF000008B101F039BD704755
:1073E000B0F5805F10B5044607D8FFF7EDFF28B968
:1073F0002046BDE81040FFF7AFBF002010BD0000E1
:10740000FFF7EABF70B5AAB140EA010313F01F030A
:107410000FD1094C0144A5686D0706D52568A8421F
:1074200003D366683544A94204D903330C34122BC4
:10743000F1D10022104670BD709B000808B501F024
:107440001DFE034AD2E90032C01842EB010108BD1B
:10745000505C0020434BD3E900232DE9F341134353
:107460007CD0FFF7EBFF404A00230027F8F7E4FF4A
:1074700006460D463D4A0023F8F7DEFF002314467A
:1074800030462946394AF8F7D7FF4FF461613C236B
:10749000ADF80170B4FBF1F5B4FBF3F601FB154157
:1074A00003FB16464624B1FBF3F1314BF6B28DF8DF
:1074B000004098423CD84FF0640C4FF4C87EA307BC
:1074C00004F26C7225D1B2FBFCF30CFB132313BB4B
:1074D000B2FBFEF30EFB1322B2FA82F35B0903F256
:1074E0006D18621C8045D2B217D90FB18DF80040DB
:1074F0000022204C4FF00C0C17460CFB0343D4B277
:10750000013213F804C084450CD8A0EB0C0001270D
:10751000F5E70023E3E70123E1E7A0EB08001446C9
:107520000127CCE70FB18DF80140431C8DF80230E4
:107530009DF80100431C9DF800005038400640EAC9
:1075400043509DF8023040EA034040EA560040EACA
:10755000C52040EA411002B0BDE8F0814FF40410AC
:10756000F9E700BF505C002040420F00805101004D
:1075700090230B00B89B00080244074BD2B210B511
:10758000904200D110BD441C00B253F8200041F8D5
:10759000040BE0B2F4E700BF504000580E4B30B58A
:1075A0001C6F240405D41C6F1C671C6F44F400443A
:1075B0001C670A4C02442368D2B243F480732360F0
:1075C000074B904200D130BD441C51F8045B00B21F
:1075D00043F82050E0B2F4E7004402580048025853
:1075E0005040005807B5012201A90020FFF7C4FF51
:1075F000019803B05DF804FB13B50446FFF7F2FFF2
:10760000A04205D0012201A900200194FFF7C6FF86
:1076100002B010BD704700000144BFF34F8F064B0E
:10762000884204D3BFF34F8FBFF36F8F7047C3F807
:107630005C022030F4E700BF00ED00E00144BFF33E
:107640004F8F064B884204D3BFF34F8FBFF36F8F2A
:107650007047C3F870022030F4E700BF00ED00E08F
:1076600070B5054616460C4601201021FFF7B0FE06
:10767000286046733CB1204636B1FFF7A5FE2B6863
:10768000186000B19C6070BDFFF76AFEF7E700006C
:10769000F8B50F461546044648B905F11F01012605
:1076A000386821F01F01FFF7B7FF3046F8BD427B75
:1076B00029463868FFF7A6FE06460028EDD13B684C
:1076C0006360A368AB4210D213B12068FFF784FE59
:1076D000637B28462BB1FFF777FE206020B9A060BE
:1076E000E3E7FFF73DFEF8E7A560206805F11F011D
:1076F000012621F01F013860FFF78EFF2673D4E7C3
:1077000070B50E4602F11F010446154621F01F0117
:107710003046FFF793FF4CB12168B14206D1606853
:1077200010B12A46FAF7E0FA0023237370BD000077
:10773000F8B50F461446054648B904F11F01012665
:10774000386821F01F01FFF779FF3046F8BD427B12
:1077500021463868FFF756FE06460028EDD1AB6893
:10776000A34210D213B12868FFF736FE6B7B204688
:107770002BB1FFF729FE286020B9A860E5E7FFF7E5
:10778000EFFDF8E7AC60396819B122462868FAF7CE
:10779000ABFA286804F11F01012621F01F013860AF
:1077A000FFF74CFF2E73D0E720B103688B4204BF74
:1077B0000023037370470000034B1A681AB9034A89
:1077C000D2F8D0241A607047585C0020004002585C
:1077D00008B5FFF7F1FF024B1868C0F3806008BDE1
:1077E000585C00207047000070470000EFF30983E9
:1077F000054968334A6B22F001024A6383F3098822
:10780000002383F31188704700EF00E0302080F3FD
:10781000118862B60D4B0E4AD96821F4E061090463
:10782000090C0A430B49DA60D3F8FC2042F080725D
:10783000C3F8FC20084AC2F8B01F116841F00101EA
:1078400011602022DA7783F82200704700ED00E013
:107850000003FA0555CEACC5001000E0302310B58A
:1078600083F311880E4B5B6813F4006314D0F1EEC0
:10787000103AEFF309844FF08073683CE361094BE1
:10788000DB6B236684F30988FEF7B8FE10B1064B64
:10789000A36110BD054BFBE783F31188F9E700BF37
:1078A00000ED00E000EF00E02F04000832040008C3
:1078B00070B5BFF34F8FBFF36F8F1A4A0021C2F824
:1078C0005012BFF34F8FBFF36F8F536943F40033F0
:1078D0005361BFF34F8FBFF36F8FC2F88410BFF3B4
:1078E0004F8FD2F8803043F6E074C3F3C900C3F37E
:1078F0004E335B0103EA0406014646EA817501390D
:10790000C2F86052F9D2203B13F1200FF2D1BFF33D
:107910004F8F536943F480335361BFF34F8FBFF3ED
:107920006F8F70BD00ED00E0FEE70000214B2248A4
:10793000224A70B5904237D3214BC11EDA1C121A6D
:1079400022F003028B4238BF00220021FAF7F2F93D
:107950001C4A0023C2F88430BFF34F8FD2F8803026
:1079600043F6E074C3F3C900C3F34E335B0103EA8B
:107970000406014646EA81750139C2F86C52F9D213
:10798000203B13F1200FF2D1BFF34F8FBFF36F8F66
:10799000BFF34F8FBFF36F8F0023C2F85032BFF396
:1079A0004F8FBFF36F8F70BD53F8041B40F8041B5B
:1079B000C0E700BFB49C0008D45D0020D45D002067
:1079C000D45D002000ED00E0074BD3F8D81021EA89
:1079D0000001C3F8D810D3F8002122EA0002C3F84E
:1079E0000021D3F8003170470044025870B5D0E947
:1079F000244300224FF0FF359E6804EB42135101EF
:107A0000D3F80009002805DAD3F8000940F08040D7
:107A1000C3F80009D3F8000B002805DAD3F8000BEF
:107A200040F08040C3F8000B013263189642C3F85F
:107A30000859C3F8085BE0D24FF00113C4F81C38B2
:107A400070BD0000F0B5D0E9246301250C309F68BB
:107A500000231A4650F8041B59B18C6924B103F174
:107A6000100405FA04F42243496911B105FA03F13F
:107A70000A4301339F42EDD2C6F81C28F0BD000036
:107A8000890141F02001016103699B06FCD41220A9
:107A9000FEF704BE10B50A4C2046FEF7A5FA094BC6
:107AA000C4F89030084BC4F89430084C2046FEF7D8
:107AB0009BFA074BC4F89030064BC4F8943010BDC5
:107AC0005C5C002000000840F49B0008F85C00208B
:107AD00000000440009C000870B503780546012BA7
:107AE0005CD1434BD0F89040984258D1414B0E2185
:107AF0006520D3F8D82042F00062C3F8D820D3F82C
:107B0000002142F00062C3F80021D3F80021D3F82D
:107B1000802042F00062C3F88020D3F8802022F059
:107B20000062C3F88020D3F88030FDF745FC324B6B
:107B3000E360324BC4F800380023D5F89060C4F8F5
:107B4000003EC02323604FF40413A3633369002B6A
:107B5000FCDA01230C203361FEF7A0FD3369DB075B
:107B6000FCD41220FEF79AFD3369002BFCDA0026C4
:107B70002846A660FFF73AFF6B68C4F81068DB6818
:107B8000C4F81468C4F81C6883BB1D4BA3614FF094
:107B9000FF336361A36843F00103A36070BD194B19
:107BA0009842C9D1134B4FF08060D3F8D82042F0EF
:107BB0000072C3F8D820D3F8002142F00072C3F855
:107BC0000021D3F80021D3F8802042F00072C3F8DE
:107BD0008020D3F8802022F00072C3F88020D3F8F0
:107BE0008030FFF7F1FE0E214D209EE7064BCDE7DA
:107BF0005C5C002000440258401400400300200256
:107C0000003C30C0F85C0020083C30C0F8B5D0F82B
:107C10009040054600214FF000662046FFF730FFF8
:107C2000D5F8941000234FF001128F684FF0FF3009
:107C3000C4F83438C4F81C2804EB431201339F42C3
:107C4000C2F80069C2F8006BC2F80809C2F8080B54
:107C5000F2D20B68D5F89020C5F8983063621023F3
:107C60001361166916F01006FBD11220FEF716FDFF
:107C7000D4F8003823F4FE63C4F80038A36943F451
:107C8000402343F01003A3610123C4F810380923F3
:107C9000C4F814380B4BEB604FF0C043C4F8103BF2
:107CA000094BC4F8003BC4F81069C4F80039D5F892
:107CB000983003F1100243F48013C5F89820A362B2
:107CC000F8BD00BFD09B000840800010D0F8902085
:107CD00090F88A10D2F8003823F4FE6343EA0113C7
:107CE000C2F80038704700002DE9F84300EB81032B
:107CF000D0F890500C468046DA680FFA81F94801B6
:107D0000166806F00306731E022B05EB41134FF0B5
:107D1000000194BFB604384EC3F8101B4FF00101A8
:107D200004F1100398BF06F1805601FA03F391693C
:107D300098BF06F5004600293AD0578A04F1580149
:107D4000374349016F50D5F81C180B430021C5F883
:107D50001C382B180127C3F81019A7405369611E5E
:107D60009BB3138A928B9B08012A88BF5343D8F890
:107D70009820981842EA034301F140022146C8F8CE
:107D80009800284605EB82025360FFF779FE08EB66
:107D90008900C3681B8A43EA845348341E43640144
:107DA0002E51D5F81C381F43C5F81C78BDE8F88360
:107DB00005EB4917D7F8001B21F40041C7F8001B59
:107DC000D5F81C1821EA0303C0E704F13F030B4A6E
:107DD0002846214605EB83035A60FFF751FE05EB69
:107DE0004910D0F8003923F40043C0F80039D5F821
:107DF0001C3823EA0707D7E70080001000040002C0
:107E0000D0F894201268C0F89820FFF7EFBD00006A
:107E10005831D0F8903049015B5813F4004004D039
:107E200013F4001F0CBF0220012070474831D0F826
:107E3000903049015B5813F4004004D013F4001F44
:107E40000CBF02200120704700EB8101CB68196A4A
:107E50000B6813604B6853607047000000EB8103B0
:107E600030B5DD68AA691368D36019B9402B84BFA7
:107E7000402313606B8A1468D0F890201C4402EBF6
:107E80004110013C09B2B4FBF3F46343033323F024
:107E9000030343EAC44343F0C043C0F8103B2B68DC
:107EA00003F00303012B0ED1D2F8083802EB411086
:107EB00013F4807FD0F8003B14BF43F0805343F0AD
:107EC0000053C0F8003B02EB4112D2F8003B43F0F4
:107ED0000443C2F8003B30BD2DE9F041D0F890607A
:107EE00005460C4606EB4113D3F8087B3A07C3F866
:107EF000087B08D5D6F814381B0704D500EB81039E
:107F0000DB685B689847FA071FD5D6F81438DB079B
:107F10001BD505EB8403D968CCB98B69488A5A68AC
:107F2000B2FBF0F600FB16228AB91868DA689042B4
:107F30000DD2121AC3E90024302383F3118821469D
:107F40002846FFF78BFF84F31188BDE8F0810123F9
:107F500003FA04F26B8923EA02036B81CB68002BDE
:107F6000F3D021462846BDE8F041184700EB8103D5
:107F70004A0170B5DD68D0F890306C692668E6601B
:107F800056BB1A444FF40020C2F810092A6802F0C8
:107F90000302012A0AB20ED1D3F8080803EB4214F7
:107FA00010F4807FD4F8000914BF40F0805040F0F6
:107FB0000050C4F8000903EB4212D2F8000940F067
:107FC0000440C2F800090122D3F8340802FA01F192
:107FD0000143C3F8341870BD19B9402E84BF402046
:107FE000206020681A442E8A8419013CB4FBF6F400
:107FF00040EAC44040F00050C6E700002DE9F84FC9
:10800000D0F8906005460C464F0106EB4113D3F8BB
:10801000088918F0010FC3F808891CD0D6F8103869
:10802000DB0718D500EB8103D3F80CC0DCF8143063
:10803000D3F800E0DA68964533D2A2EB0E024FF097
:1080400000091A60C3F80490302383F31188FFF706
:108050008DFF89F3118818F0800F20D0D6F83438BE
:108060000126A64033421AD005EB84030134D5F82B
:1080700090506FF00308D3F80CC0E4B22F44DCF842
:10808000140005EB0434D0F800E0D0F80490F1457A
:1080900014D3D5F8343823EA0606C5F83468BDE8A9
:1080A000F88F012303FA01F2038923EA0203038113
:1080B000DCF80830002BCED09847CCE7AEEB0903B4
:1080C000BCF81020934228BF1346D7F8182992B263
:1080D000B3EB820FE3D88268194602EB030B032946
:1080E000ABEB010A1CD84FEA930A23F0030B08FB01
:1080F0000A31934479B1022918D0032918D19BF889
:10810000021009049BF801B041EA0B2112F82AA0E1
:108110004AEA010121601A444B4482604360B4E79B
:10812000DAF800A00439C4F800A0D8E70021E9E794
:108130000021EBE72DE9F74F0446D0F890504FF0BF
:1081400040094FF0010A6F69AB691F4017F480586E
:108150006F6105D0204603B0BDE8F04FFDF7B4BF16
:10816000002F15DAD5F8003E9E0705D0D5F8003E61
:1081700023F00303C5F8003E2046FFF763FCD5F863
:108180000438204623F00103C5F80438FDF7CCFF7E
:10819000380505D52046FFF729FC2046FDF7B2FF3C
:1081A000B9040CD5D5F8083813F0060FEB6823F4A2
:1081B00070530CBF43F4105343F4A053EB603A07E1
:1081C0001AD56368DB681BB9AB6923F00803AB61A0
:1081D0002378052B08D1D5F8003E204623F0030371
:1081E000C5F8003EFDF7A0FF2046FFF72BFC6368B3
:1081F000DB680BB120469847FB026ED4BE0209D55E
:10820000D4F890200026D4F89430F1B29B689942BB
:1082100040F29B803803D5F8186800F1B4807A03E7
:1082200035D5F30703D500212046FFF7E7FEB00759
:1082300003D501212046FFF7E1FE710703D5022196
:108240002046FFF7DBFE320703D503212046FFF768
:10825000D5FEF30603D504212046FFF7CFFEB00676
:1082600003D505212046FFF7C9FE710603D5062177
:108270002046FFF7C3FE320603D507212046FFF74D
:10828000BDFEF30503D508212046FFF7B7FEFE0625
:1082900019D5D4F89060336AC3F30A1203F00F00C3
:1082A00003F4F013B3F5802F00F0B280B3F5402F44
:1082B00009D104EB8000002106F58056C3681B6AD3
:1082C0008A4240F09880694B1F4203D0B9F10109FE
:1082D0007FF439AF03B0BDE8F08FD4F890604FF071
:1082E000000BD4F894205FFA8BF19268914285D804
:1082F00006EB4112D2F8000900F44020B0F5802FBF
:1083000020D1D2F8000900281CDAD2F8000940F088
:108310009040C2F80009D2F800090028FBDBD4F82D
:1083200090000191FFF7ACFB019920890AFA01F254
:1083300020EA0202228104EB8102D26892680AB12B
:10834000204690470BF1010BCBE702EB4110D0F830
:10835000003B03F44023B3F5802F12D1D0F8003B4B
:10836000002B0EDA60890AFA01F320EA0303638125
:1083700004EB8103DB68DB681BB120460192984760
:10838000019A01363FE7F10303D500212046FFF7AC
:10839000A3FDB20303D501212046FFF79DFD730322
:1083A00003D502212046FFF797FD300303D50321B3
:1083B0002046FFF791FDF10203D504212046FFF787
:1083C0008BFDB20203D505212046FFF785FD730220
:1083D00003D506212046FFF77FFD300203D5072194
:1083E0002046FFF779FDF1017FF519AF08212046FE
:1083F000FFF772FD13E7880701D1D6F8008007293F
:1084000001F101019CBF03F8018B4FEA182857E7DF
:1084100004EB800E4FF0000C06F58056DEF80C30B1
:108420009969D1E900038968C31A624510D1DEF861
:108430000C1093428869D0E901168BBFB618F61864
:1084400052185B1887BF86604260866043603AE7D7
:108450001CF0030F01D1D6F8008063450CF1010C2C
:1084600084BF01F8018B4FEA1828DEE730000004D2
:1084700008B50348FFF75EFEBDE80840FFF7EEB918
:108480005C5C002008B50348FFF754FEBDE80840D7
:10849000FFF7E4B9F85C0020D0F8903003EB41110D
:1084A000D1F8003B43F40013C1F8003B70470000D3
:1084B000D0F8903003EB4111D1F8003943F40013A8
:1084C000C1F8003970470000D0F8903003EB41113B
:1084D000D1F8003B23F40013C1F8003B70470000C3
:1084E000D0F8903003EB4111D1F8003923F4001398
:1084F000C1F8003970470000064BD3F8DC20024376
:10850000C3F8DC20D3F804211043C3F80401D3F8E6
:10851000043170470044025808B53E4B4FF0FF311C
:10852000D3F8802062F00042C3F88020D3F8802086
:1085300002F00042C3F88020D3F88020D3F88420D2
:10854000C3F88410D3F884200022C3F88420D3F821
:108550008400D86F40F0FF4040F4FF0040F4DF405B
:1085600040F07F00D867D86F20F0FF4020F4FF0074
:1085700020F4DF4020F07F00D867D86FD3F8880060
:108580006FEA40506FEA5050C3F88800D3F8880073
:10859000C0F30A00C3F88800D3F88800D3F890002D
:1085A000C3F89010D3F89000C3F89020D3F890004F
:1085B000D3F89400C3F89410D3F89400C3F894202F
:1085C000D3F89400D3F89800C3F89810D3F8980023
:1085D000C3F89820D3F89800D3F88C00C3F88C1017
:1085E000D3F88C10C3F88C20D3F88C20D3F89C20BF
:1085F00062F00202C3F89C20D3F89C2002F0020231
:10860000C3F89C20D3F89C30FCF7E6F9BDE808409D
:1086100000F0E8B80044025808B50122534BC3F8F3
:108620000821534BD3F8F42042F00202C3F8F4209F
:10863000D3F81C2142F00202C3F81C210222D3F815
:108640001C314C4BDA605A689104FCD54A4A1A60D6
:1086500001229A60494ADA6000221A614FF44042CE
:108660009A61444B9A699204FCD51A6842F480726C
:108670001A603F4B1A6F12F4407F04D04FF48032DF
:108680001A6700221A671A6842F001021A60384B12
:108690001A685007FCD500221A611A6912F03802D4
:1086A000FBD1012119604FF0804159605A67344A6B
:1086B000DA62344A1A611A6842F480321A602C4B2A
:1086C0001A689103FCD51A6842F480521A601A683D
:1086D0009204FCD52C4A2D499A6200225A631963F0
:1086E00001F57C01DA6301F5E77199635A64284A60
:1086F0001A64284ADA621A6842F0A8521A601C4BBF
:108700001A6802F02852B2F1285FF9D148229A6122
:108710004FF48862DA6140221A621F4ADA641F4A03
:108720001A651F4A5A651F4A9A6532231E4A13600A
:10873000136803F00F03022BFAD10D4A136943F0BB
:1087400003031361136903F03803182BFAD14FF0B8
:108750000050FFF7D1FE4FF08040FFF7CDFE4FF005
:108760000040BDE80840FFF7C7BE00BF00800051D1
:10877000004402580048025800C000F00200000106
:108780000000FF01008890083220600063020901A8
:10879000470E0508DD0BBF0120000020000001107E
:1087A0000910E000000101100020005208B5034844
:1087B000FCF7E4FCBDE80840FFF750B8C0360020E5
:1087C00008B50348FCF774FDBDE80840FFF746B85C
:1087D0001839002008B500F099FCBDE80840FFF703
:1087E0003DB8000008B509217A20FCF7E5FD092114
:1087F0003120FCF7E1FD07213220FCF7DDFD0C21E3
:108800005220BDE80840FCF7D7BD000008B5FFF7CF
:1088100083FE00F04FFCFDF7E5F9FDF783F9FDF766
:10882000E1FBFDF791FAFEF76FFABDE8084000F0B2
:1088300029BA000030B50433039C0172002103FB08
:108840000425C160C0E90653049B0363059BC0E98E
:108850000000C0E90422C0E90842C0E90A114363EC
:1088600030BD00000022416AC260C0E90411C0E9C5
:108870000A226FF00101FDF7BDBF0000D0E904320C
:10888000934201D1C2680AB9181D70470020704791
:10889000036919600021C2680132C260C2691344D1
:1088A00082699342036124BF436A0361FDF796BF67
:1088B00038B504460D46E3683BB162690020131DDC
:1088C0001268A3621344E36207E0237A33B92946AE
:1088D0002046FDF773FF0028EDDA38BD6FF0010088
:1088E000FBE70000C368C269013BC36043691344EE
:1088F00082699342436124BF436A436100238362D8
:10890000036B03B11847704770B53023044683F3F7
:108910001188866A3EB9FFF7CBFF054618B186F38A
:108920001188284670BDA36AE26A13F8015B93427E
:10893000A36202D32046FFF7D5FF002383F31188FB
:10894000EFE700002DE9F84F04460E46174698461B
:108950004FF0300989F311880025AA46D4F828B0D1
:10896000BBF1000F09D141462046FFF7A1FF20B11E
:108970008BF311882846BDE8F88FD4E90A12A7EBDB
:10898000050B521A934528BF9346BBF1400F1BD9E4
:10899000334601F1400251F8040B914243F8040BB5
:1089A000F9D1A36A403640354033A362D4E90A23A3
:1089B0009A4202D32046FFF795FF8AF31188BD4201
:1089C000D8D289F31188C9E730465A46F9F78CF9AD
:1089D000A36A5E445D445B44A362E7E710B5029C72
:1089E0000433017203FB0421C460C0E906130023B1
:1089F000C0E90A33039B0363049BC0E90000C0E99C
:108A00000422C0E90842436310BD0000026A6FF00F
:108A10000101C260426AC0E904220022C0E90A22C0
:108A2000FDF7E8BED0E904239A4201D1C26822B919
:108A3000184650F8043B0B60704700231846FAE7CD
:108A4000C3680021C2690133C3604369134482696A
:108A50009342436124BF436A4361FDF7BFBE0000F8
:108A600038B504460D46E3683BB1236900201A1D62
:108A7000A262E2691344E36207E0237A33B929462C
:108A80002046FDF79BFE0028EDDA38BD6FF00100AF
:108A9000FBE7000003691960C268013AC260C2695D
:108AA000134482699342036124BF436A0361002334
:108AB0008362036B03B118477047000070B5302321
:108AC0000D460446114683F31188866A2EB9FFF7D6
:108AD000C7FF10B186F3118870BDA36A1D70A36A29
:108AE000E26A01339342A36204D3E1692046043968
:108AF000FFF7D0FF002080F31188EDE72DE9F84F54
:108B000004460D46904699464FF0300A8AF3118884
:108B10000026B346A76A4FB949462046FFF7A0FF93
:108B200020B187F311883046BDE8F88FD4E90A07F1
:108B30003A1AA8EB0607974228BF1746402F1BD9C1
:108B400005F1400355F8042B9D4240F8042BF9D160
:108B5000A36A40364033A362D4E90A239A4204D37D
:108B6000E16920460439FFF795FF8BF311884645EC
:108B7000D9D28AF31188CDE729463A46F9F7B4F8F5
:108B8000A36A3D443E443B44A362E5E7D0E90423A5
:108B90009A4217D1C3689BB1836A8BB1043B9B1A7D
:108BA0000ED01360C368013BC360C3691A44836974
:108BB0009A42026124BF436A036100238362012356
:108BC000184670470023FBE701F01F03F0B502F0E1
:108BD0001F0456095A1C0123B6EB511F50F82650AA
:108BE00003FA02F34FEA511703F1FF333DBF50F888
:108BF0002720C4F12000134003EA05003BBF03FA1D
:108C000000F225FA04F0E0401043F0BD70B57E227A
:108C10007F210546FFF7D8FF18B1012819D00020A1
:108C200070BD3E2249212846FFF7CEFF2F22044681
:108C300031212846FFF7C8FF06460134502202368C
:108C400053212846B440FFF7BFFF093804FA00F06B
:108C5000E6E7302245212846FFF7B6FF01308002C3
:108C6000DEE7000090F8D63090F8D7201B0403EB25
:108C7000026390F8D42090F8D500134403EB002051
:108C80007047000000F018BA014B586A704700BFE7
:108C9000000C0040034B002258631A610222DA6084
:108CA000704700BF000C0040014B0022DA607047A3
:108CB000000C0040014B5863704700BF000C00409F
:108CC000024B034A1A60034A5A607047AC5D0020A9
:108CD000D85D002000000220094B70B5D3E9005494
:108CE000661BB04209D8201A49420840821A9542B0
:108CF00003D8944201D35A6070BD0020FCE700BF46
:108D0000AC5D002008B5302383F31188FFF7E4FF42
:108D1000002383F3118808BD0448054B036000233A
:108D2000C0E901330C3000F01FB900BFB45D002072
:108D3000058D0008CB1D083A23F00703591A521A73
:108D400010B4D2080024C0E9004384600C301C60D9
:108D50005A605DF8044B00F007B900002DE9F74FA9
:108D6000CC1D3A4F0E4624F00703002818BF0746D3
:108D7000994204D90024204603B0BDE8F08F082AA8
:108D800007F10C004FEAD40438BF08220190904646
:108D900000F02CF93A1D019808F1070EC8F10009FE
:108DA0009446126872B900F02BF93B68002BE1D0B1
:108DB000E00008224146984704460028DBD040E9FD
:108DC0000276D8E702EB0E01D2F804A001EA09010D
:108DD0000AF10105A1F1080302EBC5059D42DFD9A7
:108DE000691AB4EBE10F4FEAE10BD9D89A4219D2D4
:108DF00002F10801A345A3EB01014FEAE101516033
:108E000009D9651CE44303EBC5015C444C6014685C
:108E100043F8354011601C465E6044F8087B00F062
:108E2000EFF8A8E7A245116803D1CCF8001013466B
:108E3000F1E7013402EBC40342F8341003F10801F6
:108E40006D1AED105D60CCF80030F0E7B45D0020E5
:108E500073B50446A0F1080550F8080C54F8043C1A
:108E6000061D0C3007330190DB0844F8043C00F089
:108E7000BDF8334601989E421A6801D0AB4228D211
:108E80000AB1954225D244F8082C54F8042C1D60F0
:108E9000013254F8081C05EBC206B14206D14E68F7
:108EA000324444F8042C0A6844F8082C5E68711CAB
:108EB00003EBC1018D4207D154F8042C0132324436
:108EC0005A6054F8082C1A6002B0BDE8704000F0F7
:108ED00097B81346CFE70000FEE7000070B51E4BC1
:108EE0000025044686B058600E4605638163FEF790
:108EF0008DFC04F12803A5606563C4E90A3304F11D
:108F00001003C4E904334FF0FF33C4E90044C4E95B
:108F10000635FFF7B9FE2B46024604F13C01204618
:108F2000C4E9082380230D4A6567FDF7C1FB736818
:108F3000E0600B4A03620123009280F82430684607
:108F4000F26801923269CDE90223064BCDE904357E
:108F5000FDF7E2FB06B070BD30400020149C000815
:108F60000C9C0008D98E00080023C0E90000836033
:108F70000361704770B51C4B05468468DE685CB3BE
:108F8000B44213D103690133036170BDA36094F847
:108F9000243083B1062B15D1A06A2146D4E90032D2
:108FA00013605A60FDF7E0FAA36A9C68B368A26890
:108FB0009A42EBD306E0D4E90032204613605A60AF
:108FC000FDF7E2FA28463146FDF7CEFAB5620620F3
:108FD000BDE87040FDF7DABA0369866001330361CA
:108FE000336BC3603063D0E7883D002008B5302381
:108FF00083F31188FFF7BEFF002383F3118808BDB8
:10900000194BD96883688B4210B520D1302383F384
:1090100011880269013A0261B2B90468C368A042CA
:109020000B631ED04A6B9BB901238A6003610368FE
:109030001A68026050601A6B8360C2601863184639
:10904000FDF7A2FAFDF702FB002383F3118810BDA0
:109050001C68A34203D0A468A24238BF2246DB6842
:10906000E1E78260F0E700BF883D0020024A536BD1
:1090700018435063704700BF883D002038B5EFF3B8
:1090800011859DB9EFF30584C4F30804302334B18E
:1090900083F31188FDF7E6FC85F3118838BD83F36F
:1090A0001188FDF7DFFC84F3118838BDBDE8384036
:1090B000FDF7D8BC70470000114BD3F8E82042F010
:1090C0000802C3F8E820D3F8102142F00802C3F8E0
:1090D00010210C4AD3F81031D36B43F00803D3634B
:1090E000C722094B9A624FF0FF32DA6200229A617E
:1090F0005A63DA605A6001225A611A60704700BFF1
:10910000004402580010005C000C0040094A08B5F9
:109110001169D3680B40D9B29B076FEA0101116155
:1091200007D5302383F31188FDF7B6FA002383F3C4
:10913000118808BD000C004010B50139024490426E
:1091400001D1002005E0037811F8014FA34201D0BE
:10915000181B10BD0130F2E7884210B501EB020484
:1091600002D98442234607D8431EA14208D011F8F1
:10917000012B03F8012FF8E7024401468A4200D18F
:1091800010BD13F8014D02F8014DF7E7C9B20346CF
:1091900010F8012B1AB18A42F9D1184670470029FC
:1091A00018BF0023F9E70000034611F8012B03F86C
:1091B000012B002AF9D1704710B50139034632B1AD
:1091C00011F8014F03F8014B013A002CF7D11A4472
:1091D0000021934200D110BD03F8011BF9E7000004
:1091E000653231623733326130376365326236332C
:1091F0000000000012100000121100001213000005
:109200004D4435002D2D0A002F6172647570696C14
:109210006F742E6162696E002F6172647570696C83
:109220006F742D7665726966792E6162696E002FA2
:109230006172647570696C6F742D666C6173682EF1
:109240006162696E002F6172647570696C6F742D54
:10925000666C61736865642E6162696E000000006F
:109260000000000000000000150F0008D90F0008E2
:1092700029110008190F0008D10F00080000000094
:1092800000000000110F0008E50F00086111000840
:109290000D0F0008410F000853544D333248373F3B
:1092A0003F3F0053544D3332483733782F373278AD
:1092B0000053544D3332483734332F3735332F373B
:1092C0003530000001105A000310590001205800E9
:1092D000032056002F0000005375636365737366A7
:1092E000756C6C79206D6F756E74656420534443A2
:1092F0006172642028736C6F77646F776E3D25759B
:10930000290A0000EB769045584641542020200061
:109310004641543332202020000000002A3A3C3ECF
:109320007C223F7F002B2C3B3D5B5D00435545413C
:109330004141414345454549494941414592924F43
:109340004F4F5555594F554F9C4F9E9F41494F5533
:10935000A5A5A6A7A8A9AAABACADAEAFB0B1B2B354
:10936000B4414141B8B9BABBBCBDBEBFC0C1C2C3A4
:10937000C4C54141C8C9CACBCCCDCECFD1D145455A
:109380004549494949D9DADBDCDD49DF4FE14F4F37
:109390004F4FE6E8E85555555959EEEFF0F1F2F325
:1093A000F4F5F6F7F8F9FAFBFCFDFEFF01030507FB
:1093B000090E10121416181C1E00000061001A037A
:1093C000E0001703F8000703FF0001007801000127
:1093D000300132010601390110014A012E017901E3
:1093E000060180014D004302810182018201840156
:1093F000840186018701870189018A018B018B0124
:109400008D018E018F0190019101910193019401D1
:10941000F60196019701980198013D029B019C017C
:109420009D0120029F01A001A001A201A201A401AF
:10943000A401A601A701A701A901AA01AB01AC01E2
:10944000AC01AE01AF01AF01B101B201B301B30193
:10945000B501B501B701B801B801BA01BB01BC0142
:10946000BC01BE01F701C001C101C201C301C401B9
:10947000C501C401C701C801C701CA01CB01CA01A6
:10948000CD011001DD0101008E01DE011201F301A9
:109490000300F101F401F401F80128012202120194
:1094A0003A020900652C3B023B023D02662C3F025A
:1094B00040024102410246020A015302400081017A
:1094C0008601550289018A0158028F015A029001D2
:1094D0005C025D025E025F0293016102620294011E
:1094E0006402650266026702970196016A02622CB5
:1094F0006C026D026E029C01700271029D0173028A
:1095000074029F0176027702780279027A027B0266
:109510007C02642C7E027F02A60181028202A901E4
:109520008402850286028702AE014402B101B201C3
:1095300045028D028E028F0290029102B7017B03D9
:109540000300FD03FE03FF03AC030400860388034E
:1095500089038A03B1031103C2030200A303A30317
:10956000C4030803CC0303008C038E038F03D803CA
:109570001801F2030A00F903F303F403F503F603F9
:10958000F703F703F903FA03FA0330042003500446
:109590001007600422018A043601C1040E01CF04C1
:1095A0000100C004D004440161052604000000004D
:1095B0007D1D0100632C001E9601A01E5A01001F94
:1095C0000806101F0606201F0806301F0806401F49
:1095D0000606511F0700591F521F5B1F541F5D1FB6
:1095E000561F5F1F601F0806701F0E00BA1FBB1FAB
:1095F000C81FC91FCA1FCB1FDA1FDB1FF81FF91FA7
:10960000EA1FEB1FFA1FFB1F801F0806901F0806AA
:10961000A01F0806B01F0400B81FB91FB21FBC1F4F
:10962000CC1F0100C31FD01F0206E01F0206E51F6A
:109630000100EC1FF31F0100FC1F4E21010032212D
:1096400070211002842101008321D0241A05302CBE
:109650002F04602C0201672C0601752C0201802C5E
:109660006401002D260841FF1A030000C700FC001A
:10967000E900E200E400E000E500E700EA00EB00BA
:10968000E800EF00EE00EC00C400C500C900E600F1
:10969000C600F400F600F200FB00F900FF00D6005F
:1096A000DC00F800A300D800D7009201E100ED0033
:1096B000F300FA00F100D100AA00BA00BF00AE002A
:1096C000AC00BD00BC00A100AB00BB009125922501
:1096D000932502252425C100C200C000A9006325EE
:1096E000512557255D25A200A500102514253425F8
:1096F0002C251C2500253C25E300C3005A255425B4
:1097000069256625602550256C25A400F000D00051
:10971000CA00CB00C8003101CD00CE00CF00182513
:109720000C2588258425A600CC008025D300DF00E9
:10973000D400D200F500D500B500FE00DE00DA004E
:10974000DB00D900FD00DD00AF00B400AD00B100CA
:109750001720BE00B600A700F700B800B000A800B0
:10976000B700B900B300B200A025A000100002406D
:10977000080002400008024000000B0028000240E0
:10978000080002400408024006010C0040000240AC
:10979000080002400808024010020D005800024074
:1097A000080002400C08024016030E007000024040
:1097B0000C0002401008024000040F008800024024
:1097C0000C0002401408024006051000A0000240F0
:1097D0000C0002401808024010061100B8000240B8
:1097E0000C0002401C08024016072F001004024023
:1097F0000804024020080240000838002804024003
:1098000008040240240802400609390040040240CE
:109810000804024028080240100A3A005804024096
:10982000080402402C080240160B3B007004024062
:109830000C04024030080240000C3C008804024046
:109840000C04024034080240060D4400A00402400B
:109850000C04024038080240100E4500B8040240D3
:109860000C0402403C080240160F460001000000B4
:109870000000000000960000000000000000000052
:1098800000000000000000000000000000000000D8
:10989000016D0008056D0008715800083558000872
:1098A000295700085557000881570008C956000875
:1098B00000000000A55B0008915B0008CD5B00087C
:1098C000B95B0008C55B0008B15B00089D5B000840
:1098D000895B0008D95B000800000000BD5C00083F
:1098E000A95C0008E55C0008D15C0008DD5C0008AC
:1098F000C95C0008B55C0008A15C00083D5D00087B
:1099000000000000010000000000000063300000C3
:109910000C9900080000000000000000003E00203C
:10992000304000200000812A00000000AAAAA8AA56
:1099300000000124FFFF00000000000000A00A005A
:109940001400000100000000AAAAAAA8100000014B
:10995000FDFF000000000000000000000050AA020F
:1099600000000000AAAAAAAA000055003FFF0000BC
:1099700000000000CCCC0C00200000000000000023
:10998000AAAAAAAA10000000FFFF0000000C000015
:10999000000000000094020000000000AA8AAAAAA9
:1099A00000580100DFFF0000000000700700000009
:1099B0000000000000000000AAAAAAAA00000000FF
:1099C000FFFF000000000000000000000000000099
:1099D00000000000AAAAAAAA00000000FFFF0000E1
:1099E0000000000000000000000000000000000077
:1099F000AAAAAAAA00000000FFFF000000000000C1
:109A0000000000000000000000000000AAAAAAAAAE
:109A100000000000FFFF0000000000000000000048
:109A20000000000000000000AAAAAAAA000000008E
:109A3000FFFF000000000000000000000000000028
:109A400000000000AAAAAAAA00000000FFFF000070
:109A500000000000000000004172647550696C6FE6
:109A6000740025424F415244252D424C0025534558
:109A70005249414C25000000020000000000000097
:109A8000E55E0008615F000840004000E0580020EB
:109A9000F058002002000000000000000300000059
:109AA00000000000AD5F0008000000001000000092
:109AB000005900200000000001000000000000002C
:109AC0005C5C002001010200FD6D00080D6D0008C6
:109AD000A96D00088D6D000843000000E09A0008A1
:109AE00009024300020100C0320904000001020221
:109AF00001000524001001052401000104240202D4
:109B00000524060001070582030800FF090401007F
:109B1000020A00000007050102400000070581025B
:109B200040000000120000002C9B000812011001F0
:109B30000200004009124157000201020301000027
:109B40000403090425424F41524425007370617299
:109B50006B6E6176692D626C7565763200303132DC
:109B600033343536373839414243444546000000E6
:109B70000000002000000200020000000000003091
:109B8000000004000800000000000024000008009D
:109B9000040000000004000000FC000002000000BF
:109BA00000000430008000000800000000000038C1
:109BB00000000100010000001F1C1F1E1F1E1F1FB0
:109BC0001E1F1E1F1F1D1F1E1F1E1F1F1E1F1E1FAD
:109BD0000000000041610008E9630008816400089A
:109BE00040004000945D0020945D002001000000D2
:109BF000A45D00208000000040010000080000007B
:109C000000010000001000000800000069646C659D
:109C1000000000006D61696E002C063804043808ED
:109C20000C10141C202425260000000000006404F1
:109C30000100040000000000000C00102830340077
:109C40002868FF7F010000005305000000000000AD
:109C500000001E0000000000FF000000384000204F
:109C600018390020000000009892000883040000CA
:109C7000A392000850040000B19200080100000007
:109C800000000000009600000000080096000000A0
:109C90000008000004000000409B000800000000D5
:109CA00000000000000000000000000000000000B4
:049CB00000000000B0
:00000001FF
