:020000040800F2
:1000000000060020E1020008E3020008E302000805
:10001000E3020008E3020008E3020008E30200082C
:10002000E3020008E3020008E3020008E9770008A1
:10003000E3020008E3020008E3020008E30200080C
:10004000E3020008E3020008E3020008E3020008FC
:10005000E3020008E3020008E3020008E3020008EC
:10006000E3020008E3020008E30200081147000869
:10007000394700086547000891470008BD47000858
:10008000E547000811480008E3020008E302000801
:10009000E3020008E3020008E3020008E3020008AC
:1000A000E3020008E3020008E3020008E30200089C
:1000B000E3020008E3020008E3020008E30200088C
:1000C000E3020008E3020008E3020008E30200087C
:1000D000E3020008BD870008E3020008E30200080D
:1000E000E3020008E3020008E3020008E30200085C
:1000F000E3020008E3020008E30200083D480008AC
:10010000E3020008E3020008D1870008E3020008C8
:10011000E3020008E3020008E3020008E30200082B
:100120006948000891480008BD480008E9480008EF
:1001300015490008E3020008E3020008E302000892
:10014000E3020008E3020008E3020008E3020008FB
:100150003D4900086949000895490008E302000884
:10016000E3020008E3020008E3020008E3020008DB
:10017000E302000881840008E3020008E3020008AB
:10018000E3020008E3020008E3020008E3020008BB
:10019000E3020008E3020008E3020008E3020008AB
:1001A000E3020008E3020008E3020008E30200089B
:1001B000E3020008E3020008E3020008E30200088B
:1001C000E3020008E3020008E3020008E30200087B
:1001D000E30200086D840008E3020008E30200085F
:1001E000E3020008E3020008E3020008E30200085B
:1001F000E3020008E3020008E3020008E30200084B
:10020000E3020008E3020008E3020008E30200083A
:10021000E3020008E3020008E3020008E30200082A
:10022000E3020008E3020008E3020008E30200081A
:10023000A9870008E3020008E3020008E3020008BF
:10024000E3020008E3020008E3020008E3020008FA
:10025000E3020008E3020008E3020008E3020008EA
:10026000E3020008E3020008E3020008E3020008DA
:10027000E3020008E3020008E3020008E3020008CA
:10028000E3020008E3020008E3020008E3020008BA
:10029000E3020008E3020008E3020008E3020008AA
:1002A000E3020008E3020008E3020008E30200089A
:1002B000E3020008E3020008E3020008E30200088A
:1002C000E3020008E3020008E3020008E30200087A
:1002D000E3020008E3020008E3020008E30200086A
:1002E00002E000F000F8FEE772B6374880F30888B5
:1002F000364880F3098836483649086040F20000E5
:10030000CCF200004EF63471CEF200010860BFF36B
:100310004F8FBFF36F8F40F20000C0F2F0004EF637
:100320008851CEF200010860BFF34F8FBFF36F8F8B
:100330004FF00000E1EE100A4EF63C71CEF20001E3
:100340000860022080F31488BFF36F8F07F0AEFAC5
:1003500006F020FC4FF055301F491B4A91423CBF2C
:1003600041F8040BFAE71D49184A91423CBF41F895
:10037000040BFAE71A491B4A1B4B9A423EBF51F83D
:10038000040B42F8040BF8E700201849184A914280
:100390003CBF41F8040BFAE707F0C6FA06F07EFC12
:1003A000144C154DAC4203DA54F8041B8847F9E7A6
:1003B00000F0C4F9114C124DAC4203DA54F8041B9E
:1003C0008847F9E707F0AEBA0006002000220020B7
:1003D0000000000808ED00E00000002000060020FA
:1003E000389C0008002200206C220020702200208F
:1003F000D45D0020E0020008E0020008E0020008EE
:10040000E00200082DE9F04F2DED108AC1F80CD064
:10041000D0F80CD0BDEC108ABDE8F08F002383F338
:1004200011882846A047002006F096F9FEE706F05E
:10043000E9F800DFFEE7000053B94AB9002908BF18
:1004400000281CBF4FF0FF314FF0FF3000F074B9AF
:10045000ADF1080C6DE904CE00F006F8DDF804E01B
:10046000DDE9022304B070472DE9F047089D0446FA
:100470008E46002B4DD18A42944669D9B2FA82F257
:1004800052B101FA02F3C2F1200120FA01F10CFA93
:1004900002FC41EA030E94404FEA1C48210CBEFBCB
:1004A000F8F61FFA8CF708FB16E341EA034306FB54
:1004B00007F199420AD91CEB030306F1FF3080F0E3
:1004C0001F81994240F21C81023E63445B1AA4B230
:1004D000B3FBF8F008FB103344EA034400FB07F7D2
:1004E000A7420AD91CEB040400F1FF3380F00A8113
:1004F000A74240F207816444023840EA0640E41B08
:1005000000261DB1D4400023C5E900433146BDE8B3
:10051000F0878B4209D9002D00F0EF800026C5E955
:10052000000130463146BDE8F087B3FA83F6002E6D
:100530004AD18B4202D3824200F2F980841A61EBE5
:10054000030301209E46002DE0D0C5E9004EDDE703
:1005500002B9FFDEB2FA82F2002A40F09280A1EBEB
:100560000C014FEA1C471FFA8CFE0126200CB1FB40
:10057000F7F307FB131140EA01410EFB03F0884239
:1005800008D91CEB010103F1FF3802D2884200F2C6
:10059000CB804346091AA4B2B1FBF7F007FB101158
:1005A00044EA01440EFB00FEA64508D91CEB0404F6
:1005B00000F1FF3102D2A64500F2BB800846A4EB51
:1005C0000E0440EA03409CE7C6F12007B34022FA3C
:1005D00007FC4CEA030C20FA07F401FA06F31C436B
:1005E000F9404FEA1C4900FA06F3B1FBF9F8200C78
:1005F0001FFA8CFE09FB181140EA014108FB0EF0BE
:10060000884202FA06F20BD91CEB010108F1FF3A0D
:1006100080F08880884240F28580A8F10208614419
:10062000091AA4B2B1FBF9F009FB101144EA014127
:1006300000FB0EFE8E4508D91CEB010100F1FF34D2
:100640006CD28E456AD90238614440EA0840A0FB6A
:100650000294A1EB0E01A142C846A64656D353D040
:100660005DB1B3EB080261EB0E0101FA07F722FA64
:1006700006F3F1401F43C5E9007100263146BDE88D
:10068000F087C2F12003D8400CFA02FC21FA03F3F0
:10069000914001434FEA1C471FFA8CFEB3FBF7F071
:1006A00007FB10360B0C43EA064300FB0EF69E4296
:1006B00004FA02F408D91CEB030300F1FF382FD22F
:1006C0009E422DD9023863449B1B89B2B3FBF7F6D7
:1006D00007FB163341EA034106FB0EF38B4208D9B0
:1006E0001CEB010106F1FF3816D28B4214D9023EF1
:1006F0006144C91A46EA004638E72E46284605E70F
:100700000646E3E61846F8E64B45A9D2B9EB0208DF
:1007100064EB0C0E0138A3E74646EAE7204694E76F
:100720004046D1E7D0467BE7023B614432E73046A2
:1007300009E76444023842E7704700BF38B501F06A
:10074000EBF901F0AFFB06F04BFF054607F03EF872
:100750000446D0B90F4B9D4219D001339D4241F25E
:10076000883504BF01240025002006F043FF0CB1AA
:1007700000F076F801F034FB00F012FD08B100F053
:100780006FF8284600F01AF9F9E70025ECE705466E
:10079000EAE700BF010007B008B501F089F9A0F150
:1007A00020035842584108BD07B5042101900DEBC4
:1007B000010001F09BF903B05DF804FB38B530236C
:1007C00083F31188174803680BB106F0A9F80023DA
:1007D000154A4FF47A71134806F098F8002383F312
:1007E0001188124C236813B12368013B23606368AE
:1007F00013B16368013B63600D4D2B7833B96368B7
:100800007BB9022001F04EFA322363602B78032B70
:1008100007D163682BB9022001F044FA4FF47A73D0
:10082000636038BD70220020BD07000890230020BF
:1008300088220020084B187003280CD8DFE800F04D
:1008400008050208022001F01FBA022001F00CBACC
:10085000024B00225A60704788220020902300201B
:10086000F8B5504B504A1C461968013100F0998088
:1008700004339342F8D162684C4B9A4240F2918023
:100880004B4B9B6803F1006303F500339A4280F001
:100890008880002001F05AF90220FFF7CBFF454B7A
:1008A0000021D3F8E820C3F8E810D3F81021C3F8EA
:1008B0001011D3F81021D3F8EC20C3F8EC10D3F8C2
:1008C0001421C3F81411D3F81421D3F8F020C3F87D
:1008D000F010D3F81821C3F81811D3F81821D3F861
:1008E000802042F00062C3F88020D3F8802022F0FC
:1008F0000062C3F88020D3F88020D3F8802042F033
:100900000072C3F88020D3F8802022F00072C3F870
:100910008020D3F8803072B64FF0E023C3F8084D42
:10092000D4E90004BFF34F8FBFF36F8F224AC2F8A0
:100930008410BFF34F8F536923F480335361BFF3A7
:100940004F8FD2F8803043F6E076C3F3C905C3F386
:100950004E335B0103EA060C29464CEA81770139E4
:10096000C2F87472F9D2203B13F1200FF2D1BFF319
:100970004F8FBFF36F8FBFF34F8FBFF36F8F5369ED
:1009800023F4003353610023C2F85032BFF34F8F7A
:10099000BFF36F8F302383F31188854680F3088877
:1009A0002047F8BD0000020820000208FFFF0108F0
:1009B000002200200044025800ED00E02DE9F04F35
:1009C00095B0DFF8D8922022FF21029004A8D9F830
:1009D000085001F0AFF9A84A1378A3B90121A7483C
:1009E00011700360302383F3118803680BB105F0A5
:1009F00097FF0023A24A4FF47A71A04805F086FFC2
:100A0000002383F31188029B13B19E4B029A1A6054
:100A10009D4A1378032B03D000231370994A536027
:100A20004FF0000B029C5E46DA46CDF804B0012080
:100A300001F02AF924B1934B1B68002B00F02882A7
:100A4000002001F035F8B0F10008F3DB012001F0DF
:100A50000BF9A8F121031F2BE9D801A252F823F0CA
:100A6000E10A0008FD0A00088B0B00082F0A0008A5
:100A70002F0A00082F0A0008150C0008070E0008AE
:100A8000F90C0008550D00087B0D0008A10D0008A9
:100A90002F0A0008B30D0008D70D00084F0E0008FC
:100AA000690B00082F0A0008970E0008ED0A0008DD
:100AB000690B00082F0A0008550D00082F0A0008CE
:100AC0002F0A00082F0A00082F0A00082F0A000822
:100AD0002F0A00082F0A00082F0A00088B0B0008B5
:100AE0000220FFF759FE002840F0FF81029B0221FF
:100AF0006648BBF1000F08BF1C4640E04FF47A7017
:100B000000F0D6FF071EF1DB0220FFF745FE0028AC
:100B1000ECD0013F052F00F2EA81DFE807F0030780
:100B20000A0D10330520FFF73FFE14E0D9F800004E
:100B3000F9E7D9F80400F6E7D9F80800F3E74FF031
:100B40001C08404608F1040801F002F8FFF72CFEEB
:100B5000B8F12C0FF5D10120019B4FF0000A00FAEB
:100B600007F71F43FBB2019301F030F92EB1019B4F
:100B700003F00B030B2B08BF00240221444800F0B4
:100B8000B5FF54E7D9F80C00CDE7002EAED0019B9D
:100B900003F00B030B2BA9D10220FFF7FDFD074645
:100BA0000028A3D00120002600F0D0FF0220FFF78C
:100BB00041FE1FFA86FB584600F0D8FF044688B174
:100BC000A8F14002584601365142514100F0DEFF83
:100BD0000028EED1BB46044602212E483E4600F0D6
:100BE00085FF24E725460120FFF724FED9F80830C9
:100BF000AB4207D9284600F0ABFF013040F07A81C4
:100C00000435F3E70025204BBB463E461D701D4BC7
:100C10005D60A9E7002E3FF469AF019B03F00B0371
:100C20000B2B7FF463AF0220FFF704FE322000F0AD
:100C30003FFFB0F10008FFF659AF18F003077FF44B
:100C400055AF08EB0503D9F8082093423FF64EAFA5
:100C5000B8F5807F3FF74AAF0F4BB84503931FDDD0
:100C60004FF47A7000F024FF0028FFF63FAF039B9B
:100C7000013703F8010BF0E78C23002070220020DD
:100C8000BD0700089023002088220020F89100086A
:100C9000F0910008F49100088C220020002200202E
:100CA000C820FFF779FD074600283FF41FAF1F2D2E
:100CB00011D8C5F1200204AB25F003008F4942454D
:100CC000184428BF4246039201F00EF8039AFF2110
:100CD0008A4801F02FF84FEAA803C8F38702874932
:100CE0002846039301F02EF8064600283FF474AF1F
:100CF000039B05EB830537E70220FFF74DFD002836
:100D00003FF4F4AE00F060FF00283FF4EFAE0027A0
:100D1000B846D9F80830BB4218D91F2F11D8049B08
:100D200001330ED027F0030350336B4453F8403C9B
:100D30000C93404604220CA9043701F04BF980467D
:100D4000E7E7384600F004FF0C90F2E74046FFF773
:100D50002BFD09E7002364210CA80C9300F0BCFED6
:100D600000287FF4C3AE0220FFF716FD00283FF4F1
:100D7000BDAE0C9800F01EFFE9E7002364210CA82B
:100D80000C9300F0A9FE00287FF4B0AE0220FFF71C
:100D900003FD00283FF4AAAE0C9800F00DFFD6E743
:100DA0000220FFF7F9FC00283FF4A0AE00F01CFF82
:100DB000CDE70220FFF7F0FC00283FF497AE0CA926
:100DC000142000F017FF0390FFF7EEFC03990CA826
:100DD00000F08CFEC8E60220FFF7DEFC00283FF49E
:100DE00085AE474B0CAF03F1100C1868083353F86D
:100DF000041C3A46634503C21746F6D11020FFF79C
:100E0000D3FC1021E3E7322000F052FE071EFFF66C
:100E10006DAEBB077FF46AAE07EB0A03D9F8082072
:100E200093423FF663AE0220FFF7B6FC00283FF482
:100E30005DAE27F003075744BA453FF495AE5046E0
:100E40000AF1040A00F084FEFFF7AEFCF4E74FF469
:100E50007A70FFF7A1FC00283FF448AE00F0B4FE22
:100E6000002849D0049B01330BD0082204A900209C
:100E700000F068FF00283FD02022FF2104A800F0E6
:100E800059FF2048022100F031FE1F4805F06AFC9E
:100E900015B0BDE8F08F002E3FF428AE019B03F0A3
:100EA0000B030B2B7FF422AE002364210CA80C93C0
:100EB00000F012FE074600287FF418AE0220FFF76C
:100EC0006BFC804600283FF411AE02210D4800F073
:100ED0000DFE41F2883005F045FC0C9800F0C0FF93
:100EE00046463C4600F072FFA1E506463CE64FF060
:100EF000000AFBE5BB466FE637466DE68C22002014
:100F0000DC910008F0910008A08601007047000005
:100F1000704700007047000038B505461446084683
:100F20000322064900F0EAFE38B905F1080220461E
:100F30001021BDE8384001F079B838BDFC910008B7
:100F40002DE9F04100F58037044616463B7C5BB93D
:100F5000C0681030204400F0C7FEE5683544B5F5A0
:100F6000004FE56002D816B1BDE8F081DEB905F0AA
:100F70007F0605F110000021C6F180062044F6B27C
:100F800032462E4400F0D6FEA06804F11008324626
:100F900000F10060414600F5003006F0C1F830B9BC
:100FA00001233B74E0E74FF400463546ECE7A268C6
:100FB00005F11001404632442144A260E268521B10
:100FC000E26000F091FE0220BDE8F04100F06ABE50
:100FD000183000F0B9BC000010B5044601F050F81C
:100FE000204610BD10B5044601F04AF8204610BD59
:100FF0002DE9F04FADF53F7D0746416801222AA853
:1010000002F032FF002840F0878006468246814683
:101010001125DFF80C81DFF80CB101AB4FF48052E1
:1010200041462AA803F080F8002875D1019AB2F54C
:10103000805F71D8002A65D00446019A9442ECD2B0
:10104000282D0FD008DC132D2DD01E2D39D0112DB9
:1010500013D00134A4B2F0E7322D2DD0372D2FD08C
:101060002D2DF6D13B68121B08EB040138461B6995
:101070002D259847BDF80440EBE7121B022A09D939
:10108000594608EB040000F039FE18B9023428254F
:10109000A4B2DEE718F804303A2B3DD00A2B1CBF6F
:1010A000A1461325D5E718F804300A2B34D03A2B83
:1010B00004BFA2463225CCE718F80430202BC8D054
:1010C000264618F804300A2B1AD1AAEB090208EBBD
:1010D000090102A811254F2A28BF4F2208F06AF8FB
:1010E000A21B08EB060116A84F2A28BF4F2208F0C2
:1010F00061F83B6816AA02A9DB6838469847A8E75A
:101100001E25A6E73B68384604491B69984701201D
:101110000DF53F7DBDE8F08F0020F9E7FE92000855
:10112000982300200092000800F1180110B5044631
:1011300086B00846019100F0F1FB2046FFF758FF0A
:1011400060B1019902A800F049FC102204F10801E5
:1011500002A807F0EFFFB0FA80F0400906B010BD1A
:1011600070B504460025EEB2304600F0FFFC58B1E1
:1011700000213046013500F009FD08B9002070BD9E
:10118000022000F08FFDEEE72046FFF731FF002838
:10119000F4D004F58034207C80F00100EFE70000FB
:1011A000F0B5C9B006F034FA00F086FF18B9002592
:1011B000284649B0F0BD69462A4803F077F8002870
:1011C0004BD1294C204603F0A1F8284803F09EF8A3
:1011D000274803F09BF82146224803F013F9002822
:1011E000E5D1702000F046FF064610B1214B446067
:1011F0000360336830469B689847054600282ED028
:101200001A4F1948394603F0FDF805460028CED19B
:10121000194800F02FFF044638B1184B47600360AF
:1012200000F58033C0E902551D74236820469B6891
:101230009847054628B10E490C4803F0E3F800280A
:10124000B5D1336830465B6898471CB123682046A7
:101250005B68984700F018FFAAE70025FAE7044604
:10126000EFE700BF04920008149200082B920008D8
:101270004192000864920008140001008092000866
:101280002DE9F04FD44A8DB00B68D0F804A001933B
:101290001A440368D14E1A44D1F81C90DFF8B4C345
:1012A000DFF8B4B3D0E90234634003EA0A036340D1
:1012B00013444A6802920AEB7363029CC84A2244B0
:1012C000C468224484688AEA04051D4065401544C8
:1012D0008A68039203EB3555039CC24A2244846812
:1012E00022448AEA03042C4084EA0A041444CA68AB
:1012F00005EBF4340492164483EA05022240564476
:101300005A4032440E69059604EBB222059FB64E50
:101310003E441E4485EA040313406B4033444E6947
:10132000069602EB7363069FB04E3E442E4484EA59
:1013300002051D40654035448E69079603EB35551F
:10134000079FAB4E3E44264482EA03042C4054409F
:101350003444A84E4E4405EBF434164483EA0502A7
:1013600022405A4032440E6A089604EBB222089F8B
:10137000A14E3E441E4485EA040313406B403344AF
:101380004E6A099602EB7363099F9C4ED1F830E0D8
:101390003E44D1F83880F3442E4484EA02051D40CF
:1013A000654035448E6AA6F5244703EB35550A9609
:1013B0004F3F274482EA03042C4054403C44CF6A08
:1013C0000B9705EBF4340B9E8D4F3744029E174468
:1013D00083EA050222405A403A448A4F774404EB9C
:1013E000B2221F4485EA040313406B403B444F6B19
:1013F000BC4402EB7363654484EA020C0CEA030C00
:101400008CEA040C6544DFF854C2C44403EB355540
:10141000A44482EA03042C4054406444D1F83CC004
:10142000794905EBF4346144114483EA0502224012
:101430005A400A44754904EBB2223144079E1944CC
:1014400084EA02032B4063400B44714902EBF363CF
:1014500031440B9E0D4482EA03012140514029444E
:101460006C4D03EBF1513544019E254483EA0104A0
:1014700014405C402C44684D01EBB4443544069E56
:10148000154481EA04021A404A402A44634D04EBA1
:10149000323235440A9E1D4484EA02030B40634005
:1014A0002B445F4D02EBF3633544059E0D4482EA05
:1014B00003012140514029445A4D03EBF151654449
:1014C000254483EA010414405C402C44564D01EB52
:1014D000B4443544099E154481EA04021A404A4046
:1014E0002A44524D04EB32323544049E1D4484EAB2
:1014F00002030B4063402B444D4D02EBF363454424
:101500000D4482EA0301214051402944494D03EB37
:10151000F1513544089E2C4483EA010515405D4095
:101520002C44454D01EBB4443544039E2A4481EAE2
:1015300004051D404D402A44404D04EB32323D44E9
:101540002B4484EA020593440D4065402B443C4DF6
:1015500002EBF3633544069E294482EA03052540E5
:1015600055402944374D03EBF1514D442C4483EA57
:10157000010515405D40254401EBB54581EA0504B0
:1015800004EA03024A405A44A6F5B82B089E05EB2C
:101590003232ABF2BE6B54405B4423442A4C344499
:1015A00002EB33730B9E0C4485EA0201594021443F
:1015B000264C344403EB7151029E254482EA030415
:1015C0004C402544224C444401EB3545144483EA05
:1015D00001026A40224443E078A46AD7EECEBDC13E
:1015E00056B7C7E8DB702024AF0F7CF52AC68747C3
:1015F000134630A8019546FDD8988069AFF7448B13
:10160000BED75C892211906B2108B44962251EF671
:1016100040B340C0515A5E26AAC7B6E95D102FD626
:101620005314440281E6A1D8C8FBD3E7E6CDE121FB
:10163000D60737C3870DD5F4ED145A4505E9E3A95C
:10164000F8A3EFFCD9026F6781F6718722619D6D67
:101650000C38E5FD937198FD8A4C2A8D8E4379A64E
:10166000934C344405EB7222059E1C4481EA050329
:10167000534023448F4C344402EB33730A9E0C4492
:1016800085EA0201594021448B4C4C4403EB7151D3
:10169000254482EA03044C402C44884D354401EB38
:1016A0003444019E154483EA010262402A44844D79
:1016B0003D4404EB72221D4481EA040353402B4451
:1016C000804D354402EB3373049E294484EA0205BD
:1016D0005D4029447C4D354403EB7151079E254400
:1016E00082EA03044C402C44784D354401EB3444E9
:1016F000099E2A4483EA010565401544744A324430
:1017000004EB7525039E134481EA04026A401A44DF
:10171000704B734405EB32720B4484EA050151406F
:1017200019446D4B634402EB71511C4485EA02037A
:101730004B401C44694B334401EB3444019E1D442F
:1017400082EA010363402B44654D04EB7323354467
:10175000069E154463EA010262402A44614D03EB90
:10176000B2624D4462EA040929445F4D89EA0309E3
:10177000454449442C445D4D02EBB1513544049E2F
:1017800061EA03081D4488EA0208444401EB7444FA
:1017900064EA02034B402B44554D04EBF32375449C
:1017A00063EA010E15448EEA040E0EEB0502514D5C
:1017B00003EBB262354462EA040E29440A9D8EEAC4
:1017C000030EA5F580164C4D7144A6F6833602EB48
:1017D000B151264461EA030454403444029E01EBB3
:1017E0007444354464EA02061D444E407319089E51
:1017F000424D04EBF323354463EA01061544664089
:1018000072193F4D03EBB262654462EA0406294453
:101810003C4D5E403144079E02EBB151354461EAD4
:1018200003062C44384D56403D443444059E1D4427
:1018300001EB744464EA02034B402B44334D04EB48
:10184000F32335440B9E154463EA010262402A44A7
:101850002F4D03EBB2623544039E0D4462EA04014E
:10186000594029442B4D02EBB15135442A4E2544B1
:1018700061EA030454402C44099D01EB74442E4456
:1018800064EA02051E4485EA01039D1903681A44AF
:101890000AEB040303EBF5230260436083681C44F6
:1018A000C36819448460C1600DB0BDE8F08F00BF0B
:1018B00044EABEA4A9CFDE4B604BBBF670BCBFBEF2
:1018C000C67E9B28FA27A1EA8530EFD4051D88043F
:1018D00039D0D4D9E599DBE6F87CA21F6556ACC4B3
:1018E000442229F497FF2A43A72394AB39A093FC01
:1018F000C3595B6592CC0C8FD15D84854F7EA86FF8
:10190000E0E62CFE144301A3A111084E827E53F79A
:1019100035F23ABDBBD2D72A91D386EB094B03608F
:1019200003F18833436003F12943A3F59613A3F62B
:101930008B638360A3F18833C3600023C0E9043361
:10194000704700BF012345672DE9F843144602693B
:1019500005460E46E300C2F3C50800F118079B18C0
:10196000036122BF43690133436112F4FC7F436981
:1019700003EB5473436114D0C8F1400907EB08002E
:101980004C4504D22246BDE8F84307F0E3BB403C97
:101990004A464E4407F0DEFB444439462846FFF7EA
:1019A0006FFCA04606EB0409B8F13F0FA9EB080154
:1019B0000AD94022384607F0CDFB39462846A8F11F
:1019C0004008FFF75DFCEFE7A1096FF03F023846E2
:1019D00002FB014206EB8111D5E7000070B50B69EF
:1019E00001F1180506460C46C3F3C503EA18501C5E
:1019F0008022EA54C3F13F02072A1FD8002100F0D9
:101A000099F929462046FFF73BFC38220021284659
:101A100000F090F9236929462046236563696365D0
:101A2000FFF72EFC21461022304607F093FB20469C
:101A300058220021BDE8704000F07CB9C3F13702A4
:101A40000021E5E72DE9F84F4FF47A7306460D467D
:101A5000002402FB03F7DFF85080DFF8509098F97C
:101A600000305FFA84FA5A1C01D0A34212D159F80F
:101A700024002A4631460368D3F820B03B46D847B5
:101A8000854207D1074B012083F800A0BDE8F88FFD
:101A90000124E4E7002CFBD04FF4FA7004F062FE5E
:101AA0000020F3E7DC330020102200201422002065
:101AB000002307B5024601210DF107008DF807301C
:101AC000FFF7C0FF20B19DF8070003B05DF804FBED
:101AD0004FF0FF30F9E700000A46042108B5FFF790
:101AE000B1FF80F00100C0B2404208BD074B0A467A
:101AF00030B41978064B53F821400146236820463C
:101B0000DD69044BAC4630BC604700BFDC330020CD
:101B100014220020A086010070B50A4E00240A4D50
:101B200005F0A2FA308028683388834208D905F08E
:101B300097FA2B6804440133B4F5003F2B60F2D3CD
:101B400070BD00BFDE3300209833002005F066BB77
:101B500000F1006000F500300068704700F100609F
:101B6000920000F5003005F0DBBA0000054B1A6862
:101B7000054B1B889B1A834202D9104405F070BAAA
:101B80000020704798330020DE33002038B504462B
:101B9000074D29B128682044BDE8384005F078BADF
:101BA0002868204405F062FA0028F3D038BD00BF51
:101BB000983300200020704700F1FF5000F58F108F
:101BC000D0F8000870470000064991F8243033B17E
:101BD00000230822086A81F82430FFF7BFBF0120E4
:101BE000704700BF9C330020014B1868704700BF4E
:101BF0000010005C194B01380322084470B51D68C1
:101C0000174BC5F30B042D0C1E88A6420BD15C6844
:101C10000A46013C824213460FD214F9016F4EB1BD
:101C200002F8016BF6E7013A03F10803ECD18142B7
:101C30000B4602D22C2203F8012B0424094A1688F1
:101C4000AE4204D1984284BF967803F8016B013C00
:101C500002F10402F3D1581A70BD00BF0010005CFD
:101C60001C220020C0920008022804D1054B4FF42A
:101C700080229A6170470128FCD1024B4FF48012F8
:101C8000F7E700BF00100258022803D1044B0422DA
:101C90009A6170470128FCD1014B1022F8E700BF80
:101CA00000100258022805D1064A536983F0040344
:101CB000536170470128FCD1024A536983F0100335
:101CC000F6E700BF0010025870B504464FF47A766C
:101CD0004CB1412C254628BF412506FB05F0641B6D
:101CE00004F040FDF4E770BD002310B5934203D02B
:101CF000CC5CC4540133F9E710BD0000013810B5C5
:101D000010F9013F3BB191F900409C4203D11AB157
:101D10000131013AF4E71AB191F90020981A10BD87
:101D20001046FCE703460246D01A12F9011B0029AF
:101D3000FAD1704702440346934202D003F8011BD4
:101D4000FAE770472DE9F8431F4D144607468846C9
:101D500095F8242052BBDFF870909CB395F824309E
:101D60002BB92022FF2148462F62FFF7E3FF95F8A9
:101D700024004146C0F1080205EB8000A24228BFC2
:101D80002246D6B29200FFF7AFFF95F82430A41B8D
:101D900017441E449044E4B2F6B2082E85F824603D
:101DA000DBD1FFF711FF0028D7D108E02B6A03EB46
:101DB00082038342CFD0FFF707FF0028CBD100205A
:101DC000BDE8F8830120FBE79C330020024B1A7822
:101DD000024B1A70704700BFDC3300201022002035
:101DE00038B51A4C1A4D204603F0A8FF2946204664
:101DF00003F0D0FF2D684FF47A70D5F89020D2F818
:101E0000043843F00203C2F80438FFF75DFF1149BC
:101E1000284604F0EFF8D5F890200F4DD2F804389A
:101E2000286823F002030D49A042C2F804384FF499
:101E3000E1330B6001D003F0DBFE6868A04204D000
:101E40000649BDE8384003F0D3BE38BD3840002015
:101E5000B49A0008BC9A000814220020C433002061
:101E60000C4B70B50C4D04461E780C4B55F82620D3
:101E70009A420DD00A4B002118221846FFF75AFF4C
:101E80000460014655F82600BDE8704003F0B0BE7E
:101E900070BD00BFDC330020142200203840002039
:101EA000C43300202DE9F04771B6464B01201D6870
:101EB000454BB3F8008000231A46194602F012FE83
:101EC0000446802005F04AFA0746002862D0002C1C
:101ED00060D03E4EADB24FF0800A7369284643F0A1
:101EE000C0637361D6F8143143F0C063C6F814318F
:101EF00005F0B6F805EB080200FB05F34FF4D06CD3
:101F000050434FF03D0E984233D93269520144D4C8
:101F1000D6F81021510140D4216803F100628A6093
:101F20002268D7602268C2F804A02268C2F800C004
:101F3000D4F80090D9F8002042F00102C9F800203E
:101F4000D4F80090D9F8002022F01E02C9F8002031
:101F5000D4F80090D9F80020D207FBD494F80C9064
:101F6000803361680EFA09F20A60CCE7002005F0C0
:101F700055F9204602F0F6FD384605F02BFA134BD2
:101F80005A6942F0C0625A61D3F8142142F0C0622B
:101F9000C3F8142161B6BDE8F0870D4B9A6A42F48C
:101FA00000729A629A6A42F400429A6261B600260E
:101FB000012005F033F9B045D8D9A819013605F04C
:101FC00067F8F8E798330020DE3300200020005245
:101FD00000ED00E030B50A44084D91420DD011F8F3
:101FE000013B5840082340F30004013B2C4013F010
:101FF000FF0384EA5000F6D1EFE730BD2083B8ED4F
:1020000000F00F0300F0F00200F0D000402806D0EE
:10201000302A09D1092B07D801200B7070475A1EAE
:10202000052A01D80933F7E70020704773B5144635
:10203000451C8E18B4421AD00DF1060115F8010C9A
:10204000FFF7DEFF10B9002002B070BD0DF10701EF
:1020500015F8020BFFF7D4FF0028F4D09DF80620F6
:102060009DF8073043EA021304F8013BE2E7012040
:10207000EAE700000121884238BF084605F0A6B90A
:1020800008B105F0A7B9704710B5084C01220849FE
:10209000002001F0C5FE23783BB1064803F0C2FBE7
:1020A000044803F053FD0023237010BDE0330020EB
:1020B000D0920008C03600202DE9F041234C244E78
:1020C000236DBBB901224FF4004104F1500005F02B
:1020D000C5FA236D1B686BB901224FF4805104F1DE
:1020E000500005F0BBFA236D1B681BB9002030704F
:1020F000BDE8F08133780BB1FFF7C6FF0324154F1D
:102100004FF00008114D13492846C7F8048003F02A
:102110000FFD284603F0A4FB38B1013C284603F02C
:1021200015FD14F0FF04E1D0EDE70B4901220B4847
:1021300001F076FE014618B1284603F073FBECE788
:10214000074800F00FF80120D1E700BFC03600209B
:10215000E033002034220020D0920008E433002035
:10216000D49200080FB4002004B070470068704794
:1021700003460068596870470B0A017043700B0CE6
:10218000090E8370C1707047110A027003714170AB
:10219000110C120E8170C2701A0A42711A0C1B0EB9
:1021A0008271C37170470000C36A0239023B8B42DF
:1021B00083BF4389006C01FB0300002070470000CF
:1021C000C2F307238A76CB760378032B01BF120C68
:1021D0000A75120A4A75704700F10B010022D301FB
:1021E00043EA520310F8012B52FA83F38842DAB221
:1021F000F5D110467047000010B541780446002024
:10220000013102464901022A16BFA35C032203EBF7
:10221000C03302F101021EBF9BB203EB500398B220
:102220009142F0D810BD000002684AB1134613F87D
:10223000011B1F290DD93A29F9D1911C8B4202D0DB
:102240004FF0FF3070471278302AF9D10360002038
:102250007047014B187870473036002038B50D466E
:10226000044618B9092000232B6038BD0368002BF1
:10227000F8D01A78002AF5D08188DA889142F1D115
:10228000587804F00BFC10F00100EBD12368EBE769
:1022900038B50D4640F25231144602F0BDF9FF2820
:1022A00007D9012C0BD9030A022468702B70204631
:1022B00038BD30B1002CFAD001242870F7E7002493
:1022C000F5E70446F3E700002DE9F8430026D0F8CF
:1022D000008005460C468E76836B002B4AD098F81A
:1022E0000030042B4BD133463546402720E0B7F56C
:1022F000187F80F0C480F90606F1010608BF023796
:10230000D05B02372BB900F5205292B2B2F5006FC4
:102310000DD305F11A01C5F1FF0240EA0340214443
:10232000FFF7B6FF002800F0AA800544002003460E
:10233000D8F8102092F82310B142D8D8002B40F0E2
:102340009E80002D00F09B8000232544AB766373B4
:10235000D8F81020137903F03701DB0621730BD472
:1023600002F13800FFF704FFC4E90001938963819B
:10237000D3892381BDE8F88300200146F4E7C36CCC
:1023800001335ED1EA6B00232E26551E184615F840
:10239000011F013020290CD0052908BFE52109289B
:1023A00004D10B2B9EBFE71801337E73E71801336E
:1023B00079730B28EBD1E11800204873A17E002926
:1023C0004BD1002B40D06FF00C0604F10D00082516
:1023D000361B331810F8011B002938D02E298BB278
:1023E0004AD0A3F14101192903D8117B0D4200D035
:1023F00020330373EDE7B9F1000F05D100F5205349
:102400009BB2B3F5006F0BD307F11A01C7F1FF02BE
:1024100040EA09402144FFF73BFF48B10744002050
:1024200002368146D8F80C30985B0028E3D1384654
:10243000B9F1000F4FF0000218BF002023189A7660
:10244000A0E7B1463746EDE73F23A37601232344B7
:1024500000219976137B03B96373D37A02F11C00D0
:1024600003F03F0323730023FFF780FE20606360C7
:10247000D38A6381138B7CE710250B46B9E73F2392
:102480000125A37660E7000038B50546002435F83D
:10249000020B08B9204638BD02F0F2F86308C2B258
:1024A00003EBC43312FA83F39AB2C0F3072303EBAE
:1024B000520303EBC2339CB2E9E7000037B5C3789F
:1024C00004461BB90025284603B030BD00F14C017D
:1024D000826C01234078019104F006FB054680B927
:1024E000A36BE070A06C226BC31A9342EAD2A3786C
:1024F0000199022BE6D102440123607804F0F4FA3A
:10250000E1E70125DFE7000038B5836C05460C469E
:102510008B4210D0FFF7D2FF60B92246012305F1AC
:102520004C01687804F0BCFA00281CBF4FF0FF345F
:102530000120AC6438BD0020FCE7000038B5002362
:102540000446C3704FF0FF338364FFF7DDFF0028BC
:102550004BD1B4F84A524AF655239D4207D10B227B
:10256000254904F14C0006F0E5FD00283FD094F821
:102570004C30EB2B03D01833DBB2012B2ED84AF6AC
:1025800055239D4206D108221C4904F19E0006F005
:10259000D1FD48B3B4F85730B3F5007F1ED194F89D
:1025A0005930DBB15A1E1A4218D1B4F85A30ABB1C7
:1025B00094F85C30013B012B10D8B4F85D306BB15E
:1025C000B4F85F307F2B06D804F16C00FFF7CEFD26
:1025D000B0F5803F02D3B4F8623053B94AF65520C3
:1025E00085420CBF0220032038BD0420FCE70120F7
:1025F000FAE70020F8E700BF009300080C930008FA
:1026000002392DE9F04701F007044FF0010A466C4A
:1026100005460AFA04F41746984606EB1136C1F34C
:10262000C809E4B2314628460136FFF76DFF18B1FC
:102630000120BDE8F087994605EB090292F84C307D
:10264000234214BF01210021414513D06340013FC3
:1026500082F84C3085F803A0EBD0640014F0FF043E
:10266000EAD109F1010301244FF00009B3F5007F1D
:10267000E1D1D7E70220DCE701290246F8B50C4694
:1026800040F28C800668F36A8B4240F28780337890
:10269000013B032B00F28280DFE803F00229384B74
:1026A00004EB5405B16B304601EB5521FFF72CFFCD
:1026B00010B14FF0FF30F8BD6F1CC5F30805B16BCA
:1026C0003046354401EB572195F84C50FFF71CFF7D
:1026D0000028EED1C7F30807E3073E4496F84C0004
:1026E00045EA00204CBF0009C0F30B00E3E7B16BE3
:1026F000304601EB1421FFF707FF0028D9D1640011
:1027000004F4FF742644B6F84C00D4E7B16B3046AD
:1027100001EBD411FFF7F8FE0028CAD1A40006F19E
:102720004C0004F4FE742044FFF720FD20F07040BC
:10273000C1E7D0E90430D57953EA000101D09168AE
:1027400001B95DBB9168022DA4EB01010DD1013BE4
:10275000728940F1FF305B0A43EAC053B3FBF2F3E6
:1027600099421BD81CD0601CA5E7032D02D19369A8
:102770008B42F8D8D3699BB9B16B304601EBD411C9
:10278000FFF7C2FE002894D1A0004C3600F4FE7082
:102790003044FFF7EBFC20F000408CE701208AE793
:1027A0006FF0004087E70000F8B5066804460D4664
:1027B0003378042B0CBF4FF080524FF400128A4242
:1027C00001D80220F8BDCA06FBD182680163D2B9E4
:1027D000022B13D83389B3EB551FF2D9F36BA363E4
:1027E000A36B6263002BECD003EB55234C36C5F38F
:1027F00008050020A3633544E563E3E7F36BC2718A
:10280000002BE7D01A4677897F02BD42114604D2D9
:102810003046FFF7C9FCA063E2E72046FFF72CFF34
:10282000431C024606D00128CBD9F36A8342C8D99B
:10283000ED1BEAE70120C5E701292DE9F04706462F
:102840000C46174608D9C36A8B4205D90378022B78
:1028500062D003D8012B22D0022552E0033B012B8A
:10286000FAD8816B01EBD411FFF74EFE0546002824
:1028700047D1A40006F14C0304F4FE741C443378E1
:10288000042B07D0204627F07047FFF76FFC00F0BD
:102890007040074339462046FFF76EFC2FE001EBFE
:1028A0005108816B01EB5821FFF72EFE054640BB16
:1028B00014F0010406F14C0908F1010AC8F30808F4
:1028C00008BFFBB230461FBF19F8083003F00F02F3
:1028D0003B0103F0F00318BF134309F8083001234C
:1028E000B16BF37001EB5A21FFF70EFE054640B9BC
:1028F000CAF3080A44B1C7F3071709F80A7001239D
:10290000F3702846BDE8F08719F80A30C7F30327AB
:1029100023F00F031F43F0E7816B01EB1421FFF756
:10292000F3FD05460028ECD1640006F14C0304F4E5
:10293000FF741F551919C7F307274F70DFE7000011
:10294000F8B504460E461746E3690BB91846F8BDBC
:10295000012BA6EB0305206814BFAA1C3A46691C8C
:10296000FFF76AFF0028F2D1E369013BE361EBE77F
:1029700001292DE9F84306460C461746056802D89A
:102980000220BDE8F883EB6A8B42F9D97AB9A146F7
:1029900021463046A046FFF76FFE0446B0B92B78BB
:1029A000042B02D1002F43D1F7710020E9E72B78E7
:1029B000042B02D1C379022BE9D04FF0FF32394604
:1029C0002846FFF739FF0028E1D0DAE70128D7D001
:1029D000421C01D10120D4E72B78042B19D1EA6ADB
:1029E000AB69023A93421CD308F10102A2420CD017
:1029F0002B78042B08D10023A2EB09024946284674
:102A0000FFF7FEFD0028BCD1A146EB6AA342BFD868
:102A1000C5E7002241462846FFF70EFF0028DED01A
:102A2000AFE70133AB612B7943F001032B71DBE797
:102A3000F3798BB9B468BC4202D10223F371B4E7D5
:102A400021463046FFF718FE012899D9431CC1D012
:102A500001348442EFD0A8E7032BA6D1B368BB4270
:102A6000A3D8B2691344BB429FD3E6E770B5C379DC
:102A70000446032B06D181688369CD18A94203D18E
:102A80000023E371002070BD4E1C20683246FFF722
:102A9000D3FE0028F7D13146F0E700002DE9F743D7
:102AA00005460191FFF70AFD0446002849D105F1CA
:102AB0004C09019928464FF40072FFF775FB214637
:102AC000A86407464846FFF735F96C896402B4F5F7
:102AD000004F28BF4FF40044B4F5007F2FD92046A3
:102AE00004F07CFC804630B122460021640A0026B6
:102AF000FFF720F909E06408EEE72346BA194146DA
:102B0000687803F0F1FF18B926446B899E42F4D32C
:102B1000404604F073FC6889801B18BF012003B095
:102B2000BDE8F08301366B899E42F4D20123BA19C5
:102B30004946687803F0D8FF0028F3D0EBE7002679
:102B4000F1E70120EBE70000F8B50446FFF7B6FC1B
:102B50000546002842D12378032B37D12779012F4E
:102B600034D104F14C0601464FF400723046FFF7B1
:102B7000E1F855234122722184F84A32AA2304F550
:102B80000D7084F84F2084F84B32522384F83012B1
:102B900084F84C3084F84D30612384F8311284F885
:102BA0004E3084F83332A16984F83222FFF7E4FA18
:102BB000616904F50E70FFF7DFFA626B3B46314640
:102BC00001326078A26403F08FFF257100226078E3
:102BD000114603F0ADFF003818BF0120F8BD00001A
:102BE00000232DE9F0430B6085B00F461546FFF733
:102BF0001BFB061EC0F2B281804B53F82640002C0E
:102C000000F0AE813C6005F0FE0523786BB1607882
:102C100003F044FFC70708D41DB110F0040500D02D
:102C20000A25284605B0BDE8F0830023F0B22370E2
:102C3000607003F01FFFC10700F194810DB14207DE
:102C4000EED400212046FFF779FC022840F099805D
:102C50006E4604F2122304F2522132461846103313
:102C6000FFF784FA42F8040B8B42F7D1002556F89F
:102C7000041B00297DD02046FFF760FC012879D88D
:102C80000128A26C40F0C08004F1570304F18C01CC
:102C900013F8015B002D7BD18B42F9D1B4F8B4302D
:102CA000B3F5807F74D194F8B830092B70D104F15A
:102CB0009400FFF75DFA4FF0FF33171841F1000160
:102CC000BB4275EB010363D304F1A000FFF74EFA9A
:102CD00094F8BA302063012BA37059D194F8B990BD
:102CE00003FA09F91FFA89F36381002B50D0444B92
:102CF00004F1A800FFF73AFA0646984248D8831C28
:102D0000626304F1A400E362FFF730FA00EB02080B
:102D100004F19C00C4F84080FFF728FA10441FFA21
:102D200089F2A06306FB02F313EB080345EB0502EF
:102D30009F4271EB02032BD32E4604F1AC00FFF748
:102D400015FAE06365B96389B34221D9E16B204686
:102D5000FFF72AFA81192046FFF7D6FB98B901360A
:102D6000631993F84C30812B14D02035C5F3080536
:102D7000E8E703200135042D7FF479AF042807D15B
:102D800001E0042801D101254BE701287FF678AF47
:102D90000D2546E705F1140004F14C063044FFF719
:102DA000E5F901280546F3D9E36A8342F0D9618940
:102DB000821E236C02FB01336364A16B204601EB8E
:102DC000D511FFF7A1FB0028DDD105F07F0006EB50
:102DD0008000FFF7CBF9431C03D00135A842ECD0AB
:102DE000D6E70425C4E90500064A257000251388A6
:102DF000E56101339BB21380E38012E73436002093
:102E0000FDFFFF7F38360020B4F85730B3F5007F60
:102E1000BED1B4F8626026B904F17000FFF7A6F9DC
:102E2000064694F85C302663591EA3700129AFD87A
:102E300094F859506581002DAAD0691E2942A7D166
:102E4000B4F85D8018F00F0FA4F80880A0D1B4F892
:102E50005F0018B904F16C00FFF788F9B4F85A1054
:102E6000002995D006FB03FE01EB181CF4446045D5
:102E70008ED3A0EB0C00A842B0FBF5F388D33E48FC
:102E8000834285D84FF6F57083426DD903259F1C88
:102E9000114402EB0C03032DE7626263A163236418
:102EA0004CD1B4F8763053EA08037FF471AFBB001D
:102EB00004F17800FFF75AF9E06303F2FF13B6EB71
:102EC000532FFFF465AF4FF0FF33032DC4E90533F3
:102ED0004FF08003237187D1B4F87C30012B83D16C
:102EE000511C2046FFF710FB00287FF47DAFB4F89B
:102EF0004A224AF6552320719A427FF475AF1F4B40
:102F000004F14C00FFF732F998427FF46DAF03F102
:102F1000FF5304F50C70FFF729F903F50053203334
:102F200098427FF461AF04F50D70FFF71FF9A061BF
:102F300004F50E70FFF71AF9606155E7B8F1000F5C
:102F40003FF426AF7144022D4FEA4703E1631EBFF1
:102F5000D91907F0010303EB5103AEE70B2560E637
:102F60000C255EE603255CE640F6F575AB428CBFAA
:102F7000022501258BE700BFF5FFFF0F525261418B
:102F80002DE9F84F07460568884649B96E69C6B10C
:102F9000EB6AB34298BF0126AB69A3B9002405E0F0
:102FA000FFF76AFB0128044603D801242046BDE848
:102FB000F88F421C00F0D280EB6A8342F6D8464676
:102FC000EAE70126E8E72A78EB6A042A40F08380E2
:102FD000A6F1020A023B4FF0010B9A4528BF4FF0C1
:102FE000000AD146696C284601EB1931FFF78CFACB
:102FF00000283BD109F00703EA6AC9F3C8010BFABC
:1030000003F3901EDBB26A184C4609F1010992F8ED
:103010004C20814502EA030233BF5B0000234FF4DA
:103020000071DBB228BF9946B2B90234631E033384
:10303000BCD80123214628461A46FFF7E1FA0228A8
:10304000B3D0012800F08A80B8F1000F13D1022319
:10305000FB710028A9D130E0CA450AD0002BD2D19B
:103060000131B1F5007FBDD20123CCE74FF0FF3431
:10307000DCE70024DAE7FB79022B07D1731CA342BB
:10308000E7D0BB68F31ABB610323FB7108F10102AF
:10309000FB69A24205D113B10133FB61D9E70223D9
:1030A000FBE70BB90123FB61224641463846FFF797
:1030B00047FC00284FD10123FB61EA6AAB69023A61
:1030C0006C6193429CBF03F1FF33AB612B7943F0FA
:1030D00001032B716AE7464514D1741C38469C42A3
:1030E00028BF02242146FFF7C7FA01283FF45DAF4D
:1030F000431C33D0E0B16B69012B03D9EA6A9342D8
:1031000038BF1E4634460134EB6AA34203D8012E71
:103110007FF644AF022421463846FFF7ADFA48B1A6
:1031200001283FF442AF013018D0B442EBD135E76B
:10313000002CE7D04FF0FF3221462846FFF77CFBFA
:1031400048B9B8F1000FB8D0224641462846FFF7EB
:1031500073FB0028B1D001287FF427AF4FF0FF3474
:1031600024E700002DE9F84306680446076B89460A
:1031700033782037042B0CBF4FF080534FF40013EB
:10318000BB429CBF00238363836B73B1C7F3080802
:10319000B8F1000F3CD10133416B836339B93389F6
:1031A000B3EB571F34D80023A36304200AE07389CC
:1031B000013B13EA57232BD1FFF75EFA012805469E
:1031C00002D80220BDE8F883421C01D10120F9E7B2
:1031D000F36A834216D8B9F1000FE4D0616B204640
:1031E000FFF7CEFE0546C8B10128EAD0431CEDD05A
:1031F00001463046FFF752FC0028E7D1E37943F05F
:103200000403E371294630466563FEF7CDFFA063F2
:103210004C36002027634644E663D3E70720D1E716
:10322000F8B50E46002104460768FFF7BDFA98B9C5
:103230000546A16B3846FFF767F968B93A78E36B42
:10324000042A1B780CD11B060ED505460121204609
:10325000FFF788FF0028ECD0042808BF072006E00D
:10326000E52B01D0002BF0D10135B542EED1F8BDF0
:10327000C16C4B1C2DE9F04104460568066B1FD15B
:10328000E5274FF00108A16B2846FFF73DF998B9F3
:103290002A78E36B042A09BF1A781F7002F07F02B4
:1032A0001A7085F80380236BB3420DD200212046AB
:1032B000FFF758FF0028E6D0042808BF022003E0EB
:1032C000FFF772FA0028DBD0BDE8F0812DE9F0416C
:1032D00005460068A96B0669FFF716F9044620B990
:1032E000EB6B1A78852A03D002242046BDE8F081D2
:1032F000324603F1200153F8040B8B4242F8040BD1
:10330000F9D1777801377F01A7F16003B3F5007F2A
:10331000EAD800212846FFF725FF04280446E3D019
:103320000028E2D1A96B2868FFF7EEF804460028D0
:10333000DBD1EB6B1A78C02AD6D106F1200203F15B
:10334000200153F8040B8B4242F8040BF9D196F894
:1033500023300F222C33B3FBF2F3B7EB431FC3D35D
:103360004FF0400800212846FFF7FCFE04280446E1
:10337000BAD00028B9D1A96B2868FFF7C5F8044670
:103380000028B2D1EB6B1A78C12AADD1B8F5187FFD
:1033900009D206EB080203F1200153F8040B8B421B
:1033A00042F8040BF9D108F120084745DAD8B8F5FE
:1033B000187F9AD83046FEF71FFF7388834294D057
:1033C00092E700000B68002210B5036004460B6A08
:1033D00083604B6AC261C37123F0FF03896AC0E94D
:1033E0000432C164FFF7E0F920B92046BDE810407F
:1033F000FFF76CBF10BD0000F8B503680546012754
:103400001C692046FEF7F8FEA070000A6678E0709E
:103410002846E96CFFF7C8F920B1022828BF02202E
:10342000C0B2F8BDA96B2868FFF76EF80028F4D188
:10343000EB6B04F1200254F8041B944243F8041B84
:10344000F9D12B68DF70002EE7D000212846013E1D
:10345000FFF788FEE0E700002DE9F8434FF0FF0892
:1034600006460768042445464FF6FF79B16B11B94B
:10347000002C73D063E03846FFF746F80446002876
:103480005DD1F06B0378002B6ED03A78042A11D10D
:10349000852B4DD1336B3046F364FFF717FF04469D
:1034A00000284CD13B691B7903F03F03B3712046E0
:1034B000BDE8F883C27AE52B02F03F02B27143D037
:1034C0002E2B41D022F0200108293DD00F2A40D1D7
:1034D000590637D503F0BF05336B90F80D80F364C0
:1034E000437B434530D1428B72BB03780D21FC688E
:1034F00023F04003DFF874E0013B4B4301211EF849
:1035000001CB30F80CC009B3FF2B1DD824F813C031
:103510006146013301320D2AF1D10278520605D5F8
:1035200021B1FF2B10D8002224F81320013DEDB269
:1035300000213046FFF716FE0446002896D00023EF
:10354000B363B4E7AB42CBD0FF25F1E7CC45E1D084
:10355000FAE72DB9FEF740FE404501D10024A6E769
:103560004FF0FF33F364A2E70424E8E7A8930008D0
:103570002DE9F04F002187B00446D0F80090FFF706
:1035800013F9804670B999F80030042B33D1D9F87B
:103590000C00FEF779FF07462046FFF75DFF054662
:1035A00020B18046404607B0BDE8F08FD9F8103012
:1035B0009A8CBA42F0D193F823B040265D4506D1EB
:1035C000D9F80C3033F81530002BE5D1EAE7F106D5
:1035D000D9F8103008BF0236985B01F051F8D9F8DD
:1035E0000C30824633F8150001F04AF88245D3D1F9
:1035F00002360135E2E74FF0FF0A4FF0FF3B554638
:10360000C4F84CB0A16B4846FEF77EFF00285CD1A1
:10361000E66B3778002F77D0F27AE52F02F03F0380
:10362000A37103D0120704D50F2B04D0C4F84CB0FB
:103630004FE00F2B54D194F84B3058063FD4790605
:1036400045D5236B07F0BF0796F80DA0E364737BA5
:1036500053453ED1738B002B3BD135780121D9F8EE
:103660000C3005F03F0501930D23013D5D43284BD0
:1036700013F8012BB25A71B3FF2D059329D81046C8
:10368000049200F0FDFF6B1C03900293019B33F842
:10369000150000F0F5FF039981421AD1049A029DAA
:1036A0001146059B1B4A9342E2D133785A0604D552
:1036B00019B1019B33F815305BB97D1EEDB20021C5
:1036C0002046FFF74FFD00289CD080466AE7BD42A8
:1036D000BDD0FF25F3E74FF6FF708242E2D0F8E756
:1036E0002DB93046FEF778FD50453FF45BAF94F8B6
:1036F0004B30DB079AD40B2204F14001304605F031
:1037000019FD002892D14DE74FF004084AE700BFA9
:10371000A8930008B59300082DE9F04F90F84BB03E
:1037200099B004461BF0A00540F06C810668F26871
:1037300032F81530002B4AD13378042B40F08780C3
:103740000F230E352046B5FBF3F5A91CFFF768FDE6
:103750008146002877D1236B0135A3EB4515E3792A
:103760005A07E56435D523F004032046E371FFF7DB
:103770007DF950BB4FF0FF32616B2046FFF7E0F858
:1037800018BBA3682BB3214604A8FFF71BFEE0B9C2
:1037900070894FF40071D4E90423E0FB0123306900
:1037A000C4E904233830FEF7EFFC3069D4E9042380
:1037B0002830FEF7E9FCE379326904A843F00103FD
:1037C00082F82130FFF718FE18B181463BE0013541
:1037D000AEE7D6E90354402200212046FEF7AAFABC
:1037E0008523012140222370C0234FF0C10C04EB3C
:1037F000010884F8203000231E469E46571C04F81A
:1038000002C0F0B2023204F807E021B135F813101B
:1038100009B10133DBB20F0AA15408F80270023279
:10382000D706F2D135F813700136002FE6D184F8AF
:103830002330831C28466370FEF726FE84F824009C
:10384000000A84F82500484619B0BDE8F08F04F15D
:1038500040070DF1100A1BF0010F97E807008AE8F6
:10386000070000F0D78040234FF0010884F84B3068
:10387000BC46F368B8F1050F9AE80700ACE803000E
:103880002CF8022B4FEA12428CF800205DD9981ECA
:10389000424630F8021F002946D10DF10F0C0721D6
:1038A00002F00F0E914612090EF13000392888BF40
:1038B0000EF1370001390CF8010902D0B9F10F0FF0
:1038C000EED801F160037E200DEB030202F8580CE4
:1038D00038460022914206D010F801CB02F1010EC9
:1038E000BCF1200F33D104F13F0C072902F1010292
:1038F00097BF01F16003202001310DEB030098BF59
:1039000010F8580C072A0CF80200EED92046FFF7F1
:103910002FFE8146002878D108F10108B8F1640F24
:10392000A6D14FF007098EE74FF0100C01F0010E01
:1039300049080EEB4202D30344BF82F4883282F07E
:103940002102BCF1010CF1D1A3E74246A5E7724682
:10395000C0E7216B2046A1EB4511FEF725FF81460C
:1039600000287FF470AF4FF6FF783846FEF734FC3E
:103970000190A16B3046FEF7C7FD814600287FF419
:1039800062AFE36BE9B2019A4FF00D0CD6F80CE090
:103990005A734FF00F02DFF8E0A0DA724A1E187374
:1039A0000CFB02F284469876D87640451AF8019BC3
:1039B0000CF1010C18BF3EF8120003EB090B18BF05
:1039C000013203F809004FEA1029002808BF4046D9
:1039D000BCF10D0F8BF80190E7D1404502D03EF8C5
:1039E00012200AB941F0400119700123002120463C
:1039F000F370FFF7B7FB814600287FF424AF013D49
:103A0000B7D11BE04FF006091DE704287FF41BAF78
:103A100084F84BB01BF0020F20461BBF0C350D2164
:103A20000125B5FBF1F518BF01352946FFF7F8FB75
:103A3000814600287FF407AF013D8AD1A16B304653
:103A4000FEF762FD814600287FF4FDAE014620228C
:103A5000E06BFEF76FF9E36B03CF18605960BA783B
:103A600039889A72198194F84B30E26B03F018038D
:103A700013730123F370E6E6A893000810B504461B
:103A80000A463430FEF772FB886004F13800FEF716
:103A90006FFBC2E9040194F8213003F00203D371F3
:103AA0000023D36110BD000003284B8B04BF8A8A1A
:103AB00043EA0243184670472DE9F04F0B7899B05E
:103AC000044689462F2BD0F800B001D05C2B09D1D9
:103AD0004A461378914601322F2BFAD05C2BF8D04E
:103AE000002301E0DBF81C30A3600023E3619BF8B6
:103AF0000030042B1ED1A368E3B1DBF8203021464F
:103B000004A82362DBF824306362DBF82830A36268
:103B1000FFF758FC0346002854D1DBF8102002F1CF
:103B20003800FEF723FBC4E9040392F8213003F0C8
:103B30000203E37199F800301F2B00F235818023D6
:103B40000021204684F84B3019B0BDE8F04FFEF755
:103B50002BBE49460B78894601312F2BFAD05C2BBE
:103B6000F8D01F2B8CBF00250425012F2FD11388DF
:103B70002E2B31D1002322F8173004F140029F424E
:103B80008CBF2E21202101330B2B02F8011BF6D113
:103B900045F02005204684F84B50FFF7E9FC94F8E7
:103BA0004B30002800F0E78004280BD1990603F081
:103BB000040240F1DC80002A00F0F680802300201F
:103BC00084F84B3019B0BDE8F08F0425CDE7022F03
:103BD00002D153882E2BCAD0911E87BB002322F816
:103BE0001730002F00F0118132F81300194601330D
:103BF0002028F9D009B92E2801D145F00305901EDF
:103C000030F817302E2B01D0013FF9D14FF020337F
:103C10004FF0000A6364D0462364C4F84730082399
:103C2000481C32F811600090F6B1202E03D02E2EE1
:103C30000DD1B84210D045F003050099F0E731F8F6
:103C40001730202B01D02E2BC8D1013FC5E79A4554
:103C500005D20099B9423BD10B2B30D101E00B2B9F
:103C600027D145F003050B2394F84020E52A04BF33
:103C7000052284F84020082B04BF4FEA88085FFA29
:103C800088F808F00C030C2B03D008F00303032B77
:103C900001D145F00205A8073FF57CAF18F0010FF0
:103CA00018BF45F0100518F0040F18BF45F00805BF
:103CB00070E70099B94202D045F00305D4D84FEA25
:103CC00088080B234FF0080A00975FFA88F8B4E7DA
:103CD0007F2E15D9304640F25231CDE9022345F00E
:103CE0000203019300F098FC10F0800F0646DDE916
:103CF000022316D000F07F0646498E5D019D46B333
:103D000031464548CDE9012305F03EFADDE90123BE
:103D1000F8B9A6F1410189B219291ED848F0020864
:103D200010E0FF28EAD9591E8A4503D345F0030560
:103D30009A4682E704EB0A01000A0AF1010A019D92
:103D400081F8400004EB0A010AF1010A81F84060A1
:103D500073E745F003055F26F4E7A6F1610189B238
:103D600019299EBF203E48F00108B6B2EAE7002AB2
:103D700008BF052026E75A073FF524AFA379DB06E5
:103D800045D59BF80000042835D1A3682146E27987
:103D900023622369DBF8100023F0FF0313436362FF
:103DA000E36CA362FFF76AFE23680027DA6819F85C
:103DB000010B00283FF409AF40F25231009200F0AD
:103DC0004BFC054608B31F28009A7FF6FEAE2F284D
:103DD0003FF4BFAE5C283FF4BCAE7F2805D8014657
:103DE0000E4805F0D1F9009A78B9FF2F0DD022F8CE
:103DF00017500137DBE7216B0BF14C03C1F30801CE
:103E00001944FFF751FEA060CEE70620DAE6052050
:103E1000D8E600BF289300082193000818930008F3
:103E20001FB5CDE9001003A814460391FEF7FCF975
:103E3000002815DB0B4A52F820300BB10021197015
:103E4000019B0BB10021197042F820302CB10022E7
:103E500001A96846FEF7C4FE0446204604B010BD22
:103E60000B24FAE7343600202DE9F04798B090464D
:103E700005460191002800F0528102F03F0603A997
:103E800001A83246FEF7ACFE002840F04681039BB5
:103E90004FF48C60049303F0A1FA0746002800F069
:103EA0004081039B00F500720199D86004A81A6153
:103EB000FFF702FE044620B99DF95B30002BB8BF26
:103EC000062418F01C0F00F0CD80002C4CD0042CE0
:103ED00040D104A8FFF720FC044600283AD146F060
:103EE0000806039B1A78042A40F083801869294643
:103EF0002B60FFF7C3FD039B1E22002118690230CF
:103F0000FDF718FF039C00211A2220692630FDF7D7
:103F100011FF236920221A71246903F099FA0146DE
:103F2000012208342046FEF727F9039B04A81B69E9
:103F300083F82120FFF760FA044658B9A96801B355
:103F400002462846FEF714FDAB68039A0446013B7F
:103F50005361B4B1384603F051FA0CB100232B6021
:103F6000204618B0BDE8F0879DF8163013F0110F09
:103F700040F0848018F0040F40F0C98018F0080F5A
:103F8000AFD1039A31071399936C48BF46F04006AE
:103F9000E964AB641078042872D1069B9DF8171071
:103FA0002B62089B106923F0FF030B4329466B62C9
:103FB000179BAB62FFF762FDDDF80CA00024002226
:103FC00005F15008BAF8063021464046C5F800A071
:103FD000AB80002385F8306085F831406C64C5E91A
:103FE0000E234FF40072FDF7A5FEB20653D4002451
:103FF000B0E703F02DFA0146009013980E30FEF75B
:10400000BBF8139800991630FEF7B6F8039C139985
:104010002078FFF749FD202300228046CB722046FE
:104020001399FEF7CDF8139B002201211A775A77D6
:104030009A77DA77039BD970B8F1000FA1D0414687
:1040400004A8D3F84890FEF793FC0446002881D1D9
:1040500049460398FEF758FA039B044608F1FF30DF
:10406000586176E7002C7FF475AF9DF81630DC06BA
:104070004FD418F0020F84D0D80782D5072469E7FF
:10408000FFF712FD0023A86001F11C00FEF76EF897
:104090006B61286190E7D5E9046956EA0903A6D067
:1040A000BAF80AA0A9684FEA4A2AC5E90E69B245DA
:1040B00074EB09031BD300242964002C7FF44AAF5E
:1040C000C6F30803002B92D0039C2046FEF76CF841
:1040D00008B3760A0123414646EAC95682196A6442
:1040E000607802F0DDFC041E18BF012432E7284688
:1040F000FEF7C2FAB6EB0A06014669F1000901288B
:1041000003D9431CD3D10124D6E70224D4E70824E1
:1041100020E704241EE702241CE704461EE70924C6
:104120001EE711241CE700002DE9F04F994685B0E9
:104130000023884603A90446C9F800301646FEF756
:104140008DF8054680BB94F831506DBB94F8303043
:1041500013F00103009300F0A68004F1500AD4E9A3
:104160000432D4E90E011B1A62EB0102B34272F170
:10417000000238BF1E46BEB1D4E90E10C1F30803D9
:10418000002B40F08280039B5A894B0A013A43EA94
:10419000C0531A401BD151EA000309D1A06801287D
:1041A0000DD8022584F83150284605B0BDE8F08FBF
:1041B000216C20460192FEF75FFA019AEFE7431C5B
:1041C00004D10123009D84F83130EDE72064DDF84F
:1041D0000CB0216C5846FDF7E7FF0028E1D0B6F59A
:1041E000007F02EB000731D3BBF80A1002EB562028
:1041F000730A88429BF8010088BF8B1A3A464146F1
:10420000019302F04DFC0028DBD194F93020019B92
:10421000002A0BDA606CC01B984207D24FF4007280
:10422000514608EB4020FDF75FFD019B5F02D9F886
:104230000030F61BB8443B44C9F80030D4E90E32D4
:10424000DB1942F10002C4E90E3294E7626CBA4213
:104250001AD094F93030002B0DDA012351469BF827
:10426000010002F041FC0028ABD194F8303003F09B
:104270007F0384F83030039801233A465146407852
:1042800002F00EFC00289CD16764A16B4046C1F38C
:104290000801C1F500775144B74228BF37463A4676
:1042A000FDF722FDC3E707257EE7000070B596B055
:1042B0000E460022019002A901A8FEF791FC0446D7
:1042C000E0B94FF48C6003F089F80546D8B1029B41
:1042D00000F500720199D86002A81A61FFF7ECFBA3
:1042E000044640B99DF95330002B0ADB1EB131461C
:1042F00002A8FDF7E9FF284603F080F8204616B033
:1043000070BD0624F7E71124F8E7000070B5B8B0D7
:104310000222019003A901A8FEF762FC044608BB33
:10432000039B4FF48C60109303F058F80546002867
:1043300066D0039B00F500720199D86010A81A613D
:10434000FFF7BAFB044650B99DF88B30980655D458
:10435000190653D49DF84630DA0706D507242846B7
:1043600003F04CF8204638B070BD039B04931878D6
:10437000042814D104A91869FFF780FB069E9DF854
:104380004630DB0610D410A8FEF772FF0446002862
:10439000E5D156BB0398FEF7D7FB0446DFE71F992C
:1043A000FFF782FB0646EAE7039BDA69B242D5D003
:1043B00024930021269624A81B78042B01BFDDE955
:1043C0000823CDE928239DF817308DF89730FEF7A4
:1043D000EBF904460028C2D124A8FFF73DF80446B3
:1043E0000028BBD00428BAD1CDE70246314604A844
:1043F000FEF7BEFA04460028B1D1CBE70624AEE7AB
:104400001124AFE7F0B5BDB0CDE900106846FDF767
:104410000BFF022203A901A8FEF7E2FB04460028D5
:1044200041D1039B4FF48C60149302F0D7FF0546F3
:10443000002800F0EE80039B00F5007214AE019995
:10444000D8601A613046FFF737FB044640BB9DF841
:104450009B3013F0A00F40F0D880039B009F1A7888
:10446000042A68D11B6904AC03F1400C18680833B6
:1044700053F8041C2246634503C21446F6D1502269
:10448000314628A8FDF730FC394628A8FFF714FB71
:10449000044600284CD12A9A169B9A4206D008243A
:1044A000284602F0ABFF20463DB0F0BD349A209B79
:1044B0009A42F4D128A8FFF72FF904460028EFD13B
:1044C000039B04AF1B6993F801E093F823C09C8C15
:1044D0003A46083303CAB24243F8080C43F8041CB6
:1044E0001746F5D1039B28A81B6983F801E0039BBD
:1044F0001A6982F823C01A6982F82440240A82F8D3
:1045000025401A691379D9065CBF43F02003137163
:10451000FEF772FF04460028C2D13046FEF7A8FE1F
:1045200004460028BCD10398FEF70EFB0446B7E70B
:104530000428B5D1BEE7239A04AB02F1200C106821
:10454000083252F8041C1C46624503C42346F6D1C7
:104550005022314628A8FDF7C7FB394628A8FFF7A7
:10456000ABFA044600284CD12A9A169B9A4296D15F
:10457000349A209B9A4292D128A8FFF7CDF804469E
:1045800000288DD137990DF11D030DF12D0001F19A
:104590000D0253F8044B834242F8044BF9D11888BA
:1045A000012710809B7893709DF81B30039CDA06DE
:1045B00058BF43F02003CB72E770CB7ADB06ACD553
:1045C000169A2A9B9A42A8D02078FFF76DFA0146E6
:1045D0002046FDF7E9FD0146C8B12046FDF794FFEE
:1045E000044600287FF45CAF039890F86D302E2BC2
:1045F00093D12A9A00F16C01FDF7E2FD039BDF7075
:104600008BE704287FF44CAFB6E7062448E7022482
:1046100046E7112447E700007F2810B501D880B293
:1046200010BDB0F5803F13D240F2523399420FD102
:104630000849002231F8024B93B2844203D103F1BE
:104640008000C0B2ECE70132802AF3D11346F6E7CE
:104650000020E5E7689600087F280DD940F2523324
:10466000994208D1FF2806D800F10040034B80385A
:1046700033F8100070470020704700BF68960008AC
:10468000B0F5803FF0B522D21F4A83B21F49B0F582
:10469000805F28BF0A46141D34F8042C2146AAB1B5
:1046A000934213D334F8025C2E0AEFB252FA85F526
:1046B000A84222DA082E09D8DFE806F0050A10120F
:1046C0001416181A1C00801A34F810301846F0BD61
:1046D000981A00F001001B1A9BB2F7E7103BFBE7AA
:1046E000203BF9E7303BF7E71A3BF5E70833F3E700
:1046F000503BF1E7A3F5E353EEE70434002ECBD1B2
:1047000001EB4702C7E700BFB8930008AC9500086B
:1047100008B5074B074A196801F03D0199605368D5
:104720000BB190689847BDE8084003F095B800BF0A
:10473000000002403C36002008B5084B1968890982
:1047400001F03D018A019A60054AD3680BB11069F6
:104750009847BDE8084003F07FB800BF0000024062
:104760003C36002008B5084B1968090C01F03D01E2
:104770000A049A60054A53690BB190699847BDE8ED
:10478000084003F069B800BF000002403C3600203A
:1047900008B5084B1968890D01F03D018A059A603A
:1047A000054AD3690BB1106A9847BDE8084003F089
:1047B00053B800BF000002403C36002008B5074B4C
:1047C000074A596801F03D01D960536A0BB1906AFC
:1047D0009847BDE8084003F03FB800BF0000024022
:1047E0003C36002008B5084B5968890901F03D01A5
:1047F0008A01DA60054AD36A0BB1106B9847BDE8AD
:10480000084003F029B800BF000002403C360020F9
:1048100008B5084B5968090C01F03D010A04DA603B
:10482000054A536B0BB1906B9847BDE8084003F005
:1048300013B800BF000002403C36002008B5084B0A
:104840005968890D01F03D018A05DA60054AD36B8C
:104850000BB1106C9847BDE8084002F0FDBF00BFE7
:10486000000002403C36002008B5074B074A196893
:1048700001F03D019960536C0BB1906C9847BDE815
:10488000084002F0E9BF00BF000402403C360020AF
:1048900008B5084B1968890901F03D018A019A6041
:1048A000054AD36C0BB1106D9847BDE8084002F083
:1048B000D3BF00BF000402403C36002008B5084BBF
:1048C0001968090C01F03D010A049A60054A536D0C
:1048D0000BB1906D9847BDE8084002F0BDBF00BF26
:1048E000000402403C36002008B5084B1968890DC9
:1048F00001F03D018A059A60054AD36D0BB1106E37
:104900009847BDE8084002F0A7BF00BF000402407E
:104910003C36002008B5074B074A596801F03D01B5
:10492000D960536E0BB1906E9847BDE8084002F015
:1049300093BF00BF000402403C36002008B5084B7E
:104940005968890901F03D018A01DA60054AD36E90
:104950000BB1106F9847BDE8084002F07DBF00BF63
:10496000000402403C36002008B5084B5968090C89
:1049700001F03D010A04DA60054A536F0BB1906FF4
:104980009847BDE8084002F067BF00BF000402403E
:104990003C36002008B5084B5968890D01F03D01EF
:1049A0008A05DA60054AD36F13B1D2F880009847C0
:1049B000BDE8084002F050BF000402403C36002031
:1049C00000230C4910B51A460B4C0B6054F8230019
:1049D000026001EB430004334260402BF6D1074AEA
:1049E0004FF0FF339360D360C2F80834C2F80C3440
:1049F00010BD00BF3C360020689700080000024050
:104A00000F28F8B510D9102810D0112811D012286D
:104A100008D10F240720DFF8C8E00126DEF8005097
:104A2000A04208D9002653E00446F4E70F240020F2
:104A3000F1E70724FBE706FA00F73D424AD1264C8E
:104A40004FEA001C3D4304EB00160EEBC000CEF80D
:104A50000050C0E90123FBB273B12048D0F8D83030
:104A600043F00103C0F8D830D0F8003143F001031F
:104A7000C0F80031D0F8003117F47F4F0ED017483E
:104A8000D0F8D83043F00203C0F8D830D0F8003165
:104A900043F00203C0F80031D0F8003154F80C00A4
:104AA000036823F01F030360056815F00105FBD1BF
:104AB00004EB0C033D2493F80CC05F6804FA0CF47B
:104AC0003C6021240560446112B1987B00F06CFCCD
:104AD0003046F8BD0130A3E768970008004402584B
:104AE0003C36002010B5302484F31188FFF788FF8E
:104AF000002383F3118810BD10B50446807B00F0BD
:104B000069FC01231549627B03FA02F20B6823EA70
:104B10000203DAB20B6072B9114AD2F8D81021F050
:104B20000101C2F8D810D2F8001121F00101C2F839
:104B30000011D2F8002113F47F4F0ED1084BD3F8A7
:104B4000D82022F00202C3F8D820D3F8002122F0A6
:104B50000202C3F80021D3F8003110BD3C3600201A
:104B60000044025808B5302383F31188FFF7C4FFCF
:104B7000002383F3118808BD836CC26A8B4250689E
:104B800010B506D95A1E4C0002EB4103B3FBF4F3F7
:104B9000184410BD01F001038A0748BF43F0020327
:104BA0004A0748BF43F008030A0748BF43F004031D
:104BB000CA0648BF43F010038A06426B48BF43F061
:104BC000200313434363704710B5074C204600F0A1
:104BD000A3FF064B0022C4E91023054BA364054B39
:104BE000E363054BE36410BDC03600200024024897
:104BF00000B4C4041437002014390020C36A0BB970
:104C0000104BC3620379012B11D10F4B98420ED187
:104C10000E4BD3F8DC2042F40072C3F8DC20D3F84A
:104C2000042142F40072C3F80421D3F80431436C28
:104C300000221A65DA621A605A605A624FF0FF3237
:104C40009A63704768980008C036002000440258F4
:104C50000379012B29D0436C00221A65DA621A60AD
:104C60005A605A624FF0FF329A63104B98421CD13F
:104C70000F4BD3F8842042F40072C3F88420D3F899
:104C8000842022F40072C3F88420D3F88420D3F85F
:104C9000DC2022F40072C3F8DC20D3F8042122F4D3
:104CA0000072C3F80421D3F804317047C0360020E5
:104CB0000044025810B5446C0649FFF75DFF606080
:104CC000236842F2107043F003032360BDE81040F4
:104CD00001F048BD801A06000129F8B5466C0B4F5B
:104CE00009D175680A493D40FFF746FF054345F481
:104CF00080557560F8BD746806493C40FFF73CFF7D
:104D0000044344F480547460F4E700BF00ECFFFFF8
:104D100080F0FA0240787D01436C00225A601A60EC
:104D200070470000426C0129536823F4404304D0CB
:104D3000022905D001B95360704743F48043FAE774
:104D400043F40043F7E70000436C41F480519A605C
:104D5000D9605A6B1206FCD580229A637047000016
:104D600010B541F48851446CA260E160616B11F0B0
:104D70004502FBD0A26311F0040203D0FFF70AFF43
:104D8000012010BD616910461960FAE710B541F4C1
:104D90008851446CA260E160616B11F04502FBD068
:104DA000A26311F0050203D0FFF7F4FE012010BD4D
:104DB000616910461960FAE773B5134604460E465A
:104DC000302282F31188426CD26B32B14FF0FF3146
:104DD0004030019301F0D2FC019B606C002202651F
:104DE000C263C262456B15F4807504D185F31188E6
:104DF000012002B070BD4FF0FF31816382F3118852
:104E0000012E06D90C21204602B0BDE87040FFF704
:104E1000BDBF1046EDE7000073B5446C0E4600259B
:104E20000192616BA1632565E562FFF7B3FE012E78
:104E300007D9019B2A460C2102B0BDE87040FFF75C
:104E4000A5BF02B070BD000010B541F49851446C8C
:104E5000A260E160616B11F04502FBD0A26311F02A
:104E60003F0203D0FFF796FE012010BD216A1046D5
:104E70001960E1695960A16999606169D960F4E7D5
:104E80002DE9F74304460191006D01A917469846A4
:104E900002F0FCFB064600284AD0626C2046DDF892
:104EA00004905568C5F3090501356B00A56CB5FB89
:104EB000F3F54FF47A73B5FBF3F55D43556200F0FB
:104EC000ADFC50BB636C4FF0FF3201254146C3F887
:104ED000589020461D659A634FF49572DA6342F24A
:104EE00007029F62DA62E36C0A9AFFF74FFFA0B9EC
:104EF000E26C104B11680B407BB929462046FFF746
:104F00005BFF054648B92E463A460199206D02F0EE
:104F1000F5FB304603B0BDE8F083E26C204601218A
:104F2000FFF77AFF3A460199206D02F0E7FBF0E7C0
:104F30000126EEE708E0FFFD2DE9F7431F46436C2D
:104F400001924FF47A725D6804468846C5F30905FC
:104F500001356E00856CB5FBF6F5B5FBF2F55543F2
:104F60005D6200F05BFC20B10125284603B0BDE87E
:104F7000F0837E0201A9206D324602F087FB0546D0
:104F80000028F1D0636C019AD4F84C909A65012204
:104F90001A654FF0FF329A634FF49572DA639E629E
:104FA000236BDB064B4658BF4FEA4828012F424689
:104FB0001BD912212046FFF7E9FEC0B9D9F800201D
:104FC000104B13409BB9636C42F293023946204662
:104FD000DA62E26CFFF7F0FE804640B93246019992
:104FE000206D454602F08AFBBFE71121E2E7E26C43
:104FF00039462046FFF710FF32460199206D02F036
:105000007DFBB2E708E0FFFD2DE9F3411F46436C4D
:1050100001924FF47A725D6804468846C5F309052B
:1050200001356E00856CB5FBF6F5B5FBF2F5554321
:105030005D6200F0F3FB20B10125284602B0BDE817
:10504000F0817E0201A9206D324602F06FFB054619
:105050000028F1D0636C019A9A6501221A654FF01D
:10506000FF329A634FF48D72DA639E62236BE66CB3
:10507000DB06334658BF4FEA4828012F424619D96C
:1050800019212046FFF782FEB0B932680F4B13405A
:1050900093B9636C42F2910239462046DA62E26CBF
:1050A000FFF78AFE064638B901993546206D02F0B1
:1050B00079FBC2E71821E4E739462046E26CFFF7A6
:1050C000ABFE0199206D02F06DFBB6E708E0FFFD35
:1050D00012F0030F2DE9F04107460C4615461E4617
:1050E00017D00E44B44202D10020BDE8F081012364
:1050F000FA6B21463846FFF71FFF0028F5D12846F6
:105100004FF40072F96B05F500750134FCF7ECFD06
:10511000E8E7BDE8F041FFF70FBF000012F0030F12
:105120002DE9F04107460C4615461E4617D00E44A1
:10513000B44202D10020BDE8F08129464FF400724C
:10514000F86B05F50075FCF7CFFD0123FA6B2146DE
:105150003846FFF759FF0028EDD10134E8E7BDE8F4
:10516000F041FFF751BF000000207047302310B519
:1051700083F311880024436C40302146DC6301F046
:105180000BFB84F3118810BD026843681143016072
:1051900003B1184770470000024A136843F0C00388
:1051A000136070470010014013B50E4C204600F00C
:1051B00013FD04F1140000234FF400720A49009417
:1051C00000F078F9094B4FF40072094904F13800F6
:1051D000009400F0F1F9074A074BC4E9172302B025
:1051E00010BD00BF183900208439002099510008F3
:1051F000843B00200010014000E1F505037C30B540
:10520000244C002918BF0C46012B11D1224B984287
:105210000ED1224BD3F8F02042F01002C3F8F02058
:10522000D3F8182142F01002C3F81821D3F818312E
:105230002268036EC16D03EB52038466B3FBF2F385
:105240006268150442BF23F0070503F0070343EA31
:105250004503CB60A36843F040034B60E36843F031
:1052600001038B6042F4967343F001030B604FF02F
:10527000FF330B62510505D512F0102205D0B2F1B3
:10528000805F04D080F8643030BD7F23FAE73F238D
:10529000F8E700BF70980008183900200044025851
:1052A0002DE9F047C66D0546F469220734621AD02D
:1052B00014F0080118BF4FF48071E3074FF030037A
:1052C00048BF41F02001A70748BF41F040016007F7
:1052D00048BF41F0800183F31188281DFFF754FF78
:1052E000002383F31188E2050AD5302383F3118864
:1052F0004FF48061281DFFF747FF002383F31188D7
:1053000030274FF0000914F0200838D137683B06E9
:1053100015D54FF0300905F1380A20060FD589F36D
:105320001188504600F07CF9002835DA0821281D44
:10533000FFF72AFF27F08007002383F311887906FF
:1053400013D5620611D5302383F31188D5E91323D1
:105350009A4207D12B6C2BB127F040071021281D52
:10536000FFF712FF002383F31188E306376018D597
:10537000AA6E1369ABB15069BDE8F047184787F3CF
:105380001188736A284695F86410194000F03EFCB5
:1053900089F31188F469B6E7B06288F31188F4697B
:1053A000BBE7BDE8F0870000090100F1604301227E
:1053B00003F56143C9B283F8001300F01F039A405C
:1053C00043099B0003F1604303F56143C3F8802167
:1053D0001A60704700F01F0301229A40430900F150
:1053E00060409B0000F5614003F1604303F56143B9
:1053F000C3F88020C3F88021002380F80033704771
:10540000F8B51546826804460B46AA4200D2856864
:10541000A1692669761AB5420BD218462A46FCF7CE
:1054200063FCA3692B44A3612846A3685B1BA360AC
:10543000F8BD0CD9AF1B18463246FCF755FC3A466E
:10544000E1683044FCF750FCE3683B44EBE7184666
:105450002A46FCF749FCE368E5E7000083689342CD
:10546000F7B50446154600D28568D4E90460361ABB
:10547000B5420BD22A46FCF737FC63692B446361C3
:105480002846A3685B1BA36003B0F0BD0DD932466C
:10549000AF1B0191FCF728FC01993A46E0683144C2
:1054A000FCF722FCE3683B44E9E72A46FCF71CFCD6
:1054B000E368E4E710B50A440024C361029B8460FA
:1054C000C16002610362C0E90000C0E9051110BDBE
:1054D00008B5D0E90532934201D1826882B9826869
:1054E000013282605A1C426119700021D0E90432F5
:1054F0009A4224BFC368436101F068F9002008BDE7
:105500004FF0FF30FBE7000070B5302304460E4635
:1055100083F31188A568A5B1A368A269013BA360C4
:10552000531CA36115782269934224BFE368A361E9
:10553000E3690BB120469847002383F3118828467E
:1055400007E03146204601F031F90028E2DA85F320
:10555000118870BD2DE9F74F04460E461746984650
:10556000D0F81C904FF0300A8AF311884FF0000BEE
:10557000154665B12A4631462046FFF741FF0346EE
:1055800060B94146204601F011F90028F1D000230E
:1055900083F31188781B03B0BDE8F08FB9F1000FD9
:1055A00003D001902046C847019B8BF31188ED1A68
:1055B0001E448AF31188DCE7C160C361009B8260EE
:1055C0000362C0E905111144C0E9000001617047A0
:1055D000F8B504460D461646302383F31188A768B4
:1055E000A7B1A368013BA36063695A1C62611D7087
:1055F000D4E904329A4224BFE3686361E3690BB1E2
:1056000020469847002080F3118807E03146204665
:1056100001F0CCF80028E2DA87F31188F8BD000029
:10562000D0E9052310B59A4201D182687AB982681F
:105630000021013282605A1C82611C7803699A42FF
:1056400024BFC368836101F0C1F8204610BD4FF04C
:10565000FF30FBE72DE9F74F04460E461746984604
:10566000D0F81C904FF0300A8AF311884FF0000BED
:10567000154665B12A4631462046FFF7EFFE034640
:1056800060B94146204601F091F80028F1D000238E
:1056900083F31188781B03B0BDE8F08FB9F1000FD8
:1056A00003D001902046C847019B8BF31188ED1A67
:1056B0001E448AF31188DCE70379052B05BF836A52
:1056C000002001204B6004BF4FF400730B60704753
:1056D00073B504460D460F4EA26B01AB0D2120465B
:1056E0008DB1FFF753FB90B9019B33420ED1C3F349
:1056F0004323042B0BD0053B022B07D84FF47A70C1
:1057000001F030F8E8E7FFF72BFBECE7012002B0EF
:1057100070BD00BF08E0FFFDF8B5856A0446A942E8
:1057200002D26D1AAB4205D9636B012043F08003AE
:105730006363F8BD06250571FFF7CAFC05232371D5
:10574000F7E70000F8B5856A0446A94202D26D1A4F
:10575000AB4205D9636B012043F080036363F8BD5E
:1057600007250571FFF7DAFC05232371F7E7000031
:1057700038B505790446052D05D108230371FFF7D7
:10578000F3FC257138BD0120FCE70000036B03F03A
:105790000F03022BF0B5054685B00C464FF000070D
:1057A0000CD10F7003AB1A4A0621FFF7EFFA78B954
:1057B000184B039A13405BB9012308E0C66B7E22A5
:1057C0000F7018307F2103F0FDF920B900232370FA
:1057D000002005B0F0BD0623402231462846009740
:1057E000FFF74EFB0028F1D1B3895BBA9B07EFD5D9
:1057F000094B40223146284600930623FFF740FB21
:105800000028E3D1337C03F00F030F2BDED0D3E766
:105810000001B90308E0FFFDF1FFFF800121FFF760
:1058200057BF000070B53023054683F31188037914
:105830000024022B03D184F31188204670BD042379
:10584000037184F311880226FFF7E8FF0446284617
:10585000FFF762FA2E71F0E70021FFF739BF000071
:105860000323F0B5044687B0002503718DF80F506F
:10587000FFF720FA2A4629462046FFF765FA4FF43B
:10588000D57205AB08212046FFF780FA0246B8B969
:1058900001232363059BC3F30323012B09D105AB2C
:1058A00037212046FFF772FA18B9934B059A134037
:1058B000ABB120460125FFF72FFA0223237114E133
:1058C00005AB2A4637212046FFF760FA28B98A4AF5
:1058D000059B1A40002A00F0AC8002232363236B4F
:1058E00003F00F03022B40F0AE806425834E42F29A
:1058F000107000F037FF05AB324601212046FFF75C
:105900002FFA0028D5D1059B002B80F298805B00F0
:1059100003D5236B43F010032363002204F1080333
:1059200002212046FFF790FA02460028C1D104F177
:10593000380303212046FFF729FA0028B9D104F1E2
:105940001805A26B092120462B46FFF77DFA002897
:10595000AFD104ABA26B07212046FFF717FA00284E
:10596000A7D10DF10F012046FFF710FF0028A0D1AD
:105970009DF80F102046FFF7AFF92046FFF76CFFA8
:105980000646002895D1236B03F00F03022B40F04D
:1059900083807E227F21284603F014F901287BD9D9
:1059A000E56B42F2107000F0DDFE08234FF4007248
:1059B000294620460096FFF763FA00287FF479AF66
:1059C000284603F04DF9A0620DF10F012046FFF7C4
:1059D000DDFE00287FF46DAF9DF80F102046FFF725
:1059E0007BF904AB4FF4007210212046FFF7CEF98B
:1059F000054600287FF45DAF3F4E049B33427FF4A1
:105A000058AF236B13F00E0F03F00F0248D0022A99
:105A10007FF44FAFE36A1978012969D0022969D070
:105A2000002960D0364F2046FFF77CF905AB3A4697
:105A30004EE0114620462263FFF786F94FE7013D0D
:105A40007FF455AF35E72F4D64262F4A2A4F012B9F
:105A500018BF154605AB002237212046FFF796F9FF
:105A600000287FF426AF059B3B427FF422AF05ABB5
:105A70002A4629212046FFF773F900287FF419AF41
:105A8000059B002BFFF643AF013E3FF412AF42F2FD
:105A9000107000F067FEDDE7284603F0B5F892E7E6
:105AA000E36A1978F9B101297FF403AF2046FFF7C3
:105AB00039F905ABA26B37212046FFF767F90028BB
:105AC0007FF4F7AE059B33427FF4F3AE05AB0222C1
:105AD00006212046FFF75AF900287FF4EAAE059B1D
:105AE00033427FF4E6AE05232371284607B0F0BDAC
:105AF000064F98E7064F96E708E0FFFD0080FFC0DD
:105B00000000B7030080FF50000010800001B703C1
:105B10000002B703FFF758B8044B03600123037179
:105B200000234363C0E90A33704700BF8898000828
:105B300010B53023044683F31188C162FFF75EF885
:105B400002230020237180F3118810BD10B530238B
:105B5000044683F31188FFF77BF800230122E362F8
:105B6000227183F3118810BD0268436811430160FC
:105B700003B11847704700001430FFF7EBBC00007A
:105B80004FF0FF331430FFF7E5BC00003830FFF76B
:105B900061BD00004FF0FF333830FFF75BBD000000
:105BA0001430FFF7B1BC00004FF0FF311430FFF7A5
:105BB000ABBC00003830FFF70BBD00004FF0FF32E8
:105BC0003830FFF705BD0000012914BF6FF0130046
:105BD00000207047FFF7E8BA044B036000234360DE
:105BE000C0E9023301230374704700BFAC9800087A
:105BF00010B53023044683F31188FFF7FFFA022320
:105C00000020237480F3118810BD000038B5C369EB
:105C100004460D461BB904210844FFF7A5FF294699
:105C200004F11400FFF754FC002806DA201D4FF49D
:105C30000061BDE83840FFF797BF38BD0268436890
:105C40001143016003B118477047000013B5406B62
:105C500000F58054D4F8A4381A681178042914D1B6
:105C6000017C022911D11979012312898B40134239
:105C70000BD101A94C3002F0D3FED4F8A44802465F
:105C8000019B2179206800F005FA02B010BD0000E8
:105C9000143002F055BE00004FF0FF33143002F014
:105CA0004FBE00004C3002F027BF00004FF0FF3322
:105CB0004C3002F021BF0000143002F023BE00007F
:105CC0004FF0FF31143002F01DBE00004C3002F0E6
:105CD000F3BE00004FF0FF324C3002F0EDBE00008A
:105CE00010B500F58054D4F8A4381A681178042946
:105CF00017D1017C022914D15979012352898B4093
:105D000013420ED1143002F0B7FD024648B1D4F868
:105D1000A4484FF4407361792068BDE8104000F05A
:105D2000A7B910BD406BFFF7DBBF000000290CBF17
:105D30006FF0130000207047704700007FB5124BD2
:105D400001250426044603600023057400F1840243
:105D500043602946C0E902330C4B02901430019392
:105D60004FF44073009602F063FD094B04F6944231
:105D7000294604F14C000294CDE900634FF44073CE
:105D800002F02AFE04B070BDD4980008255D00081A
:105D90004D5C0008302383F311880B790A680B33BC
:105DA00042F823004B79133342F823008B7913B167
:105DB0000B3342F8230000F58053C3F8A4180223E4
:105DC0000374002080F311887047000038B5037F0A
:105DD000044613B190F85430ABB90125201D0221BF
:105DE000FFF72CFF04F114006FF00101257700F09C
:105DF000F9FC04F14C0084F854506FF00101BDE847
:105E0000384000F0EFBC38BD10B501210446043025
:105E1000FFF714FF0023237784F8543010BD0000EF
:105E200038B504460025143002F01AFD04F14C0088
:105E3000257702F0E9FD201D84F854500121FFF779
:105E4000FDFE2046BDE83840FFF74ABF90F880309D
:105E500003F06003202B06D190F881200023212A33
:105E600003D81F2A06D800207047222AFBD1C0E998
:105E70001D3303E0034A426707228267C36701209C
:105E8000704700BF3C22002037B500F58055D5F89B
:105E9000A4381A68117804291AD1017C022917D173
:105EA0001979012312898B40134211D100F14C045E
:105EB000204602F069FE58B101A9204602F0B0FD6B
:105EC000D5F8A4480246019B2179206800F0E2F849
:105ED00003B030BD2DE9F34104460D4621B301F175
:105EE0000B0350F82360FEB1302383F3118800EBDD
:105EF000810706F14C08FB685B691B6833B14046BB
:105F000002F09CFD0821301DFFF798FE01A94046D4
:105F100002F086FD024650B1019B2946204600F062
:105F2000B9F8002383F3118802B0BDE8F081FB6863
:105F30005A69126832B11B8A013B134002D104F145
:105F40008002EAE71021301DFFF778FEE9E7000044
:105F500038B509B3133150F82140ECB1302383F345
:105F6000118804F58053D3F8A4281368527903EB01
:105F70008203DB689B695D6845B104216018FFF707
:105F80005DFE294604F1140002F080FC2046FFF774
:105F9000A7FE002383F3118838BD0000704700007E
:105FA00010B50446002102F081FA0021204602F0DB
:105FB00071FA63681B6813B1062120469847A368ED
:105FC00023F00113A3600023A367062384F8703035
:105FD00010BD000001F05CBD01234022002110B57E
:105FE000044600F8303BFBF7A5FE0023C4E901336B
:105FF00010BD000010B53023044683F3118824221D
:10600000416000210C30FBF795FE204601F062FD57
:1060100002230020237080F3118810BD70B500EBBF
:106020008103054650690E461446DA6018B1102205
:106030000021FBF77FFEA06918B110220021FBF7B9
:1060400079FE31462846BDE8704001F04BBE0000A5
:1060500083682022002103F0011310B504468360F9
:106060001030FBF767FE2046BDE8104001F0C6BEC9
:10607000F0B4012500EB810447898D40E4683D437D
:10608000A469458123600023A2606360F0BC01F035
:10609000E3BE0000F0B4012500EB810407898D40C8
:1060A000E4683D436469058123600023A260636066
:1060B000F0BC01F059BF000070B502230025044672
:1060C000242203702946C0F888500C30C56640F879
:1060D000045CFBF72FFE204684F8705001F094FD1D
:1060E00063681B6823B129462046BDE87040184705
:1060F00070BD00000378052B10B504460AD080F867
:106100008C300523037043681B680BB1042198474A
:106110000023A36010BD00000178052906D190F886
:106120008C20436802701B6803B118477047000059
:1061300070B590F8703004463BB1836823F00113CA
:1061400083600023836780F8703004F180020021AF
:10615000204601F077FE63689B684BB994F8803065
:1061600013F0600528D02046BDE87040FFF718BF47
:10617000204698470028F1D0B4F88630A26F9A42A2
:1061800088BFA36794F98030A56F002B4FF03003D0
:1061900080F20281002D00F0F180092284F8702045
:1061A00083F3118800212046D4E91D23FFF772FFF5
:1061B000002383F3118870BD94F8812003F07F03DE
:1061C00043EA022340F20232934200F0C48021D815
:1061D000B3F5807F47D00DD8012B3ED0022B00F0C5
:1061E0009280002BBFD104F1880262670222A2676D
:1061F000E367C1E7B3F5817F00F09A80B3F5407F94
:10620000B1D194F88230012BADD1B4F8883043F08D
:10621000020331E0B3F5006F4CD017D8B3F5A06F8F
:1062200030D0A3F5C063012B9DD86368204694F855
:1062300082205E6894F88310B4F88430B047002858
:1062400091D0436863670368A36719E0B3F5106FE3
:1062500035D040F60242934285D15C4B63670223FE
:10626000A3670023C4E794F88230012B7FF47BAF4F
:10627000B4F8883023F00203A4F88830C4E91D552F
:10628000E56779E7B4F88030B3F5A06F0ED194F8E4
:106290008230204684F88A3001F016FD63681B685E
:1062A00013B1012120469847032323700023C4E93A
:1062B0001D339DE704F18B0363670123C4E7237853
:1062C000042B10D1302383F311882046FFF7C0FE42
:1062D00085F311880321636884F88B5021701B6853
:1062E0000BB12046984794F88230002BDED084F81A
:1062F0008B300423237063681B68002BD6D00221E7
:1063000020469847D2E794F8843020461D0603F0D3
:106310000F010AD501F088FD012804D002287FF47E
:1063200022AF2B4B9AE72B4B98E701F06FFDF3E779
:1063300094F88230002B7FF416AF94F8843013F079
:106340000F01B3D01A06204602D502F0C7F8ADE718
:1063500002F0B8F8AAE794F88230002B7FF403AF7C
:1063600094F8843013F00F01A0D01B06204602D50C
:1063700002F09CF89AE702F08DF897E7142284F86F
:10638000702083F311882B462A4629462046FFF7C2
:106390006FFE85F311880EE75DB1152284F8702039
:1063A00083F3118800212046D4E91D23FFF760FE06
:1063B000FEE60B2284F8702083F311882B462A46D0
:1063C00029462046FFF766FEE3E700BF0499000870
:1063D000FC9800080099000838B590F87030044621
:1063E0000B2B09D80B2B37D8DFE803F008363636ED
:1063F00036360836360D2737152B2DD12046BDE809
:106400003840FFF7CDBD856FB0F886309D4214D27D
:10641000C3681B8AB5FBF3F203FB12556DB9302339
:1064200083F311882B462A462946FFF733FE85F36E
:1064300011880A2384F870300EE0142384F8703039
:10644000302383F31188002320461A461946FFF7AC
:106450000FFE002383F3118838BDC36F03B1984743
:10646000A36823F00113A3600023A367E2E7000001
:1064700010B590F870300446142B1ED00CD8062BA3
:1064800005D001D81BB110BD0A3B012BFBD820461B
:10649000BDE81040FFF784BD152BF4D10B2380F825
:1064A0007030302383F3118800231A461946FFF712
:1064B000F1FD002383F31188E5E7C3689B695B68FE
:1064C000002BE0D1C36F03B19847A36823F00113F9
:1064D000A3600023A36784F87030D4E700238268A8
:1064E00080F8243083691B6899689142FBD25A680E
:1064F00003604260106058607047000000238268AB
:1065000080F8243083691B6899689142FBD85A68E7
:1065100003604260106058607047000008B508468C
:10652000302383F3118891F82430032B05D0042BFA
:106530000DD02BB983F3118808BD8B6A00221A6035
:106540004FF0FF338362FFF7C9FF0023F2E7D1E981
:10655000003213605A60F3E7034610B51B68984297
:1065600003D09C688A689442F8D25A680B604A60EB
:106570001160596010BD0000FFF7B0BF38B50B4B7C
:106580001C68DD6885F82400226853601A600122C7
:10659000DC60A36884F82420934201D101F020F943
:1065A00029462046BDE83840F9F72CBF883D002039
:1065B0000C4B30B5DD684B1C87B004460FD02B4622
:1065C000094A684600F0A2F92046FFF7D7FF009B72
:1065D00013B1684600F0A4F9A86A07B030BDFFF710
:1065E000CDFFF9E7883D00201D650008044B1A68BF
:1065F000DB6890689B68984294BF00200120704738
:10660000883D002038B50C4B1C68DD68226853605B
:106610001A600122DC6084F82420AB68934201D127
:1066200001F0E0F82846FFF769FF01462046BDE883
:106630003840F9F7E7BE00BF883D0020044B1A68D8
:10664000DB6892689B689A4201D9FFF7DBBF70470D
:10665000883D002038B50123084C00252370656073
:1066600002F02CFB02F056FB0549064802F034FC10
:106670000223237085F3118838BD00BF304000200D
:106680000C990008883D002000F080B9034A516849
:1066900053685B1A9842FBD8704700BF001000E0B7
:1066A0008B604B630023CA6100F128020B63022355
:1066B0000A618B840123886181F8263001F110037F
:1066C000C26A4A611360C36201F12C030846CB62BF
:1066D00070470000D0E90131026841F8183CA1F18F
:1066E0009C033839CB60036941F8243C436941F885
:1066F000203C034B41F8043CC3680248FFF7D0BF7D
:106700001D040008883D002008B5FFF7E3FFBDE841
:106710000840FFF731BF000038B50E4BDC6804F1CC
:106720002C05A062E06AA8420FD194F826303BB94C
:1067300094F825309B0702BFD4E9043213605A60F5
:106740000F20BDE83840FFF719BF0368E362FFF789
:1067500013FFE7E7883D0020302383F31188FFF71C
:10676000DBBF000008B50146302383F31188082001
:10677000FFF71EFF002383F3118808BD054BDB687C
:1067800021B1036098620320FFF712BF4FF0FF3082
:10679000704700BF883D002003682BB100220260D3
:1067A00018469962FFF7E8BE70470000064BDB68A9
:1067B00039B1426818605A60136043600420FFF7E3
:1067C000F7BE4FF0FF307047883D002003689842C5
:1067D00006D01A680260506018469962FFF7CCBE76
:1067E0007047000038B504460D462068844200D149
:1067F00038BD036823605C608562FFF7BDFEF4E787
:10680000036810B59C68A2420CD85C688A600B6073
:106810004C602160596099688A1A9A604FF0FF3382
:10682000836010BD121B1B68ECE700000A2938BF0B
:106830000A2170B504460D460A26601902F038FA9E
:1068400002F020FA041BA54203D8751C04462E460C
:10685000F3E70A2E04D90120BDE8704002F004BC21
:1068600070BD0000F8B5144B0D460A2A4FF00A0718
:10687000D96103F11001826038BF0A2241601969B1
:106880001446016048601861A81802F001FA02F08D
:10689000F9F9431B0646A34206D37C1C2819274658
:1068A000354602F005FAF2E70A2F04D90120BDE8C7
:1068B000F84002F0D9BBF8BD883D0020F8B5064687
:1068C0000D4602F0DFF90F4A134653F8107F9F423E
:1068D00006D12A4601463046BDE8F840FFF7C2BF60
:1068E000D169BB68441A2C1928BF2C46A34202D98F
:1068F0002946FFF79BFF224631460348BDE8F84092
:10690000FFF77EBF883D0020983D0020C0E90323AB
:10691000002310B45DF8044B4361FFF7CFBF0000C4
:1069200010B5194C236998420DD08168D0E9003226
:1069300013605A609A680A449A60002303604FF01B
:10694000FF33A36110BD0268234643F8102F536044
:106950000022026022699A4203D1BDE8104002F091
:10696000A1B9936881680B44936002F08BF92269A6
:10697000E1699268441AA242E4D91144BDE810408A
:10698000091AFFF753BF00BF883D00202DE9F047EB
:10699000DFF8BC8008F110072C4ED8F8105002F038
:1069A00071F9D8F81C40AA68031B9A423ED81444D7
:1069B0004FF00009D5E90032C8F81C4013605A6056
:1069C000C5F80090D8F81030B34201D102F06AF94E
:1069D00089F31188D5E9033128469847302383F39A
:1069E00011886B69002BD8D002F04CF96A69A0EBD2
:1069F000040982464A450DD2022002F035FB0022EE
:106A0000D8F81030B34208D151462846BDE8F047C7
:106A1000FFF728BF121A2244F2E712EB09092946B0
:106A2000384638BF4A46FFF7EBFEB5E7D8F81030D6
:106A3000B34208D01444C8F81C00211AA960BDE86C
:106A4000F047FFF7F3BEBDE8F08700BF983D002098
:106A5000883D002038B502F015F9054AD2E908450D
:106A6000031B181945F10001C2E9080138BD00BF38
:106A7000883D002010B560B9074804790368053CDB
:106A80009B6818BF0124984708B144F004042046CD
:106A900010BD0124FBE700BFC0360020FFF7EABFAE
:106AA0002DE9F047884617469A460446B0B90D4E80
:106AB0003579052D05D003240DE0013D15F0FF05C6
:106AC0000ED03268534639463046D2F814904246CA
:106AD000C8470028F1D12046BDE8F0870424FAE732
:106AE0000124F8E7C03600202DE9F0478846174614
:106AF0009A460446B0B90D4E3579052D05D00324CC
:106B00000DE0013D15F0FF050ED0326853463946C1
:106B10003046D2F818904246C8470028F1D12046A6
:106B2000BDE8F0870424FAE70124F8E7C036002026
:106B300037B50C46154670B951B101290BD107483C
:106B4000694603681B6A984710B9019B04462B608D
:106B5000204603B030BD0424FAE700BFC036002051
:106B600000207047FEE70000704700004FF0FF3044
:106B7000704700004B6843608B688360CB68C360DC
:106B80000B6943614B6903628B6943620B68036065
:106B90007047000008B53C4B40F2FF713B48D3F80A
:106BA00088200A43C3F88820D3F8882022F4FF62A3
:106BB00022F00702C3F88820D3F88820D3F8E02019
:106BC0000A43C3F8E020D3F808210A43C3F8082198
:106BD0002F4AD3F808311146FFF7CCFF00F580604B
:106BE00002F11C01FFF7C6FF00F5806002F13801D9
:106BF000FFF7C0FF00F5806002F15401FFF7BAFF14
:106C000000F5806002F17001FFF7B4FF00F58060CD
:106C100002F18C01FFF7AEFF00F5806002F1A801E0
:106C2000FFF7A8FF00F5806002F1C401FFF7A2FFA3
:106C300000F5806002F1E001FFF79CFF00F5806045
:106C400002F1FC01FFF796FF02F58C7100F5806000
:106C5000FFF790FF01F0DEFC0E4BD3F8902242F0DC
:106C60000102C3F89022D3F8942242F00102C3F843
:106C700094220522C3F898204FF06052C3F89C205C
:106C8000054AC3F8A02008BD00440258000002587D
:106C90002099000800ED00E01F00080308B501F08E
:106CA000B3FDFFF7D7FC104BD3F8DC2042F04002D5
:106CB000C3F8DC20D3F8042122F04002C3F80421F9
:106CC000D3F80431094B1A6842F008021A601A68B6
:106CD00042F004021A6000F06DFD00F043FBBDE8D5
:106CE000084000F0B5B800BF004402580018024840
:106CF00001207047002070477047000002290CD027
:106D0000032904D00129074818BF00207047032A2F
:106D100005D8054800EBC2007047044870470020C2
:106D2000704700BF189B00084C220020CC9A000836
:106D300070B59AB005460846144601A900F0C2F89D
:106D400001A8FAF7EFFF431C0022C6B25B00104611
:106D5000C5E9003423700323023404F8013C01AB7D
:106D6000D1B202348E4201D81AB070BD13F8011BA3
:106D7000013204F8010C04F8021CF1E708B53023D5
:106D800083F311880348FFF77FF8002383F311880A
:106D900008BD00BF3840002090F8803003F01F028B
:106DA000012A07D190F881200B2A03D10023C0E9E2
:106DB0001D3315E003F06003202B08D1B0F88430B8
:106DC0002BB990F88120212A03D81F2A04D8FFF775
:106DD0003DB8222AEBD0FAE7034A426707228267CE
:106DE000C3670120704700BF4322002007B5052973
:106DF00017D8DFE801F0191603191920302383F39F
:106E00001188104A01210190FFF708F90198022129
:106E10000D4AFFF703F90D48FFF702F8002383F34B
:106E2000118803B05DF804FB302383F31188074811
:106E3000FEF7CCFFF2E7302383F311880348FEF717
:106E4000E3FFEBE76C9A0008909A000838400020B6
:106E500038B50C4D0C4C2A460C4904F10800FFF7DC
:106E600067FF05F1CA0204F110000949FFF760FF4E
:106E700005F5CA7204F118000649BDE83840FFF76D
:106E800057BF00BF105900204C220020549A000820
:106E90005B9A0008639A000870B5044608460D46E0
:106EA000FAF740FFC6B22046013403780BB9184602
:106EB00070BD32462946FAF721FF0028F3D10120A0
:106EC000F6E700002DE9F84F05460C46FAF72AFFD1
:106ED0002D49C6B22846FFF7DFFF08B10436F6B2E7
:106EE0002A492846FFF7D8FF08B11036F6B2632EBC
:106EF0000DD8DFF89490DFF894A0DFF89C80DFF8DD
:106F00009CB0234F2E7846B92670BDE8F88F2946ED
:106F10002046BDE8F84F02F045B9252E30D10722B2
:106F200049462846FAF7EAFE70B93B6807350B3444
:106F300044F80B3C7B6844F8073C3B8924F8033C4D
:106F4000BB7A04F8013CDDE7082251462846FAF7EF
:106F5000D5FEA8B9A21C0F4B19780232090911F805
:106F6000081002F8041C13F8011B01F00F015B4527
:106F700011F8081002F8031CEED118340835C1E7E7
:106F8000013504F8016BBDE7389B0008639A0008DF
:106F9000409B000800E8F11F4C9B00080CE8F11F23
:106FA000BFF34F8F044B1A695107FCD1D3F810215E
:106FB0005207F8D1704700BF0020005208B50D4BB2
:106FC0001B78ABB9FFF7ECFF0B4BDA68D10704D5A0
:106FD0000A4A5A6002F188325A60D3F80C21D2076B
:106FE00006D5064AC3F8042102F18832C3F8042109
:106FF00008BD00BF6E5B00200020005223016745E2
:1070000008B5114B1B78F3B9104B1A69510703D51A
:10701000DA6842F04002DA60D3F81021520705D551
:10702000D3F80C2142F04002C3F80C21FFF7B8FF5F
:10703000064BDA6842F00102DA60D3F80C2142F024
:107040000102C3F80C2108BD6E5B00200020005235
:107050000F289ABF00F580604004002070470000B0
:107060004FF4003070470000102070470F2808B51B
:107070000BD8FFF7EDFF00F500330268013204D1B1
:1070800004308342F9D1012008BD0020FCE7000054
:107090000F2838B505463FD8FFF782FF1F4CFFF792
:1070A0008DFF4FF0FF3307286361C4F814311DD8FA
:1070B0002361FFF775FF030243F02403E360E368F5
:1070C00043F08003E36023695A07FCD42846FFF7A6
:1070D00067FFFFF7BDFF4FF4003100F09BFA284631
:1070E000FFF78EFFBDE83840FFF7C0BFC4F810318E
:1070F000FFF756FFA0F108031B0243F02403C4F876
:107100000C31D4F80C3143F08003C4F80C31D4F8BE
:1071100010315B07FBD4D9E7002038BD00200052B6
:107120002DE9F84F04460D46104644EA0203DE06F8
:1071300002D00020BDE8F88F20F01F00DFF8D4B0A7
:10714000DFF8D4A0FFF73AFF05EB0008454503D16F
:107150000120FFF755FFEDE720222946204601F0E8
:10716000E9FF10B920342035F0E7234604F120026E
:107170001F68791CDDD104339342F9D104F17843BF
:107180002048214EB3F5801F204B38BF184603F12D
:10719000F80332BFD946D1461E46FFF701FF07600C
:1071A000A4EB050C336805F11C0143F002033360C6
:1071B0002B1FD9F8007017F00507FAD153F8042FE8
:1071C0008B424CF80320F4D1BFF34F8FFFF7E8FE5A
:1071D0004FF0FF330360336823F002033360BFF3E3
:1071E0004F8F0B4BC3F85C42BFF34F8FBFF36F8FD2
:1071F00020222946204601F09DFF0028B2D03846C3
:10720000A7E700BF142100520C20005214200052A6
:1072100000ED00E0102000521021005210B5084C83
:10722000237828B11BB9FFF7C9FE0123237010BDD5
:10723000002BFCD02070BDE81040FFF7E1BE00BF7E
:107240006E5B00202DE9F04F0D4685B0814658B1A8
:1072500011F00D0614BF2022082211F0080301933B
:1072600004D0431E034269D0002435E0002E37D0FD
:1072700009F11F0121F01F094FF00108314F05F0FE
:107280000403DFF8CCA005EA080BBBF1000F32D0F5
:107290007869C0072FD408F101080C37B8F1060F40
:1072A000F3D19EB9284D4946A819019201F054FD29
:1072B0000446002839D12036019AA02EF3D1494640
:1072C00001F04AFD044600282FD1019A49461F4883
:1072D00001F042FD044660BB204605B0BDE8F08FDA
:1072E0000029C9D101462846029201F035FD044625
:1072F000D8B9029AC0E713B178694107CBD5AC077A
:1073000002D578698007C6D5019911B1786901075E
:10731000C1D549460AEB4810CDE9022301F01CFD16
:107320000446DDE902230028B5D04A460021204664
:1073300001E04A460021FAF7FDFCCDE70246002EA7
:1073400096D199E7609B0008B05B0020705B00203D
:10735000905B00200021FFF775BF00000121FFF7BF
:1073600071BF000000231A4670B51A600433B3F5EC
:10737000806FFAD1104D0124104E06EB44100134F9
:107380002A6955F80C1F01F0D3FC062CF5D13725DE
:107390004FF4C0542046FFF7E1FF014628B12246D2
:1073A0000748BDE8704001F0C3BCC4EBC404013D14
:1073B0004FEAD404EED170BD609B0008905B0020C2
:1073C000705B00200421FFF73DBF00004843FFF73A
:1073D000C1BF000008B101F039BD7047B0F5805F52
:1073E00010B5044607D8FFF7EDFF28B92046BDE8E1
:1073F0001040FFF7AFBF002010BD0000FFF7EABF4D
:1074000070B5AAB140EA010313F01F030FD1094C74
:107410000144A5686D0706D52568A84203D36668B0
:107420003544A94204D903330C34122BF1D1002284
:10743000104670BD609B000808B501F01DFE034AB0
:10744000D2E90032C01842EB010108BD505C0020B7
:10745000434BD3E900232DE9F34113437CD0FFF7DD
:10746000EBFF404A00230027F8F7E6FF06460D46EB
:107470003D4A0023F8F7E0FF002314463046294632
:10748000394AF8F7D9FF4FF461613C23ADF8017038
:10749000B4FBF1F5B4FBF3F601FB154103FB164613
:1074A0004624B1FBF3F1314BF6B28DF8004098421F
:1074B0003CD84FF0640C4FF4C87EA30704F26C7202
:1074C00025D1B2FBFCF30CFB132313BBB2FBFEF381
:1074D0000EFB1322B2FA82F35B0903F26D18621CF1
:1074E0008045D2B217D90FB18DF800400022204C50
:1074F0004FF00C0C17460CFB0343D4B2013213F8C7
:1075000004C084450CD8A0EB0C000127F5E700234C
:10751000E3E70123E1E7A0EB080014460127CCE7ED
:107520000FB18DF80140431C8DF802309DF8010029
:10753000431C9DF800005038400640EA43509DF837
:10754000023040EA034040EA560040EAC52040EAE3
:10755000411002B0BDE8F0814FF40410F9E700BF1C
:10756000505C002040420F008051010090230B002E
:10757000A89B00080244074BD2B210B5904200D13C
:1075800010BD441C00B253F8200041F8040BE0B2D7
:10759000F4E700BF504000580E4B30B51C6F240478
:1075A00005D41C6F1C671C6F44F400441C670A4C14
:1075B00002442368D2B243F480732360074B9042A5
:1075C00000D130BD441C51F8045B00B243F8205098
:1075D000E0B2F4E700440258004802585040005816
:1075E00007B5012201A90020FFF7C4FF019803B0ED
:1075F0005DF804FB13B50446FFF7F2FFA04205D087
:10760000012201A900200194FFF7C6FF02B010BDBE
:10761000704700000144BFF34F8F064B884204D3EC
:10762000BFF34F8FBFF36F8F7047C3F85C022030FA
:10763000F4E700BF00ED00E00144BFF34F8F064BBD
:10764000884204D3BFF34F8FBFF36F8F7047C3F8E7
:1076500070022030F4E700BF00ED00E070B5054691
:1076600016460C4601201021FFF7B0FE2860467335
:107670003CB1204636B1FFF7A5FE2B68186000B17B
:107680009C6070BDFFF76AFEF7E70000F8B50F4693
:107690001546044648B905F11F010126386821F056
:1076A0001F01FFF7B7FF3046F8BD427B2946386817
:1076B000FFF7A6FE06460028EDD13B686360A3688D
:1076C000AB4210D213B12068FFF784FE637B2846DB
:1076D0002BB1FFF777FE206020B9A060E3E7FFF74A
:1076E0003DFEF8E7A560206805F11F01012621F0A5
:1076F0001F013860FFF78EFF2673D4E770B50E4682
:1077000002F11F010446154621F01F013046FFF724
:1077100093FF4CB12168B14206D1606810B12A468E
:10772000FAF7E2FA0023237370BD0000F8B50F46A4
:107730001446054648B904F11F010126386821F0B6
:107740001F01FFF779FF3046F8BD427B21463868BC
:10775000FFF756FE06460028EDD1AB68A34210D2D3
:1077600013B12868FFF736FE6B7B20462BB1FFF77D
:1077700029FE286020B9A860E5E7FFF7EFFDF8E7EC
:10778000AC60396819B122462868FAF7ADFA286862
:1077900004F11F01012621F01F013860FFF74CFFA3
:1077A0002E73D0E720B103688B4204BF002303731C
:1077B00070470000034B1A681AB9034AD2F8D02464
:1077C0001A607047585C00200040025808B5FFF767
:1077D000F1FF024B1868C0F3806008BD585C0020C0
:1077E0007047000070470000EFF3098305496833D4
:1077F0004A6B22F001024A6383F30988002383F372
:107800001188704700EF00E0302080F3118862B6E5
:107810000D4B0E4AD96821F4E0610904090C0A43B2
:107820000B49DA60D3F8FC2042F08072C3F8FC20E8
:10783000084AC2F8B01F116841F00101116020220E
:10784000DA7783F82200704700ED00E00003FA05C4
:1078500055CEACC5001000E0302310B583F311887D
:107860000E4B5B6813F4006314D0F1EE103AEFF3A3
:1078700009844FF08073683CE361094BDB6B23663E
:1078800084F30988FEF7B2FE10B1064BA36110BD68
:10789000054BFBE783F31188F9E700BF00ED00E03B
:1078A00000EF00E02F0400083204000870B5BFF3B9
:1078B0004F8FBFF36F8F1A4A0021C2F85012BFF3E7
:1078C0004F8FBFF36F8F536943F400335361BFF39E
:1078D0004F8FBFF36F8FC2F88410BFF34F8FD2F872
:1078E000803043F6E074C3F3C900C3F34E335B0149
:1078F00003EA0406014646EA81750139C2F860527E
:10790000F9D2203B13F1200FF2D1BFF34F8F53690F
:1079100043F480335361BFF34F8FBFF36F8F70BD5C
:1079200000ED00E0FEE70000214B2248224A70B53E
:10793000904237D3214BC11EDA1C121A22F00302E7
:107940008B4238BF00220021FAF7F4F91C4A0023C9
:10795000C2F88430BFF34F8FD2F8803043F6E07422
:10796000C3F3C900C3F34E335B0103EA04060146C7
:1079700046EA81750139C2F86C52F9D2203B13F105
:10798000200FF2D1BFF34F8FBFF36F8FBFF34F8F35
:10799000BFF36F8F0023C2F85032BFF34F8FBFF396
:1079A0006F8F70BD53F8041B40F8041BC0E700BF85
:1079B000A49C0008D45D0020D45D0020D45D00208C
:1079C00000ED00E0074BD3F8D81021EA0001C3F81E
:1079D000D810D3F8002122EA0002C3F80021D3F81E
:1079E000003170470044025870B5D0E924430022AA
:1079F0004FF0FF359E6804EB42135101D3F80009A4
:107A0000002805DAD3F8000940F08040C3F80009E7
:107A1000D3F8000B002805DAD3F8000B40F08040C3
:107A2000C3F8000B013263189642C3F80859C3F833
:107A3000085BE0D24FF00113C4F81C3870BD0000A1
:107A4000F0B5D0E9246301250C309F6800231A4665
:107A500050F8041B59B18C6924B103F1100405FAE4
:107A600004F42243496911B105FA03F10A430133D1
:107A70009F42EDD2C6F81C28F0BD0000890141F0FC
:107A80002001016103699B06FCD41220FEF7FEBDB4
:107A900010B50A4C2046FEF79FFA094BC4F8903007
:107AA000084BC4F89430084C2046FEF795FA074B73
:107AB000C4F89030064BC4F8943010BD5C5C0020D4
:107AC00000000840E49B0008F85C0020000004402F
:107AD000F09B000870B503780546012B5CD1434B41
:107AE000D0F89040984258D1414B0E216520D3F8F0
:107AF000D82042F00062C3F8D820D3F8002142F029
:107B00000062C3F80021D3F80021D3F8802042F0AE
:107B10000062C3F88020D3F8802022F00062C3F80E
:107B20008020D3F88030FDF73FFC324BE360324BCE
:107B3000C4F800380023D5F89060C4F8003EC02394
:107B400023604FF40413A3633369002BFCDA012391
:107B50000C203361FEF79AFD3369DB07FCD4122059
:107B6000FEF794FD3369002BFCDA00262846A66058
:107B7000FFF73AFF6B68C4F81068DB68C4F8146854
:107B8000C4F81C6883BB1D4BA3614FF0FF336361D6
:107B9000A36843F00103A36070BD194B9842C9D19B
:107BA000134B4FF08060D3F8D82042F00072C3F836
:107BB000D820D3F8002142F00072C3F80021D3F896
:107BC0000021D3F8802042F00072C3F88020D3F85F
:107BD000802022F00072C3F88020D3F88030FFF7B5
:107BE000F1FE0E214D209EE7064BCDE75C5C0020A8
:107BF000004402584014004003002002003C30C002
:107C0000F85C0020083C30C0F8B5D0F8904005463C
:107C100000214FF000662046FFF730FFD5F89410A2
:107C200000234FF001128F684FF0FF30C4F8343852
:107C3000C4F81C2804EB431201339F42C2F80069C8
:107C4000C2F8006BC2F80809C2F8080BF2D20B6840
:107C5000D5F89020C5F89830636210231361166937
:107C600016F01006FBD11220FEF710FDD4F80038F4
:107C700023F4FE63C4F80038A36943F4402343F0BF
:107C80001003A3610123C4F810380923C4F8143881
:107C90000B4BEB604FF0C043C4F8103B094BC4F8EA
:107CA000003BC4F81069C4F80039D5F8983003F1E6
:107CB000100243F48013C5F89820A362F8BD00BFFA
:107CC000C09B000840800010D0F8902090F88A10E7
:107CD000D2F8003823F4FE6343EA0113C2F80038F7
:107CE000704700002DE9F84300EB8103D0F8905075
:107CF0000C468046DA680FFA81F94801166806F0EA
:107D00000306731E022B05EB41134FF0000194BFD5
:107D1000B604384EC3F8101B4FF0010104F11003F4
:107D200098BF06F1805601FA03F3916998BF06F5F2
:107D3000004600293AD0578A04F1580137434901D7
:107D40006F50D5F81C180B430021C5F81C382B18B0
:107D50000127C3F81019A7405369611E9BB3138A0A
:107D6000928B9B08012A88BF5343D8F89820981813
:107D700042EA034301F140022146C8F89800284630
:107D800005EB82025360FFF779FE08EB8900C368B8
:107D90001B8A43EA845348341E4364012E51D5F8AC
:107DA0001C381F43C5F81C78BDE8F88305EB49175C
:107DB000D7F8001B21F40041C7F8001BD5F81C18A8
:107DC00021EA0303C0E704F13F030B4A284621469A
:107DD00005EB83035A60FFF751FE05EB4910D0F81D
:107DE000003923F40043C0F80039D5F81C3823EAE1
:107DF0000707D7E70080001000040002D0F89420A5
:107E00001268C0F89820FFF7EFBD00005831D0F895
:107E1000903049015B5813F4004004D013F4001F64
:107E20000CBF0220012070474831D0F89030490142
:107E30005B5813F4004004D013F4001F0CBF022061
:107E40000120704700EB8101CB68196A0B68136051
:107E50004B6853607047000000EB810330B5DD686C
:107E6000AA691368D36019B9402B84BF40231360FB
:107E70006B8A1468D0F890201C4402EB4110013C3E
:107E800009B2B4FBF3F46343033323F0030343EA7F
:107E9000C44343F0C043C0F8103B2B6803F0030316
:107EA000012B0ED1D2F8083802EB411013F4807F79
:107EB000D0F8003B14BF43F0805343F00053C0F8A8
:107EC000003B02EB4112D2F8003B43F00443C2F8FE
:107ED000003B30BD2DE9F041D0F8906005460C46DE
:107EE00006EB4113D3F8087B3A07C3F8087B08D5A3
:107EF000D6F814381B0704D500EB8103DB685B68F8
:107F00009847FA071FD5D6F81438DB071BD505EBC1
:107F10008403D968CCB98B69488A5A68B2FBF0F6F9
:107F200000FB16228AB91868DA6890420DD2121A3C
:107F3000C3E90024302383F3118821462846FFF744
:107F40008BFF84F31188BDE8F081012303FA04F26A
:107F50006B8923EA02036B81CB68002BF3D02146A7
:107F60002846BDE8F041184700EB81034A0170B58F
:107F7000DD68D0F890306C692668E66056BB1A441C
:107F80004FF40020C2F810092A6802F00302012A07
:107F90000AB20ED1D3F8080803EB421410F4807F24
:107FA000D4F8000914BF40F0805040F00050C4F8ED
:107FB000000903EB4212D2F8000940F00440C2F875
:107FC00000090122D3F8340802FA01F10143C3F891
:107FD000341870BD19B9402E84BF4020206020683D
:107FE0001A442E8A8419013CB4FBF6F440EAC440DA
:107FF00040F00050C6E700002DE9F84FD0F890603F
:1080000005460C464F0106EB4113D3F8088918F0DA
:10801000010FC3F808891CD0D6F81038DB0718D533
:1080200000EB8103D3F80CC0DCF81430D3F800E087
:10803000DA68964533D2A2EB0E024FF000091A60BF
:10804000C3F80490302383F31188FFF78DFF89F381
:10805000118818F0800F20D0D6F834380126A640B9
:1080600033421AD005EB84030134D5F890506FF0F9
:108070000308D3F80CC0E4B22F44DCF8140005EB7D
:108080000434D0F800E0D0F80490F14514D3D5F8CA
:10809000343823EA0606C5F83468BDE8F88F0123B2
:1080A00003FA01F2038923EA02030381DCF80830B2
:1080B000002BCED09847CCE7AEEB0903BCF81020DC
:1080C000934228BF1346D7F8182992B2B3EB820F18
:1080D000E3D88268194602EB030B0329ABEB010AD4
:1080E0001CD84FEA930A23F0030B08FB0A31934490
:1080F00079B1022918D0032918D19BF8021009047C
:108100009BF801B041EA0B2112F82AA04AEA0101CA
:1081100021601A444B4482604360B4E7DAF800A05F
:108120000439C4F800A0D8E70021E9E70021EBE713
:108130002DE9F74F0446D0F890504FF040094FF02A
:10814000010A6F69AB691F4017F480586F6105D051
:10815000204603B0BDE8F04FFDF7AEBF002F15DAA3
:10816000D5F8003E9E0705D0D5F8003E23F0030366
:10817000C5F8003E2046FFF763FCD5F804382046DA
:1081800023F00103C5F80438FDF7C6FF380505D50F
:108190002046FFF729FC2046FDF7ACFFB9040CD5BB
:1081A000D5F8083813F0060FEB6823F470530CBFB2
:1081B00043F4105343F4A053EB603A071AD56368B5
:1081C000DB681BB9AB6923F00803AB612378052B8F
:1081D00008D1D5F8003E204623F00303C5F8003E41
:1081E000FDF79AFF2046FFF72BFC6368DB680BB1B5
:1081F00020469847FB026ED4BE0209D5D4F89020E1
:108200000026D4F89430F1B29B68994240F29B80EA
:108210003803D5F8186800F1B4807A0335D5F30730
:1082200003D500212046FFF7E7FEB00703D5012163
:108230002046FFF7E1FE710703D502212046FFF734
:10824000DBFE320703D503212046FFF7D5FEF306F8
:1082500003D504212046FFF7CFFEB00603D5052144
:108260002046FFF7C9FE710603D506212046FFF719
:10827000C3FE320603D507212046FFF7BDFEF305F6
:1082800003D508212046FFF7B7FEFE0619D5D4F81E
:108290009060336AC3F30A1203F00F0003F4F01383
:1082A000B3F5802F00F0B280B3F5402F09D104EB75
:1082B0008000002106F58056C3681B6A8A4240F0A0
:1082C0009880694B1F4203D0B9F101097FF439AF9F
:1082D00003B0BDE8F08FD4F890604FF0000BD4F8F5
:1082E00094205FFA8BF19268914285D806EB411297
:1082F000D2F8000900F44020B0F5802F20D1D2F848
:10830000000900281CDAD2F8000940F09040C2F8B9
:108310000009D2F800090028FBDBD4F89000019195
:10832000FFF7ACFB019920890AFA01F220EA020268
:10833000228104EB8102D26892680AB120469047FC
:108340000BF1010BCBE702EB4110D0F8003B03F43B
:108350004023B3F5802F12D1D0F8003B002B0EDA6A
:1083600060890AFA01F320EA0303638104EB8103C5
:10837000DB68DB681BB1204601929847019A013601
:108380003FE7F10303D500212046FFF7A3FDB20329
:1083900003D501212046FFF79DFD730303D502217C
:1083A0002046FFF797FD300303D503212046FFF752
:1083B00091FDF10203D504212046FFF78BFDB202A7
:1083C00003D505212046FFF785FD730203D506215D
:1083D0002046FFF77FFD300203D507212046FFF737
:1083E00079FDF1017FF519AF08212046FFF772FDF5
:1083F00013E7880701D1D6F80080072901F10101B0
:108400009CBF03F8018B4FEA182857E704EB800E56
:108410004FF0000C06F58056DEF80C309969D1E972
:1084200000038968C31A624510D1DEF80C1093422C
:108430008869D0E901168BBFB618F61852185B1878
:1084400087BF86604260866043603AE71CF0030F96
:1084500001D1D6F8008063450CF1010C84BF01F80E
:10846000018B4FEA1828DEE73000000408B5034806
:10847000FFF75EFEBDE80840FFF7EEB95C5C002048
:1084800008B50348FFF754FEBDE80840FFF7E4B91C
:10849000F85C0020D0F8903003EB4111D1F8003B9C
:1084A00043F40013C1F8003B70470000D0F890304F
:1084B00003EB4111D1F8003943F40013C1F800393E
:1084C00070470000D0F8903003EB4111D1F8003B29
:1084D00023F40013C1F8003B70470000D0F890303F
:1084E00003EB4111D1F8003923F40013C1F800392E
:1084F00070470000064BD3F8DC200243C3F8DC20B1
:10850000D3F804211043C3F80401D3F804317047B1
:108510000044025808B53E4B4FF0FF31D3F880209D
:1085200062F00042C3F88020D3F8802002F00042BD
:10853000C3F88020D3F88020D3F88420C3F88410B7
:10854000D3F884200022C3F88420D3F88400D86FA5
:1085500040F0FF4040F4FF0040F4DF4040F07F0077
:10856000D867D86F20F0FF4020F4FF0020F4DF40F0
:1085700020F07F00D867D86FD3F888006FEA4050AA
:108580006FEA5050C3F88800D3F88800C0F30A009F
:10859000C3F88800D3F88800D3F89000C3F890108F
:1085A000D3F89000C3F89020D3F89000D3F894004B
:1085B000C3F89410D3F89400C3F89420D3F894002F
:1085C000D3F89800C3F89810D3F89800C3F898200F
:1085D000D3F89800D3F88C00C3F88C10D3F88C1023
:1085E000C3F88C20D3F88C20D3F89C2062F00202D0
:1085F000C3F89C20D3F89C2002F00202C3F89C2010
:10860000D3F89C30FCF7DCF9BDE8084000F0E8B88E
:108610000044025808B50122534BC3F80821534BBC
:10862000D3F8F42042F00202C3F8F420D3F81C215E
:1086300042F00202C3F81C210222D3F81C314C4B39
:10864000DA605A689104FCD54A4A1A6001229A609D
:10865000494ADA6000221A614FF440429A61444B61
:108660009A699204FCD51A6842F480721A603F4BF2
:108670001A6F12F4407F04D04FF480321A67002240
:108680001A671A6842F001021A60384B1A685007DC
:10869000FCD500221A611A6912F03802FBD10121BF
:1086A00019604FF0804159605A67344ADA62344A9F
:1086B0001A611A6842F480321A602C4B1A689103CE
:1086C000FCD51A6842F480521A601A689204FCD5EC
:1086D0002C4A2D499A6200225A63196301F57C01E4
:1086E000DA6301F2E71199635A64284A1A64284A46
:1086F000DA621A6842F0A8521A601C4B1A6802F03B
:108700002852B2F1285FF9D148229A614FF4886269
:10871000DA6140221A621F4ADA641F4A1A651F4A48
:108720005A651F4A9A6532231E4A1360136803F084
:108730000F03022BFAD10D4A136943F003031361AF
:10874000136903F03803182BFAD14FF00050FFF7EC
:10875000D1FE4FF08040FFF7CDFE4FF00040BDE866
:108760000840FFF7C7BE00BF008000510044025818
:108770000048025800C000F0020000010000FF01A4
:10878000008890081210200063020901470E0508B6
:10879000DD0BBF0120000020000001100910E000E7
:1087A000000101100020005208B50348FCF7DEFC70
:1087B000BDE80840FFF750B8C036002008B50348B0
:1087C000FCF76EFDBDE80840FFF746B818390020F9
:1087D00008B500F099FCBDE80840FFF73DB800007F
:1087E00008B509217A20FCF7DFFD09217C20FCF780
:1087F000DBFD07213220FCF7D7FD0C212520BDE849
:108800000840FCF7D1BD000008B5FFF783FE00F07B
:108810004FFCFDF7DFF9FDF77DF9FDF7DBFBFDF719
:108820008BFAFEF769FABDE8084000F029BA0000AB
:1088300030B50433039C0172002103FB0425C160A1
:10884000C0E90653049B0363059BC0E90000C0E92F
:108850000422C0E90842C0E90A11436330BD0000A8
:108860000022416AC260C0E90411C0E90A226FF027
:108870000101FDF7B7BF0000D0E90432934201D1F6
:10888000C2680AB9181D7047002070470369196053
:108890000021C2680132C260C269134482699342F6
:1088A000036124BF436A0361FDF790BF38B50446F6
:1088B0000D46E3683BB162690020131D1268A36294
:1088C0001344E36207E0237A33B929462046FDF7D3
:1088D0006DFF0028EDDA38BD6FF00100FBE7000006
:1088E000C368C269013BC360436913448269934210
:1088F000436124BF436A436100238362036B03B176
:108900001847704770B53023044683F31188866A90
:108910003EB9FFF7CBFF054618B186F3118828460C
:1089200070BDA36AE26A13F8015B9342A36202D3AB
:108930002046FFF7D5FF002383F31188EFE70000FF
:108940002DE9F84F04460E46174698464FF0300979
:1089500089F311880025AA46D4F828B0BBF1000F8E
:1089600009D141462046FFF7A1FF20B18BF31188C2
:108970002846BDE8F88FD4E90A12A7EB050B521A76
:10898000934528BF9346BBF1400F1BD9334601F1F5
:10899000400251F8040B914243F8040BF9D1A36A49
:1089A000403640354033A362D4E90A239A4202D3C9
:1089B0002046FFF795FF8AF31188BD42D8D289F38C
:1089C0001188C9E730465A46F9F78EF9A36A5E4422
:1089D0005D445B44A362E7E710B5029C0433017277
:1089E00003FB0421C460C0E906130023C0E90A3375
:1089F000039B0363049BC0E90000C0E90422C0E9B3
:108A00000842436310BD0000026A6FF00101C260BA
:108A1000426AC0E904220022C0E90A22FDF7E2BE50
:108A2000D0E904239A4201D1C26822B9184650F80D
:108A3000043B0B60704700231846FAE7C368002127
:108A4000C2690133C360436913448269934243613D
:108A500024BF436A4361FDF7B9BE000038B5044640
:108A60000D46E3683BB1236900201A1DA262E2694A
:108A70001344E36207E0237A33B929462046FDF721
:108A800095FE0028EDDA38BD6FF00100FBE700002D
:108A900003691960C268013AC260C26913448269FD
:108AA0009342036124BF436A036100238362036B23
:108AB00003B118477047000070B530230D460446D7
:108AC000114683F31188866A2EB9FFF7C7FF10B1EC
:108AD00086F3118870BDA36A1D70A36AE26A013330
:108AE0009342A36204D3E16920460439FFF7D0FF23
:108AF000002080F31188EDE72DE9F84F04460D467C
:108B0000904699464FF0300A8AF311880026B34602
:108B1000A76A4FB949462046FFF7A0FF20B187F367
:108B200011883046BDE8F88FD4E90A073A1AA8EB55
:108B30000607974228BF1746402F1BD905F140036F
:108B400055F8042B9D4240F8042BF9D1A36A403616
:108B50004033A362D4E90A239A4204D3E169204650
:108B60000439FFF795FF8BF311884645D9D28AF374
:108B70001188CDE729463A46F9F7B6F8A36A3D448D
:108B80003E443B44A362E5E7D0E904239A4217D16F
:108B9000C3689BB1836A8BB1043B9B1A0ED01360F0
:108BA000C368013BC360C3691A4483699A42026186
:108BB00024BF436A03610023836201231846704780
:108BC0000023FBE701F01F03F0B502F01F04560974
:108BD0005A1C0123B6EB511F50F8265003FA02F33A
:108BE0004FEA511703F1FF333DBF50F82720C4F17E
:108BF0002000134003EA05003BBF03FA00F225FA08
:108C000004F0E0401043F0BD70B57E227F210546A0
:108C1000FFF7D8FF18B1012819D0002070BD3E22FF
:108C200049212846FFF7CEFF2F220446312128464E
:108C3000FFF7C8FF0646013450220236532128466A
:108C4000B440FFF7BFFF093804FA00F0E6E730222E
:108C500045212846FFF7B6FF01308002DEE700001D
:108C600090F8D63090F8D7201B0403EB026390F8FD
:108C7000D42090F8D500134403EB00207047000087
:108C800000F018BA014B586A704700BF000C004052
:108C9000034B002258631A610222DA60704700BF5A
:108CA000000C0040014B0022DA607047000C0040CD
:108CB000014B5863704700BF000C0040024B034A51
:108CC0001A60034A5A607047AC5D0020D85D0020EE
:108CD00000000220094B70B5D3E90054661BB04276
:108CE00009D8201A49420840821A954203D8944272
:108CF00001D35A6070BD0020FCE700BFAC5D0020CE
:108D000008B5302383F31188FFF7E4FF002383F3D2
:108D1000118808BD0448054B03600023C0E90133F6
:108D20000C3000F01FB900BFB45D0020018D0008B9
:108D3000CB1D083A23F00703591A521A10B4D2086F
:108D40000024C0E9004384600C301C605A605DF868
:108D5000044B00F007B900002DE9F74FCC1D3A4F46
:108D60000E4624F00703002818BF0746994204D98D
:108D70000024204603B0BDE8F08F082A07F10C005C
:108D80004FEAD40438BF08220190904600F02CF935
:108D90003A1D019808F1070EC8F1000994461268BF
:108DA00072B900F02BF93B68002BE1D0E0000822FB
:108DB0004146984704460028DBD040E90276D8E7D0
:108DC00002EB0E01D2F804A001EA09010AF1010543
:108DD000A1F1080302EBC5059D42DFD9691AB4EB86
:108DE000E10F4FEAE10BD9D89A4219D202F10801FA
:108DF000A345A3EB01014FEAE101516009D9651CCC
:108E0000E44303EBC5015C444C60146843F835400F
:108E100011601C465E6044F8087B00F0EFF8A8E79C
:108E2000A245116803D1CCF800101346F1E70134D4
:108E300002EBC40342F8341003F108016D1AED107F
:108E40005D60CCF80030F0E7B45D002073B50446F7
:108E5000A0F1080550F8080C54F8043C061D0C302D
:108E600007330190DB0844F8043C00F0BDF83346BA
:108E700001989E421A6801D0AB4228D20AB19542AD
:108E800025D244F8082C54F8042C1D60013254F803
:108E9000081C05EBC206B14206D14E68324444F8C4
:108EA000042C0A6844F8082C5E68711C03EBC101AD
:108EB0008D4207D154F8042C013232445A6054F8E0
:108EC000082C1A6002B0BDE8704000F097B8134655
:108ED000CFE70000FEE7000070B51E4B00250446FA
:108EE00086B058600E4605638163FEF78DFC04F181
:108EF0002803A5606563C4E90A3304F11003C4E9DB
:108F000004334FF0FF33C4E90044C4E90635FFF7EA
:108F1000B9FE2B46024604F13C012046C4E9082371
:108F200080230D4A6567FDF7BBFB7368E0600B4A61
:108F300003620123009280F824306846F2680192AF
:108F40003269CDE90223064BCDE90435FDF7DCFBA0
:108F500006B070BD30400020049C0008FC9B000857
:108F6000D58E00080023C0E90000836003617047CC
:108F700070B51C4B05468468DE685CB3B44213D1FF
:108F800003690133036170BDA36094F8243083B199
:108F9000062B15D1A06A2146D4E9003213605A602D
:108FA000FDF7DAFAA36A9C68B368A2689A42EBD329
:108FB00006E0D4E90032204613605A60FDF7DCFA7F
:108FC00028463146FDF7C8FAB5620620BDE8704074
:108FD000FDF7D4BA0369866001330361336BC36064
:108FE0003063D0E7883D002008B5302383F3118833
:108FF000FFF7BEFF002383F3118808BD194BD96822
:1090000083688B4210B520D1302383F31188026925
:10901000013A0261B2B90468C368A0420B631ED072
:109020004A6B9BB901238A60036103681A68026076
:1090300050601A6B8360C26018631846FDF79CFA93
:10904000FDF7FCFA002383F3118810BD1C68A342CE
:1090500003D0A468A24238BF2246DB68E1E7826001
:10906000F0E700BF883D0020024A536B184350636D
:10907000704700BF883D002038B5EFF311859DB9DA
:10908000EFF30584C4F30804302334B183F311886B
:10909000FDF7E0FC85F3118838BD83F31188FDF7F7
:1090A000D9FC84F3118838BDBDE83840FDF7D2BC47
:1090B00070470000114BD3F8E82042F00802C3F8D3
:1090C000E820D3F8102142F00802C3F810210C4A1E
:1090D000D3F81031D36B43F00803D363C722094B95
:1090E0009A624FF0FF32DA6200229A615A63DA60C4
:1090F0005A6001225A611A60704700BF004402584A
:109100000010005C000C0040094A08B51169D368E2
:109110000B40D9B29B076FEA0101116107D53023DB
:1091200083F31188FDF7B0FA002383F3118808BD9B
:10913000000C004010B501390244904201D10020DA
:1091400005E0037811F8014FA34201D0181B10BDB0
:109150000130F2E7884210B501EB020402D98442E3
:10916000234607D8431EA14208D011F8012B03F86B
:10917000012FF8E7024401468A4200D110BD13F8DE
:10918000014D02F8014DF7E7C9B2034610F8012B73
:109190001AB18A42F9D118467047002918BF002336
:1091A000F9E70000034611F8012B03F8012B002A10
:1091B000F9D1704710B50139034632B111F8014FAA
:1091C00003F8014B013A002CF7D11A4400219342D5
:1091D00000D110BD03F8011BF9E7000030386139F8
:1091E000393732616262386565303237000000001D
:1091F0001210000012110000121300004D4435003F
:109200002D2D0A002F6172647570696C6F742E6168
:1092100062696E002F6172647570696C6F742D766F
:1092200065726966792E6162696E002F617264757C
:1092300070696C6F742D666C6173682E6162696E03
:10924000002F6172647570696C6F742D666C617348
:109250006865642E6162696E000000000000000015
:1092600000000000150F0008D90F000829110008A0
:10927000190F0008D10F00080000000000000000D6
:10928000110F0008E50F0008611100080D0F00081C
:10929000410F000853544D333248373F3F3F00538E
:1092A000544D3332483733782F3732780053544D8A
:1092B0003332483734332F3735332F3735300000CA
:1092C00001105A00031059000120580003205600D5
:1092D0002F0000005375636365737366756C6C795A
:1092E000206D6F756E746564205344436172642011
:1092F00028736C6F77646F776E3D2575290A0000BF
:10930000EB76904558464154202020004641543386
:1093100032202020000000002A3A3C3E7C223F7F81
:10932000002B2C3B3D5B5D00435545414141414392
:1093300045454549494941414592924F4F4F555501
:10934000594F554F9C4F9E9F41494F55A5A5A6A7E4
:10935000A8A9AAABACADAEAFB0B1B2B3B441414174
:10936000B8B9BABBBCBDBEBFC0C1C2C3C4C5414110
:10937000C8C9CACBCCCDCECFD1D145454549494945
:1093800049D9DADBDCDD49DF4FE14F4F4F4FE6E8EB
:10939000E85555555959EEEFF0F1F2F3F4F5F6F7BB
:1093A000F8F9FAFBFCFDFEFF01030507090E101298
:1093B0001416181C1E00000061001A03E0001703B9
:1093C000F8000703FF0001007801000130013201BD
:1093D0000601390110014A012E01790106018001BF
:1093E0004D004302810182018201840184018601D2
:1093F0008701870189018A018B018B018D018E0113
:109400008F0190019101910193019401F601960160
:109410009701980198013D029B019C019D0120024A
:109420009F01A001A001A201A201A401A401A60123
:10943000A701A701A901AA01AB01AC01AC01AE01D2
:10944000AF01AF01B101B201B301B301B501B50183
:10945000B701B801B801BA01BB01BC01BC01BE0132
:10946000F701C001C101C201C301C401C501C401AA
:10947000C701C801C701CA01CB01CA01CD01100152
:10948000DD0101008E01DE011201F3010300F10193
:10949000F401F401F8012801220212013A02090044
:1094A000652C3B023B023D02662C3F02400241021A
:1094B000410246020A015302400081018601550221
:1094C00089018A0158028F015A0290015C025D02F3
:1094D0005E025F029301610262029401640265020E
:1094E00066026702970196016A02622C6C026D02A5
:1094F0006E029C01700271029D01730274029F0151
:1095000076027702780279027A027B027C02642C6E
:109510007E027F02A60181028202A90184028502E5
:1095200086028702AE014402B101B20145028D02FA
:109530008E028F0290029102B7017B030300FD03AC
:10954000FE03FF03AC0304008603880389038A0338
:10955000B1031103C2030200A303A303C40308035E
:10956000CC0303008C038E038F03D8031801F2038E
:109570000A00F903F303F403F503F603F703F70313
:10958000F903FA03FA0330042003500410076004BF
:1095900022018A043601C1040E01CF040100C00477
:1095A000D004440161052604000000007D1D010077
:1095B000632C001E9601A01E5A01001F0806101FF2
:1095C0000606201F0806301F0806401F0606511F0A
:1095D0000700591F521F5B1F541F5D1F561F5F1F3F
:1095E000601F0806701F0E00BA1FBB1FC81FC91FCF
:1095F000CA1FCB1FDA1FDB1FF81FF91FEA1FEB1F63
:10960000FA1FFB1F801F0806901F0806A01F0806F0
:10961000B01F0400B81FB91FB21FBC1FCC1F010030
:10962000C31FD01F0206E01F0206E51F0100EC1F4A
:10963000F31F0100FC1F4E21010032217021100296
:10964000842101008321D0241A05302C2F04602CA2
:109650000201672C0601752C0201802C6401002D8B
:10966000260841FF1A030000C700FC00E900E200E1
:10967000E400E000E500E700EA00EB00E800EF00AE
:10968000EE00EC00C400C500C900E600C600F4000E
:10969000F600F200FB00F900FF00D600DC00F80045
:1096A000A300D800D7009201E100ED00F300FA001A
:1096B000F100D100AA00BA00BF00AE00AC00BD00AE
:1096C000BC00A100AB00BB0091259225932502258B
:1096D0002425C100C200C000A900632551255725DB
:1096E0005D25A200A5001025142534252C251C2558
:1096F00000253C25E300C3005A255425692566252D
:10970000602550256C25A400F000D000CA00CB00D5
:10971000C8003101CD00CE00CF0018250C258825CA
:109720008425A600CC008025D300DF00D400D20021
:10973000F500D500B500FE00DE00DA00DB00D90040
:10974000FD00DD00AF00B400AD00B1001720BE0089
:10975000B600A700F700B800B000A800B700B90035
:10976000B300B200A025A000100002400800024093
:109770000008024000000B002800024008000240E0
:109780000408024006010C004000024008000240AC
:109790000808024010020D00580002400800024074
:1097A0000C08024016030E00700002400C0002403C
:1097B0001008024000040F00880002400C00024024
:1097C0001408024006051000A00002400C000240F0
:1097D0001808024010061100B80002400C000240B8
:1097E0001C08024016072F00100402400804024023
:1097F0002008024000083800280402400804024003
:1098000024080240060939004004024008040240CE
:1098100028080240100A3A00580402400804024096
:109820002C080240160B3B00700402400C0402405E
:1098300030080240000C3C00880402400C04024046
:1098400034080240060D4400A00402400C0402400B
:1098500038080240100E4500B80402400C040240D3
:109860003C080240160F4600010000000000000006
:109870000096000000000000000000000000000052
:10988000000000000000000000000000F16C000873
:10989000F56C0008615800082558000819570008A1
:1098A0004557000871570008B9560008000000002D
:1098B000955B0008815B0008BD5B0008A95B0008A0
:1098C000B55B0008A15B00088D5B0008795B0008B0
:1098D000C95B000800000000AD5C0008995C00084E
:1098E000D55C0008C15C0008CD5C0008B95C0008CC
:1098F000A55C0008915C00082D5D000800000000D8
:10990000010000000000000063300000089900081A
:109910000000000000000000003E00203040002059
:109920000000A86A00000000AAAAAAAA0000166403
:10993000FFFF00000000000070A70A00800200A1E5
:1099400000000000AAAAAAAA40010051FFFF0000DF
:1099500000900900000000990000000000000000D5
:10996000AAAAAAAA00000000FFFF00000000000051
:109970000000000000A5100000000000AAAAAAAA8A
:1099800000451000FFFF0000000000BB00000000C9
:109990001001000000000000AAAAAAAA000000000E
:1099A000FFFF0000000000000000000000000000B9
:1099B00000000000AAAAAAAA00000000FFFF000001
:1099C0000000000000000000000000000000000097
:1099D000AAAAAAAA00000000FFFF000000000000E1
:1099E000000000000000000000000000AAAAAAAACF
:1099F00000000000FFFF0000000000000000000069
:109A00000000000000000000AAAAAAAA00000000AE
:109A1000FFFF000000000000000000000000000048
:109A200000000000AAAAAAAA00000000FFFF000090
:109A30000000000000000000000000000000000026
:109A4000AAAAAAAA00000000FFFF00000000000070
:109A50000000000054757374696E004D4143482D39
:109A6000424C002553455249414C2500020000005C
:109A700000000000D55E0008515F00084000400073
:109A8000E0580020F0580020020000000000000014
:109A900003000000000000009D5F000800000000BF
:109AA000100000000059002000000000010000002C
:109AB000000000005C5C002001010200ED6D000868
:109AC000FD6C0008996D00087D6D000843000000E2
:109AD000D49A000809024300020100C032090400C0
:109AE000000102020100052400100105240100010B
:109AF000042402020524060001070582030800FF72
:109B000009040100020A00000007050102400000EC
:109B1000070581024000000012000000209B0008A1
:109B20001201100102000040D0164215000201028D
:109B3000030100000403090425424F41524425005B
:109B400054555354494E5F4D4143480030313233F0
:109B50003435363738394142434445460000000029
:109B600000000020000002000200000000000030A1
:109B700000000400080000000000002400000800AD
:109B8000040000000004000000FC000002000000CF
:109B900000000430008000000800000000000038D1
:109BA00000000100010000001F1C1F1E1F1E1F1FC0
:109BB0001E1F1E1F1F1D1F1E1F1E1F1F1E1F1E1FBD
:109BC0000000000031610008D963000871640008DA
:109BD00040004000945D0020945D002001000000E2
:109BE000A45D00208000000040010000080000008B
:109BF00000010000001000000800000069646C65AE
:109C0000000000006D61696E002C063804043808FD
:109C10000C10141C20242526000000000000640401
:109C20000100040000000000000C00102830340087
:109C30003868FF7F01000000C90400000000000038
:109C400000001E0000000000FF000000384000205F
:109C500018390020000000009492000883040000DE
:109C60009F92000850040000AD920008010000001F
:109C700000000000009600000000080096000000B0
:109C80000008000004000000349B000800000000F1
:109C900000000000000000000000000000000000C4
:049CA00000000000C0
:00000001FF
