:020000040800F2
:1000000000060020E1020008E3020008E302000805
:10001000E3020008E3020008E3020008E30200082C
:10002000E3020008E3020008E30200088D71000803
:10003000E3020008E3020008E3020008E30200080C
:10004000E3020008E3020008E3020008E3020008FC
:10005000E3020008E3020008E3020008E3020008EC
:10006000E3020008E3020008E3020008A9460008D2
:10007000D1460008FD4600082947000855470008FA
:100080007D470008A9470008E3020008E3020008D2
:10009000E3020008E3020008E3020008E3020008AC
:1000A000E3020008E3020008E3020008E30200089C
:1000B000E3020008E3020008E3020008E30200088C
:1000C000E3020008E3020008E3020008E30200087C
:1000D000E3020008E3020008E3020008E30200086C
:1000E000E3020008E3020008E3020008E30200085C
:1000F000E3020008E3020008E3020008D547000815
:10010000E30200084D81000861810008E302000855
:10011000E3020008E3020008E3020008E30200082B
:10012000014800082948000855480008814800088F
:10013000AD480008E3020008E3020008E3020008FB
:10014000E3020008E3020008E3020008E3020008FB
:10015000D5480008014900082D490008E3020008BD
:10016000E3020008E3020008E3020008E3020008DB
:10017000E3020008257E0008E3020008E30200080D
:10018000E3020008E3020008E3020008E3020008BB
:10019000E3020008E3020008E3020008E3020008AB
:1001A000E3020008E3020008E3020008E30200089B
:1001B000E3020008E3020008E3020008E30200088B
:1001C000E3020008E3020008E3020008E30200087B
:1001D000E3020008117E0008E3020008E3020008C1
:1001E000E3020008E3020008E3020008E30200085B
:1001F000E3020008E3020008E3020008E30200084B
:10020000E3020008E3020008E3020008E30200083A
:10021000E3020008E3020008E3020008E30200082A
:10022000E3020008E3020008E3020008E30200081A
:10023000E3020008E3020008E3020008E30200080A
:10024000E3020008E3020008E3020008E3020008FA
:10025000E3020008E3020008E3020008E3020008EA
:10026000E3020008E3020008E3020008E3020008DA
:10027000E3020008E3020008E3020008E3020008CA
:10028000E3020008E3020008E3020008E3020008BA
:10029000E3020008E3020008E3020008E3020008AA
:1002A000E3020008E3020008E3020008E30200089A
:1002B000E3020008E3020008E3020008E30200088A
:1002C000E3020008E3020008E3020008E30200087A
:1002D000E3020008E3020008E3020008E30200086A
:1002E00002E000F000F8FEE772B6374880F30888B5
:1002F000364880F3098836483649086040F20000E5
:10030000CCF200004EF63471CEF200010860BFF36B
:100310004F8FBFF36F8F40F20000C0F2F0004EF637
:100320008851CEF200010860BFF34F8FBFF36F8F8B
:100330004FF00000E1EE100A4EF63C71CEF20001E3
:100340000860022080F31488BFF36F8F06F080FFEF
:1003500006F0F0F84FF055301F491B4A91423CBF60
:1003600041F8040BFAE71D49184A91423CBF41F895
:10037000040BFAE71A491B4A1B4B9A423EBF51F83D
:10038000040B42F8040BF8E700201849184A914280
:100390003CBF41F8040BFAE706F098FF06F04EF96F
:1003A000144C154DAC4203DA54F8041B8847F9E7A6
:1003B00000F0C4F9114C124DAC4203DA54F8041B9E
:1003C0008847F9E706F080BF0006002000220020E1
:1003D0000000000808ED00E00000002000060020FA
:1003E000C09400080022002064220020682200201F
:1003F000C4580020E0020008E0020008E002000803
:10040000E00200082DE9F04F2DED108AC1F80CD064
:10041000D0F80CD0BDEC108ABDE8F08F002383F338
:1004200011882846A047002005F066FEFEE705F08B
:10043000EBFD00DFFEE7000053B94AB9002908BF11
:1004400000281CBF4FF0FF314FF0FF3000F074B9AF
:10045000ADF1080C6DE904CE00F006F8DDF804E01B
:10046000DDE9022304B070472DE9F047089D0446FA
:100470008E46002B4DD18A42944669D9B2FA82F257
:1004800052B101FA02F3C2F1200120FA01F10CFA93
:1004900002FC41EA030E94404FEA1C48210CBEFBCB
:1004A000F8F61FFA8CF708FB16E341EA034306FB54
:1004B00007F199420AD91CEB030306F1FF3080F0E3
:1004C0001F81994240F21C81023E63445B1AA4B230
:1004D000B3FBF8F008FB103344EA034400FB07F7D2
:1004E000A7420AD91CEB040400F1FF3380F00A8113
:1004F000A74240F207816444023840EA0640E41B08
:1005000000261DB1D4400023C5E900433146BDE8B3
:10051000F0878B4209D9002D00F0EF800026C5E955
:10052000000130463146BDE8F087B3FA83F6002E6D
:100530004AD18B4202D3824200F2F980841A61EBE5
:10054000030301209E46002DE0D0C5E9004EDDE703
:1005500002B9FFDEB2FA82F2002A40F09280A1EBEB
:100560000C014FEA1C471FFA8CFE0126200CB1FB40
:10057000F7F307FB131140EA01410EFB03F0884239
:1005800008D91CEB010103F1FF3802D2884200F2C6
:10059000CB804346091AA4B2B1FBF7F007FB101158
:1005A00044EA01440EFB00FEA64508D91CEB0404F6
:1005B00000F1FF3102D2A64500F2BB800846A4EB51
:1005C0000E0440EA03409CE7C6F12007B34022FA3C
:1005D00007FC4CEA030C20FA07F401FA06F31C436B
:1005E000F9404FEA1C4900FA06F3B1FBF9F8200C78
:1005F0001FFA8CFE09FB181140EA014108FB0EF0BE
:10060000884202FA06F20BD91CEB010108F1FF3A0D
:1006100080F08880884240F28580A8F10208614419
:10062000091AA4B2B1FBF9F009FB101144EA014127
:1006300000FB0EFE8E4508D91CEB010100F1FF34D2
:100640006CD28E456AD90238614440EA0840A0FB6A
:100650000294A1EB0E01A142C846A64656D353D040
:100660005DB1B3EB080261EB0E0101FA07F722FA64
:1006700006F3F1401F43C5E9007100263146BDE88D
:10068000F087C2F12003D8400CFA02FC21FA03F3F0
:10069000914001434FEA1C471FFA8CFEB3FBF7F071
:1006A00007FB10360B0C43EA064300FB0EF69E4296
:1006B00004FA02F408D91CEB030300F1FF382FD22F
:1006C0009E422DD9023863449B1B89B2B3FBF7F6D7
:1006D00007FB163341EA034106FB0EF38B4208D9B0
:1006E0001CEB010106F1FF3816D28B4214D9023EF1
:1006F0006144C91A46EA004638E72E46284605E70F
:100700000646E3E61846F8E64B45A9D2B9EB0208DF
:1007100064EB0C0E0138A3E74646EAE7204694E76F
:100720004046D1E7D0467BE7023B614432E73046A2
:1007300009E76444023842E7704700BF38B501F06A
:1007400063FA01F005FC06F01DFC054606F010FDFD
:100750000446D0B90F4B9D4219D001339D4241F25E
:10076000883504BF01240025002006F015FC0CB1DB
:1007700000F076F801F0C0FB00F012FD08B100F0C7
:100780006FF8284600F01AF9F9E70025ECE705466E
:10079000EAE700BF010007B008B501F007FAA0F1D1
:1007A00020035842584108BD07B5042101900DEBC4
:1007B000010001F019FA03B05DF804FB38B53023ED
:1007C00083F31188174803680BB105F079FD002306
:1007D000154A4FF47A71134805F068FD002383F33E
:1007E0001188124C236813B12368013B23606368AE
:1007F00013B16368013B63600D4D2B7833B96368B7
:100800007BB9022001F0D8FA322363602B78032BE6
:1008100007D163682BB9022001F0CEFA4FF47A7346
:10082000636038BD68220020BD07000888230020CF
:1008300080220020084B187003280CD8DFE800F055
:1008400008050208022001F0A5BA022001F090BAC2
:10085000024B00225A60704780220020882300202B
:10086000F8B5504B504A1C461968013100F0998088
:1008700004339342F8D162684C4B9A4240F2918023
:100880004B4B9B6803F1006303F500339A4280F001
:100890008880002001F0DEF90220FFF7CBFF454BF6
:1008A0000021D3F8E820C3F8E810D3F81021C3F8EA
:1008B0001011D3F81021D3F8EC20C3F8EC10D3F8C2
:1008C0001421C3F81411D3F81421D3F8F020C3F87D
:1008D000F010D3F81821C3F81811D3F81821D3F861
:1008E000802042F00062C3F88020D3F8802022F0FC
:1008F0000062C3F88020D3F88020D3F8802042F033
:100900000072C3F88020D3F8802022F00072C3F870
:100910008020D3F8803072B64FF0E023C3F8084D42
:10092000D4E90004BFF34F8FBFF36F8F224AC2F8A0
:100930008410BFF34F8F536923F480335361BFF3A7
:100940004F8FD2F8803043F6E076C3F3C905C3F386
:100950004E335B0103EA060C29464CEA81770139E4
:10096000C2F87472F9D2203B13F1200FF2D1BFF319
:100970004F8FBFF36F8FBFF34F8FBFF36F8F5369ED
:1009800023F4003353610023C2F85032BFF34F8F7A
:10099000BFF36F8F302383F31188854680F3088877
:1009A0002047F8BD0000020820000208FFFF0108F0
:1009B000002200200044025800ED00E02DE9F04F35
:1009C00095B0DFF8D8922022FF21029004A8D9F830
:1009D000085001F03BFAA84A1378A3B90121A748AF
:1009E00011700360302383F3118803680BB105F0A5
:1009F00067FC0023A24A4FF47A71A04805F056FC28
:100A0000002383F31188029B13B19E4B029A1A6054
:100A10009D4A1378032B03D000231370994A536027
:100A20004FF0000B029C5E46DA46CDF804B0012080
:100A300001F0B0F924B1934B1B68002B00F0288221
:100A4000002001F0B3F8B0F10008F3DB012001F061
:100A50008FF9A8F121031F2BE9D801A252F823F046
:100A6000E10A0008FD0A00088B0B00082F0A0008A5
:100A70002F0A00082F0A0008150C0008070E0008AE
:100A8000F90C0008550D00087B0D0008A10D0008A9
:100A90002F0A0008B30D0008D70D00084F0E0008FC
:100AA000690B00082F0A0008970E0008ED0A0008DD
:100AB000690B00082F0A0008550D00082F0A0008CE
:100AC0002F0A00082F0A00082F0A00082F0A000822
:100AD0002F0A00082F0A00082F0A00088B0B0008B5
:100AE0000220FFF759FE002840F0FF81029B0221FF
:100AF0006648BBF1000F08BF1C4640E04FF47A7017
:100B000001F054F8071EF1DB0220FFF745FE002834
:100B1000ECD0013F052F00F2EA81DFE807F0030780
:100B20000A0D10330520FFF73FFE14E0D9F800004E
:100B3000F9E7D9F80400F6E7D9F80800F3E74FF031
:100B40001C08404608F1040801F086F8FFF72CFE67
:100B5000B8F12C0FF5D10120019B4FF0000A00FAEB
:100B600007F71F43FBB2019301F0BCF92EB1019BC3
:100B700003F00B030B2B08BF00240221444801F0B3
:100B800033F854E7D9F80C00CDE7002EAED0019B26
:100B900003F00B030B2BA9D10220FFF7FDFD074645
:100BA0000028A3D00120002601F054F80220FFF70E
:100BB00041FE1FFA86FB584601F05CF8044688B1F6
:100BC000A8F14002584601365142514101F062F805
:100BD0000028EED1BB46044602212E483E4601F0D5
:100BE00003F824E725460120FFF724FED9F8083052
:100BF000AB4207D9284601F02FF8013040F07A8146
:100C00000435F3E70025204BBB463E461D701D4BC7
:100C10005D60A9E7002E3FF469AF019B03F00B0371
:100C20000B2B7FF463AF0220FFF704FE322000F0AD
:100C3000BDFFB0F10008FFF659AF18F003077FF4CD
:100C400055AF08EB0503D9F8082093423FF64EAFA5
:100C5000B8F5807F3FF74AAF0F4BB84503931FDDD0
:100C60004FF47A7000F0A2FF0028FFF63FAF039B1D
:100C7000013703F8010BF0E78423002068220020ED
:100C8000BD0700088823002080220020E08A000899
:100C9000D88A0008DC8A0008842200200022002074
:100CA000C820FFF779FD074600283FF41FAF1F2D2E
:100CB00011D8C5F1200204AB25F003008F4942454D
:100CC000184428BF4246039201F09AF8039AFF2184
:100CD0008A4801F0BBF84FEAA803C8F387028749A6
:100CE0002846039301F0BAF8064600283FF474AF93
:100CF000039B05EB830537E70220FFF74DFD002836
:100D00003FF4F4AE00F0E4FF00283FF4EFAE00271C
:100D1000B846D9F80830BB4218D91F2F11D8049B08
:100D200001330ED027F0030314AA134453F8403CB8
:100D30000C93404604220CA9043701F01BF98046AD
:100D4000E7E7384600F088FF0C90F2E74046FFF7EF
:100D50002BFD09E7002364210CA80C9300F03AFF57
:100D600000287FF4C3AE0220FFF716FD00283FF4F1
:100D7000BDAE0C9800F0A2FFE9E7002364210CA8A7
:100D80000C9300F027FF00287FF4B0AE0220FFF79D
:100D900003FD00283FF4AAAE0C9800F091FFD6E7BF
:100DA0000220FFF7F9FC00283FF4A0AE00F0A0FFFE
:100DB000CDE70220FFF7F0FC00283FF497AE0CA926
:100DC000142000F09BFF0390FFF7EEFC03990CA8A2
:100DD00000F00AFFC8E60220FFF7DEFC00283FF41F
:100DE00085AE474B0CAF03F1100C1868083353F86D
:100DF000041C3A46634503C21746F6D11020FFF79C
:100E0000D3FC1021E3E7322000F0D0FE071EFFF6EE
:100E10006DAEBB077FF46AAE07EB0A03D9F8082072
:100E200093423FF663AE0220FFF7B6FC00283FF482
:100E30005DAE27F003075744BA453FF495AE5046E0
:100E40000AF1040A00F008FFFFF7AEFCF4E74FF4E4
:100E50007A70FFF7A1FC00283FF448AE00F038FF9D
:100E6000002849D0049B01330BD0082204A900209C
:100E700000F0F4FF00283FD02022FF2104A800F05A
:100E8000E5FF2048022100F0AFFE1F4805F03AF9C7
:100E900015B0BDE8F08F002E3FF428AE019B03F0A3
:100EA0000B030B2B7FF422AE002364210CA80C93C0
:100EB00000F090FE074600287FF418AE0220FFF7EE
:100EC0006BFC804600283FF411AE02210D4800F073
:100ED0008BFE41F2883005F015F90C9801F036F8D8
:100EE00046463C4600F0FEFFA1E506463CE64FF0D4
:100EF000000AFBE5BB466FE637466DE6842200201C
:100F0000C48A0008D88A0008A08601007047000043
:100F1000704700007047000038B505461446084683
:100F20000322064900F076FF38B905F10802204691
:100F30001021BDE8384001F049B838BDE48A000806
:100F40002DE9F04100F58037044616463B7C5BB93D
:100F5000C0681030204400F053FFE5683544B5F513
:100F6000004FE56002D816B1BDE8F081DEB905F0AA
:100F70007F0605F110000021C6F180062044F6B27C
:100F800032462E4400F062FFA06804F11008324699
:100F900000F10060414600F5003005F08FFD30B9EA
:100FA00001233B74E0E74FF400463546ECE7A268C6
:100FB00005F11001404632442144A260E268521B10
:100FC000E26000F01DFF0220BDE8F04100F0F4BE39
:100FD000183000F0B9BC000010B5044601F020F84C
:100FE000204610BD10B5044601F01AF8204610BD89
:100FF0002DE9F04FADF53F7D0746416801222AA853
:1010000002F0FEFE002840F08780064682468146B8
:101010001125DFF80C81DFF80CB101AB4FF48052E1
:1010200041462AA803F04CF8002875D1019AB2F580
:10103000805F71D8002A65D00446019A9442ECD2B0
:10104000282D0FD008DC132D2DD01E2D39D0112DB9
:1010500013D00134A4B2F0E7322D2DD0372D2FD08C
:101060002D2DF6D13B68121B08EB040138461B6995
:101070002D259847BDF80440EBE7121B022A09D939
:10108000594608EB040000F0C5FE18B902342825C3
:10109000A4B2DEE718F804303A2B3DD00A2B1CBF6F
:1010A000A1461325D5E718F804300A2B34D03A2B83
:1010B00004BFA2463225CCE718F80430202BC8D054
:1010C000264618F804300A2B1AD1AAEB090208EBBD
:1010D000090102A811254F2A28BF4F2207F0DEFC84
:1010E000A21B08EB060116A84F2A28BF4F2207F0C3
:1010F000D5FC3B6816AA02A9DB6838469847A8E7E2
:101100001E25A6E73B68384604491B69984701201D
:101110000DF53F7DBDE8F08F0020F9E7E68B000874
:1011200090230020E88A000800F1180110B5044659
:1011300086B00846019100F0F1FB2046FFF758FF0A
:1011400060B1019902A800F049FC102204F10801E5
:1011500002A807F063FCB0FA80F0400906B010BDA9
:1011600070B504460025EEB2304600F083FD58B15C
:1011700000213046013500F08DFD08B9002070BD1A
:10118000022000F019FEEEE72046FFF731FF0028AD
:10119000F4D004F58034207C80F00100EFE70000FB
:1011A000F0B5C9B005F006FF00F056FF18B90025EC
:1011B000284649B0F0BD69462A4803F043F80028A4
:1011C0004BD1294C204603F06DF8284803F06AF80B
:1011D000274803F067F82146224803F0DFF800288B
:1011E000E5D1702000F016FF064610B1214B446097
:1011F0000360336830469B689847054600282ED028
:101200001A4F1948394603F0C9F805460028CED1CF
:10121000194800F0FFFE044638B1184B47600360E0
:1012200000F58033C0E902551D74236820469B6891
:101230009847054628B10E490C4803F0AFF800283E
:10124000B5D1336830465B6898471CB123682046A7
:101250005B68984700F0E8FEAAE70025FAE7044635
:10126000EFE700BFEC8A0008FC8A0008138B000837
:10127000298B00084C8B000814000100688B0008C3
:101280002DE9F04FD44A8DB00B68D0F804A001933B
:101290001A440368D14E1A44D1F81C90DFF8B4C345
:1012A000DFF8B4B3D0E90234634003EA0A036340D1
:1012B00013444A6802920AEB7363029CC84A2244B0
:1012C000C468224484688AEA04051D4065401544C8
:1012D0008A68039203EB3555039CC24A2244846812
:1012E00022448AEA03042C4084EA0A041444CA68AB
:1012F00005EBF4340492164483EA05022240564476
:101300005A4032440E69059604EBB222059FB64E50
:101310003E441E4485EA040313406B4033444E6947
:10132000069602EB7363069FB04E3E442E4484EA59
:1013300002051D40654035448E69079603EB35551F
:10134000079FAB4E3E44264482EA03042C4054409F
:101350003444A84E4E4405EBF434164483EA0502A7
:1013600022405A4032440E6A089604EBB222089F8B
:10137000A14E3E441E4485EA040313406B403344AF
:101380004E6A099602EB7363099F9C4ED1F830E0D8
:101390003E44D1F83880F3442E4484EA02051D40CF
:1013A000654035448E6AA6F5244703EB35550A9609
:1013B0004F3F274482EA03042C4054403C44CF6A08
:1013C0000B9705EBF4340B9E8D4F3744029E174468
:1013D00083EA050222405A403A448A4F774404EB9C
:1013E000B2221F4485EA040313406B403B444F6B19
:1013F000BC4402EB7363654484EA020C0CEA030C00
:101400008CEA040C6544DFF854C2C44403EB355540
:10141000A44482EA03042C4054406444D1F83CC004
:10142000794905EBF4346144114483EA0502224012
:101430005A400A44754904EBB2223144079E1944CC
:1014400084EA02032B4063400B44714902EBF363CF
:1014500031440B9E0D4482EA03012140514029444E
:101460006C4D03EBF1513544019E254483EA0104A0
:1014700014405C402C44684D01EBB4443544069E56
:10148000154481EA04021A404A402A44634D04EBA1
:10149000323235440A9E1D4484EA02030B40634005
:1014A0002B445F4D02EBF3633544059E0D4482EA05
:1014B00003012140514029445A4D03EBF151654449
:1014C000254483EA010414405C402C44564D01EB52
:1014D000B4443544099E154481EA04021A404A4046
:1014E0002A44524D04EB32323544049E1D4484EAB2
:1014F00002030B4063402B444D4D02EBF363454424
:101500000D4482EA0301214051402944494D03EB37
:10151000F1513544089E2C4483EA010515405D4095
:101520002C44454D01EBB4443544039E2A4481EAE2
:1015300004051D404D402A44404D04EB32323D44E9
:101540002B4484EA020593440D4065402B443C4DF6
:1015500002EBF3633544069E294482EA03052540E5
:1015600055402944374D03EBF1514D442C4483EA57
:10157000010515405D40254401EBB54581EA0504B0
:1015800004EA03024A405A44A6F5B82B089E05EB2C
:101590003232ABF2BE6B54405B4423442A4C344499
:1015A00002EB33730B9E0C4485EA0201594021443F
:1015B000264C344403EB7151029E254482EA030415
:1015C0004C402544224C444401EB3545144483EA05
:1015D00001026A40224443E078A46AD7EECEBDC13E
:1015E00056B7C7E8DB702024AF0F7CF52AC68747C3
:1015F000134630A8019546FDD8988069AFF7448B13
:10160000BED75C892211906B2108B44962251EF671
:1016100040B340C0515A5E26AAC7B6E95D102FD626
:101620005314440281E6A1D8C8FBD3E7E6CDE121FB
:10163000D60737C3870DD5F4ED145A4505E9E3A95C
:10164000F8A3EFFCD9026F6781F6718722619D6D67
:101650000C38E5FD937198FD8A4C2A8D8E4379A64E
:10166000934C344405EB7222059E1C4481EA050329
:10167000534023448F4C344402EB33730A9E0C4492
:1016800085EA0201594021448B4C4C4403EB7151D3
:10169000254482EA03044C402C44884D354401EB38
:1016A0003444019E154483EA010262402A44844D79
:1016B0003D4404EB72221D4481EA040353402B4451
:1016C000804D354402EB3373049E294484EA0205BD
:1016D0005D4029447C4D354403EB7151079E254400
:1016E00082EA03044C402C44784D354401EB3444E9
:1016F000099E2A4483EA010565401544744A324430
:1017000004EB7525039E134481EA04026A401A44DF
:10171000704B734405EB32720B4484EA050151406F
:1017200019446D4B634402EB71511C4485EA02037A
:101730004B401C44694B334401EB3444019E1D442F
:1017400082EA010363402B44654D04EB7323354467
:10175000069E154463EA010262402A44614D03EB90
:10176000B2624D4462EA040929445F4D89EA0309E3
:10177000454449442C445D4D02EBB1513544049E2F
:1017800061EA03081D4488EA0208444401EB7444FA
:1017900064EA02034B402B44554D04EBF32375449C
:1017A00063EA010E15448EEA040E0EEB0502514D5C
:1017B00003EBB262354462EA040E29440A9D8EEAC4
:1017C000030EA5F580164C4D7144A6F6833602EB48
:1017D000B151264461EA030454403444029E01EBB3
:1017E0007444354464EA02061D444E407319089E51
:1017F000424D04EBF323354463EA01061544664089
:1018000072193F4D03EBB262654462EA0406294453
:101810003C4D5E403144079E02EBB151354461EAD4
:1018200003062C44384D56403D443444059E1D4427
:1018300001EB744464EA02034B402B44334D04EB48
:10184000F32335440B9E154463EA010262402A44A7
:101850002F4D03EBB2623544039E0D4462EA04014E
:10186000594029442B4D02EBB15135442A4E2544B1
:1018700061EA030454402C44099D01EB74442E4456
:1018800064EA02051E4485EA01039D1903681A44AF
:101890000AEB040303EBF5230260436083681C44F6
:1018A000C36819448460C1600DB0BDE8F08F00BF0B
:1018B00044EABEA4A9CFDE4B604BBBF670BCBFBEF2
:1018C000C67E9B28FA27A1EA8530EFD4051D88043F
:1018D00039D0D4D9E599DBE6F87CA21F6556ACC4B3
:1018E000442229F497FF2A43A72394AB39A093FC01
:1018F000C3595B6592CC0C8FD15D84854F7EA86FF8
:10190000E0E62CFE144301A3A111084E827E53F79A
:1019100035F23ABDBBD2D72A91D386EB094B03608F
:1019200003F18833436003F12943A3F59613A3F62B
:101930008B638360A3F18833C3600023C0E9043361
:10194000704700BF012345672DE9F843144602693B
:1019500005460E46E300C2F3C50800F118079B18C0
:10196000036122BF43690133436112F4FC7F436981
:1019700003EB5473436114D0C8F1400907EB08002E
:101980004C4504D22246BDE8F84307F057B8403C26
:101990004A464E4407F052F8444439462846FFF779
:1019A0006FFCA04606EB0409B8F13F0FA9EB080154
:1019B0000AD94022384607F041F839462846A8F1AE
:1019C0004008FFF75DFCEFE7A1096FF03F023846E2
:1019D00002FB014206EB8111D5E7000070B50B69EF
:1019E00001F1180506460C46C3F3C503EA18501C5E
:1019F0008022EA54C3F13F02072A1FD8002100F0D9
:101A000025FA29462046FFF73BFC382200212846CC
:101A100000F01CFA23692946204623656369636543
:101A2000FFF72EFC21461022304607F007F820462B
:101A300058220021BDE8704000F008BAC3F1370217
:101A40000021E5E70F4B70B51B780C460133DBB284
:101A5000012B11D80C4D4FF47A732968A2FB033285
:101A600022460E6A01462846B047844204D1074BFD
:101A7000002201201A7070BD4FF4FA7004F042FB8E
:101A80000020F8E710220020683B0020BC33002033
:101A900000232DE9F0471A460546884601201946DD
:101AA00002F0ECFF0446802005F028F907460028E4
:101AB00061D0002C5FD03B4E28464FF0800A7369FE
:101AC00043F0C0637361D6F8143143F0C063C6F8C5
:101AD000143104F093FF05EB080200FB05F34FF40B
:101AE000D06C50434FF03D0E834233D232695201E5
:101AF00043D4D6F8102151013FD4216803F100628C
:101B00008A602268D7602268C2F804A02268C2F8FE
:101B100000C0D4F80090D9F8002042F00102C9F8C2
:101B20000020D4F80090D9F8002022F01E02C9F855
:101B30000020D4F80090D9F80020D207FBD494F804
:101B40000C90803361680EFA09F20A60CCE700203D
:101B500005F032F8204602F0D1FF384605F00CF9C6
:101B6000104B5A6942F0C0625A61D3F8142142F016
:101B7000C062C3F81421BDE8F0870B4B9A6A42F4A7
:101B800000729A629A6A42F400429A6261B6002632
:101B9000012005F011F8B045D9D9A819013604F093
:101BA00045FFF8E70020005200ED00E0002307B5F4
:101BB000024601210DF107008DF80730FFF742FFC3
:101BC00020B19DF8070003B05DF804FB4FF0FF3033
:101BD000F9E700000A46042108B5FFF733FF80F05B
:101BE0000100C0B2404208BD30B4054C0A4601466F
:101BF00023682046DD69034BAC4630BC604700BF1C
:101C0000683B0020A086010070B5104C0025104EE6
:101C100004F0F8FE20803068238883420CD8002529
:101C20002088013804F0EAFE23880544013BB5F51D
:101C3000802F2380F4D370BD04F0E0FE33680544A8
:101C40000133B5F5003F3360E5D3E8E7BE3300204C
:101C50009033002004F0B0BF00F1006000F50030C8
:101C60000068704700F10060920000F5003004F059
:101C700025BF0000054B1A68054B1B889B1A834241
:101C800002D9104404F0BABE0020704790330020FF
:101C9000BE33002038B50446074D29B128682044DA
:101CA000BDE8384004F0C2BE2868204404F0ACFE11
:101CB0000028F3D038BD00BF9033002000207047CB
:101CC00000F1FF5000F58F10D0F8000870470000B9
:101CD000064991F8243033B100230822086A81F8BC
:101CE0002430FFF7BFBF0120704700BF94330020AE
:101CF000014B1868704700BF0010005C194B013899
:101D00000322084470B51D68174BC5F30B042D0C56
:101D10001E88A6420BD15C680A46013C82421346EB
:101D20000FD214F9016F4EB102F8016BF6E7013AD8
:101D300003F10803ECD181420B4602D22C2203F8B6
:101D4000012B0424094A1688AE4204D1984284BF6C
:101D5000967803F8016B013C02F10402F3D1581AA2
:101D600070BD00BF0010005C14220020A88B00088A
:101D7000022804D1054B4FF400429A6170470128B4
:101D8000FCD1034B4FF40062F7E700BF0004025898
:101D9000000C0258022804D1054B4FF000429A6112
:101DA00070470128FCD1034B4FF00062F7E700BFFA
:101DB00000040258000C0258022805D1064A536953
:101DC00083F40043536170470128FCD1034A5369EF
:101DD00083F40063F6E700BF00040258000C0258C9
:101DE00070B504464FF47A764CB1412C254628BF95
:101DF000412506FB05F0641B04F084F9F4E770BD8F
:101E0000002310B5934203D0CC5CC4540133F9E7EE
:101E100010BD0000013810B510F9013F3BB191F938
:101E200000409C4203D11AB10131013AF4E71AB1E2
:101E300091F90020981A10BD1046FCE703460246AF
:101E4000D01A12F9011B0029FAD170470244034647
:101E5000934202D003F8011BFAE770472DE9F843DB
:101E60001F4D14460746884695F8242052BBDFF8DC
:101E700070909CB395F824302BB92022FF2148465E
:101E80002F62FFF7E3FF95F824004146C0F10802F6
:101E900005EB8000A24228BF2246D6B29200FFF78F
:101EA000AFFF95F82430A41B17441E449044E4B2BD
:101EB000F6B2082E85F82460DBD1FFF709FF002871
:101EC000D7D108E02B6A03EB82038342CFD0FFF720
:101ED000FFFE0028CBD10020BDE8F8830120FBE7FE
:101EE00094330020024B1A78024B1A70704700BFDF
:101EF000BC3300201022002010B5114C114803F013
:101F00000FFC21460F4803F037FC24684FF47A7029
:101F1000D4F89020D2F8043843F00203C2F8043811
:101F2000FFF75EFF0849204603F056FDD4F89020E5
:101F3000D2F8043823F00203C2F8043810BD00BF01
:101F40005C930008683B0020649300087047000021
:101F500008B571B6054B1988054B1888FFF798FD31
:101F600002210E20FFF794FD61B608BDBE330020AC
:101F70009033002030B50A44084D91420DD011F83D
:101F8000013B5840082340F30004013B2C4013F070
:101F9000FF0384EA5000F6D1EFE730BD2083B8EDAF
:101FA00000F00F0300F0F00200F0D000402806D04F
:101FB000302A09D1092B07D801200B7070475A1E0F
:101FC000052A01D80933F7E70020704773B5144696
:101FD000451C8E18B4421AD00DF1060115F8010CFB
:101FE000FFF7DEFF10B9002002B070BD0DF1070150
:101FF00015F8020BFFF7D4FF0028F4D09DF8062057
:102000009DF8073043EA021304F8013BE2E70120A0
:10201000EAE700000121884238BF084604F0A8BE64
:1020200008B104F0A9BE704710B5084C0122084958
:10203000002001F0C1FE23783BB1064803F04EF9C1
:10204000044803F0DFFA0023237010BDC0330020E2
:10205000B88B0008A03600202DE9F041234C244E17
:10206000236DBBB901224FF4004104F1500004F08C
:10207000C7FF236D1B686BB901224FF4805104F137
:10208000500004F0BDFF236D1B681BB900203070A9
:10209000BDE8F08133780BB1FFF7C6FF0324154F7D
:1020A0004FF00008114D13492846C7F8048003F08B
:1020B0009BFA284603F030F938B1013C284603F07A
:1020C000A1FA14F0FF04E1D0EDE70B4901220B481F
:1020D00001F072FE014618B1284603F0FFF8ECE764
:1020E000074800F00FF80120D1E700BFA03600201C
:1020F000C03300202C220020B88B0008C4330020FD
:10210000BC8B00080FB4002004B070470068704713
:1021100003460068596870470B0A017043700B0C46
:10212000090E8370C1707047110A0270037141700B
:10213000110C120E8170C2701A0A42711A0C1B0E19
:102140008271C37170470000C36A0239023B8B423F
:1021500083BF4389006C01FB03000020704700002F
:10216000C2F307238A76CB760378032B01BF120CC8
:102170000A75120A4A75704700F10B010022D3015B
:1021800043EA520310F8012B52FA83F38842DAB281
:10219000F5D110467047000010B541780446002084
:1021A000013102464901022A16BFA35C032203EB58
:1021B000C03302F101021EBF9BB203EB500398B281
:1021C0009142F0D810BD000002684AB1134613F8DE
:1021D000011B1F290DD93A29F9D1911C8B4202D03C
:1021E0004FF0FF3070471278302AF9D10360002099
:1021F0007047014B187870471036002038B50D46EF
:10220000044618B9092000232B6038BD0368002B51
:10221000F8D01A78002AF5D08188DA889142F1D175
:10222000587804F00BF910F00100EBD12368EBE7CC
:1022300038B50D4640F25231144602F0B9F9FF2884
:1022400007D9012C0BD9030A022468702B70204691
:1022500038BD30B1002CFAD001242870F7E70024F3
:10226000F5E70446F3E700002DE9F8430026D0F82F
:10227000008005460C468E76836B002B4AD098F87A
:102280000030042B4BD133463546402720E0B7F5CC
:10229000187F80F0C480F90606F1010608BF0237F6
:1022A000D05B02372BB900F5205292B2B2F5006F25
:1022B0000DD305F11A01C5F1FF0240EA03402144A4
:1022C000FFF7B6FF002800F0AA800544002003466F
:1022D000D8F8102092F82310B142D8D8002B40F043
:1022E0009E80002D00F09B8000232544AB76637315
:1022F000D8F81020137903F03701DB0621730BD4D3
:1023000002F13800FFF704FFC4E9000193896381FB
:10231000D3892381BDE8F88300200146F4E7C36C2C
:1023200001335ED1EA6B00232E26551E184615F8A0
:10233000011F013020290CD0052908BFE5210928FB
:1023400004D10B2B9EBFE71801337E73E7180133CE
:1023500079730B28EBD1E11800204873A17E002986
:102360004BD1002B40D06FF00C0604F10D00082576
:10237000361B331810F8011B002938D02E298BB2D8
:102380004AD0A3F14101192903D8117B0D4200D095
:1023900020330373EDE7B9F1000F05D100F52053A9
:1023A0009BB2B3F5006F0BD307F11A01C7F1FF021F
:1023B00040EA09402144FFF73BFF48B107440020B1
:1023C00002368146D8F80C30985B0028E3D13846B5
:1023D000B9F1000F4FF0000218BF002023189A76C1
:1023E000A0E7B1463746EDE73F23A3760123234418
:1023F00000219976137B03B96373D37A02F11C0031
:1024000003F03F0323730023FFF780FE2060636027
:10241000D38A6381138B7CE710250B46B9E73F23F2
:102420000125A37660E7000038B50546002435F89D
:10243000020B08B9204638BD02F0EEF86308C2B2BC
:1024400003EBC43312FA83F39AB2C0F3072303EB0E
:10245000520303EBC2339CB2E9E7000037B5C378FF
:1024600004461BB90025284603B030BD00F14C01DD
:10247000826C01234078019104F006F8054680B98A
:10248000A36BE070A06C226BC31A9342EAD2A378CC
:102490000199022BE6D102440123607803F0F4FF96
:1024A000E1E70125DFE7000038B5836C05460C46FF
:1024B0008B4210D0FFF7D2FF60B92246012305F10D
:1024C0004C01687803F0BCFF00281CBF4FF0FF34BC
:1024D0000120AC6438BD0020FCE7000038B50023C3
:1024E0000446C3704FF0FF338364FFF7DDFF00281D
:1024F0004BD1B4F84A524AF655239D4207D10B22DC
:10250000254904F14C0006F089FA00283FD094F8E0
:102510004C30EB2B03D01833DBB2012B2ED84AF60C
:1025200055239D4206D108221C4904F19E0006F065
:1025300075FA48B3B4F85730B3F5007F1ED194F85C
:102540005930DBB15A1E1A4218D1B4F85A30ABB127
:1025500094F85C30013B012B10D8B4F85D306BB1BE
:10256000B4F85F307F2B06D804F16C00FFF7CEFD86
:10257000B0F5803F02D3B4F8623053B94AF6552023
:1025800085420CBF0220032038BD0420FCE7012057
:10259000FAE70020F8E700BFE88B0008F48B00089A
:1025A00002392DE9F04701F007044FF0010A466CAB
:1025B00005460AFA04F41746984606EB1136C1F3AD
:1025C000C809E4B2314628460136FFF76DFF18B15D
:1025D0000120BDE8F087994605EB090292F84C30DE
:1025E000234214BF01210021414513D06340013F24
:1025F00082F84C3085F803A0EBD0640014F0FF049F
:10260000EAD109F1010301244FF00009B3F5007F7D
:10261000E1D1D7E70220DCE701290246F8B50C46F4
:1026200040F28C800668F36A8B4240F287803378F0
:10263000013B032B00F28280DFE803F00229384BD4
:1026400004EB5405B16B304601EB5521FFF72CFF2D
:1026500010B14FF0FF30F8BD6F1CC5F30805B16B2A
:102660003046354401EB572195F84C50FFF71CFFDD
:102670000028EED1C7F30807E3073E4496F84C0064
:1026800045EA00204CBF0009C0F30B00E3E7B16B43
:10269000304601EB1421FFF707FF0028D9D1640071
:1026A00004F4FF742644B6F84C00D4E7B16B30460E
:1026B00001EBD411FFF7F8FE0028CAD1A40006F1FF
:1026C0004C0004F4FE742044FFF720FD20F070401D
:1026D000C1E7D0E90430D57953EA000101D091680F
:1026E00001B95DBB9168022DA4EB01010DD1013B45
:1026F000728940F1FF305B0A43EAC053B3FBF2F347
:1027000099421BD81CD0601CA5E7032D02D1936908
:102710008B42F8D8D3699BB9B16B304601EBD41129
:10272000FFF7C2FE002894D1A0004C3600F4FE70E2
:102730003044FFF7EBFC20F000408CE701208AE7F3
:102740006FF0004087E70000F8B5066804460D46C4
:102750003378042B0CBF4FF080524FF400128A42A2
:1027600001D80220F8BDCA06FBD182680163D2B944
:10277000022B13D83389B3EB551FF2D9F36BA36344
:10278000A36B6263002BECD003EB55234C36C5F3EF
:1027900008050020A3633544E563E3E7F36BC271EA
:1027A000002BE7D01A4677897F02BD42114604D23A
:1027B0003046FFF7C9FCA063E2E72046FFF72CFF95
:1027C000431C024606D00128CBD9F36A8342C8D9FC
:1027D000ED1BEAE70120C5E701292DE9F047064690
:1027E0000C46174608D9C36A8B4205D90378022BD9
:1027F00062D003D8012B22D0022552E0033B012BEB
:10280000FAD8816B01EBD411FFF74EFE0546002884
:1028100047D1A40006F14C0304F4FE741C44337841
:10282000042B07D0204627F07047FFF76FFC00F01D
:102830007040074339462046FFF76EFC2FE001EB5E
:102840005108816B01EB5821FFF72EFE054640BB76
:1028500014F0010406F14C0908F1010AC8F3080854
:1028600008BFFBB230461FBF19F8083003F00F0253
:102870003B0103F0F00318BF134309F808300123AC
:10288000B16BF37001EB5A21FFF70EFE054640B91C
:10289000CAF3080A44B1C7F3071709F80A700123FD
:1028A000F3702846BDE8F08719F80A30C7F303270C
:1028B00023F00F031F43F0E7816B01EB1421FFF7B7
:1028C000F3FD05460028ECD1640006F14C0304F446
:1028D000FF741F551919C7F307274F70DFE7000072
:1028E000F8B504460E461746E3690BB91846F8BD1D
:1028F000012BA6EB0305206814BFAA1C3A46691CED
:10290000FFF76AFF0028F2D1E369013BE361EBE7DF
:1029100001292DE9F84306460C461746056802D8FA
:102920000220BDE8F883EB6A8B42F9D97AB9A14657
:1029300021463046A046FFF76FFE0446B0B92B781B
:10294000042B02D1002F43D1F7710020E9E72B7847
:10295000042B02D1C379022BE9D04FF0FF32394664
:102960002846FFF739FF0028E1D0DAE70128D7D061
:10297000421C01D10120D4E72B78042B19D1EA6A3B
:10298000AB69023A93421CD308F10102A2420CD077
:102990002B78042B08D10023A2EB090249462846D4
:1029A000FFF7FEFD0028BCD1A146EB6AA342BFD8C9
:1029B000C5E7002241462846FFF70EFF0028DED07B
:1029C000AFE70133AB612B7943F001032B71DBE7F8
:1029D000F3798BB9B468BC4202D10223F371B4E736
:1029E00021463046FFF718FE012899D9431CC1D073
:1029F00001348442EFD0A8E7032BA6D1B368BB42D1
:102A0000A3D8B2691344BB429FD3E6E770B5C3793C
:102A10000446032B06D181688369CD18A94203D1EE
:102A20000023E371002070BD4E1C20683246FFF782
:102A3000D3FE0028F7D13146F0E700002DE9F74337
:102A400005460191FFF70AFD0446002849D105F12A
:102A50004C09019928464FF40072FFF775FB214697
:102A6000A86407464846FFF7F1F96C896402B4F59B
:102A7000004F28BF4FF40044B4F5007F2FD9204603
:102A800004F07EF9804630B122460021640A002617
:102A9000FFF7DCF909E06408EEE72346BA1941467E
:102AA000687803F0F1FC18B926446B899E42F4D390
:102AB000404604F075F96889801B18BF012003B0F7
:102AC000BDE8F08301366B899E42F4D20123BA1926
:102AD0004946687803F0D8FC0028F3D0EBE70026DD
:102AE000F1E70120EBE70000F8B50446FFF7B6FC7C
:102AF0000546002842D12378032B37D12779012FAF
:102B000034D104F14C0601464FF400723046FFF711
:102B10009DF955234122722184F84A32AA2304F5F3
:102B20000D7084F84F2084F84B32522384F8301211
:102B300084F84C3084F84D30612384F8311284F8E5
:102B40004E3084F83332A16984F83222FFF7E4FA78
:102B5000616904F50E70FFF7DFFA626B3B463146A0
:102B600001326078A26403F08FFC25710022607846
:102B7000114603F0ADFC003818BF0120F8BD00007D
:102B800000232DE9F0430B6085B00F461546FFF793
:102B90001BFB061EC0F2B281804B53F82640002C6E
:102BA00000F0AE813C6005F0FE0523786BB16078E3
:102BB00003F044FCC70708D41DB110F0040500D091
:102BC0000A25284605B0BDE8F0830023F0B2237043
:102BD000607003F01FFCC10700F194810DB1420742
:102BE000EED400212046FFF779FC022840F09980BE
:102BF0006E4604F2122304F2522132461846103374
:102C0000FFF784FA42F8040B8B42F7D1002556F8FF
:102C1000041B00297DD02046FFF760FC012879D8ED
:102C20000128A26C40F0C08004F1570304F18C012C
:102C300013F8015B002D7BD18B42F9D1B4F8B4308D
:102C4000B3F5807F74D194F8B830092B70D104F1BA
:102C50009400FFF75DFA4FF0FF33171841F10001C0
:102C6000BB4275EB010363D304F1A000FFF74EFAFA
:102C700094F8BA302063012BA37059D194F8B9901D
:102C800003FA09F91FFA89F36381002B50D0444BF2
:102C900004F1A800FFF73AFA0646984248D8831C88
:102CA000626304F1A400E362FFF730FA00EB02086C
:102CB00004F19C00C4F84080FFF728FA10441FFA82
:102CC00089F2A06306FB02F313EB080345EB050250
:102CD0009F4271EB02032BD32E4604F1AC00FFF7A9
:102CE00015FAE06365B96389B34221D9E16B2046E7
:102CF000FFF72AFA81192046FFF7D6FB98B901366B
:102D0000631993F84C30812B14D02035C5F3080596
:102D1000E8E703200135042D7FF479AF042807D1BB
:102D200001E0042801D101254BE701287FF678AFA7
:102D30000D2546E705F1140004F14C063044FFF779
:102D4000E5F901280546F3D9E36A8342F0D96189A0
:102D5000821E236C02FB01336364A16B204601EBEE
:102D6000D511FFF7A1FB0028DDD105F07F0006EBB0
:102D70008000FFF7CBF9431C03D00135A842ECD00B
:102D8000D6E70425C4E90500064A25700025138806
:102D9000E56101339BB21380E38012E71436002013
:102DA000FDFFFF7F18360020B4F85730B3F5007FE1
:102DB000BED1B4F8626026B904F17000FFF7A6F93D
:102DC000064694F85C302663591EA3700129AFD8DB
:102DD00094F859506581002DAAD0691E2942A7D1C7
:102DE000B4F85D8018F00F0FA4F80880A0D1B4F8F3
:102DF0005F0018B904F16C00FFF788F9B4F85A10B5
:102E0000002995D006FB03FE01EB181CF444604535
:102E10008ED3A0EB0C00A842B0FBF5F388D33E485C
:102E2000834285D84FF6F57083426DD903259F1CE8
:102E3000114402EB0C03032DE7626263A163236478
:102E40004CD1B4F8763053EA08037FF471AFBB007D
:102E500004F17800FFF75AF9E06303F2FF13B6EBD1
:102E6000532FFFF465AF4FF0FF33032DC4E9053353
:102E70004FF08003237187D1B4F87C30012B83D1CC
:102E8000511C2046FFF710FB00287FF47DAFB4F8FB
:102E90004A224AF6552320719A427FF475AF1F4BA0
:102EA00004F14C00FFF732F998427FF46DAF03F163
:102EB000FF5304F50C70FFF729F903F50053203395
:102EC00098427FF461AF04F50D70FFF71FF9A06120
:102ED00004F50E70FFF71AF9606155E7B8F1000FBD
:102EE0003FF426AF7144022D4FEA4703E1631EBF52
:102EF000D91907F0010303EB5103AEE70B2560E698
:102F00000C255EE603255CE640F6F575AB428CBF0A
:102F1000022501258BE700BFF5FFFF0F52526141EB
:102F20002DE9F84F07460568884649B96E69C6B16C
:102F3000EB6AB34298BF0126AB69A3B9002405E050
:102F4000FFF76AFB0128044603D801242046BDE8A8
:102F5000F88F421C00F0D280EB6A8342F6D84646D6
:102F6000EAE70126E8E72A78EB6A042A40F0838042
:102F7000A6F1020A023B4FF0010B9A4528BF4FF021
:102F8000000AD146696C284601EB1931FFF78CFA2B
:102F900000283BD109F00703EA6AC9F3C8010BFA1C
:102FA00003F3901EDBB26A184C4609F1010992F84E
:102FB0004C20814502EA030233BF5B0000234FF43B
:102FC0000071DBB228BF9946B2B90234631E0333E5
:102FD000BCD80123214628461A46FFF7E1FA022809
:102FE000B3D0012800F08A80B8F1000F13D102237A
:102FF000FB710028A9D130E0CA450AD0002BD2D1FC
:103000000131B1F5007FBDD20123CCE74FF0FF3491
:10301000DCE70024DAE7FB79022B07D1731CA3421B
:10302000E7D0BB68F31ABB610323FB7108F101020F
:10303000FB69A24205D113B10133FB61D9E7022339
:10304000FBE70BB90123FB61224641463846FFF7F7
:1030500047FC00284FD10123FB61EA6AAB69023AC1
:103060006C6193429CBF03F1FF33AB612B7943F05A
:1030700001032B716AE7464514D1741C3846A342FC
:1030800098BF02242146FFF7C7FA01283FF45DAF3D
:10309000431C33D0E0B16B69012B03D9EA6A934238
:1030A00038BF1E4634460134EB6AA34203D8012ED2
:1030B0007FF644AF022421463846FFF7ADFA48B107
:1030C00001283FF442AF013018D0B442EBD135E7CC
:1030D000002CE7D04FF0FF3221462846FFF77CFB5B
:1030E00048B9B8F1000FB8D0224641462846FFF74C
:1030F00073FB0028B1D001287FF427AF4FF0FF34D5
:1031000024E700002DE9F84306680446076B89466A
:1031100033782037042B0CBF4FF080534FF400134B
:10312000BB429CBF00238363836B73B1C7F3080862
:10313000B8F1000F3CD10133416B836339B9338956
:10314000B3EB571F34D80023A36304200AE073892C
:10315000013B13EA57232BD1FFF75EFA01280546FE
:1031600002D80220BDE8F883421C01D10120F9E712
:10317000F36A834216D8B9F1000FE4D0616B2046A0
:10318000FFF7CEFE0546C8B10128EAD0431CEDD0BA
:1031900001463046FFF752FC0028E7D1E37943F0BF
:1031A0000403E371294630466563FEF7CDFFA06353
:1031B0004C36002027634644E663D3E70720D1E777
:1031C000F8B50E46002104460768FFF7BDFA98B926
:1031D0000546A16B3846FFF767F968B93A78E36BA3
:1031E000042A1B780CD11B060ED50546012120466A
:1031F000FFF788FF0028ECD0042808BF072006E06E
:10320000E52B01D0002BF0D10135B542EED1F8BD50
:10321000C16C4B1C2DE9F04104460568066B1FD1BB
:10322000E5274FF00108A16B2846FFF73DF998B953
:103230002A78E36B042A09BF1A781F7002F07F0214
:103240001A7085F80380236BB3420DD2002120460B
:10325000FFF758FF0028E6D0042808BF022003E04B
:10326000FFF772FA0028DBD0BDE8F0812DE9F041CC
:1032700005460068A96B0669FFF716F9044620B9F0
:10328000EB6B1A78852A03D002242046BDE8F08132
:10329000324603F1200153F8040B8B4242F8040B31
:1032A000F9D1777801377F01A7F16003B3F5007F8B
:1032B000EAD800212846FFF725FF04280446E3D07A
:1032C0000028E2D1A96B2868FFF7EEF80446002831
:1032D000DBD1EB6B1A78C02AD6D106F1200203F1BC
:1032E000200153F8040B8B4242F8040BF9D196F8F5
:1032F00023300F222C33B3FBF2F3B7EB431FC3D3BE
:103300004FF0400800212846FFF7FCFE0428044641
:10331000BAD00028B9D1A96B2868FFF7C5F80446D0
:103320000028B2D1EB6B1A78C12AADD1B8F5187F5D
:1033300009D206EB080203F1200153F8040B8B427B
:1033400042F8040BF9D108F120084745DAD8B8F55E
:10335000187F9AD83046FEF71FFF7388834294D0B7
:1033600092E700000B68002210B5036004460B6A68
:1033700083604B6AC261C37123F0FF03896AC0E9AD
:103380000432C164FFF7E0F920B92046BDE81040DF
:10339000FFF76CBF10BD0000F8B5036805460127B4
:1033A0001C692046FEF7F8FEA070000A6678E070FF
:1033B0002846E96CFFF7C8F920B1022828BF02208F
:1033C000C0B2F8BDA96B2868FFF76EF80028F4D1E9
:1033D000EB6B04F1200254F8041B944243F8041BE5
:1033E000F9D12B68DF70002EE7D000212846013E7E
:1033F000FFF788FEE0E700002DE9F8434FF0FF08F3
:1034000006460768042445464FF6FF79B16B11B9AB
:10341000002C73D063E03846FFF746F804460028D6
:103420005DD1F06B0378002B6ED03A78042A11D16D
:10343000852B4DD1336B3046F364FFF717FF0446FD
:1034400000284CD13B691B7903F03F03B371204640
:10345000BDE8F883C27AE52B02F03F02B27143D097
:103460002E2B41D022F0200108293DD00F2A40D137
:10347000590637D503F0BF05336B90F80D80F36420
:10348000437B434530D1428B72BB03780D21FC68EE
:1034900023F04003DFF874E0013B4B4301211EF8A9
:1034A00001CB30F80CC009B3FF2B1DD824F813C092
:1034B0006146013301320D2AF1D10278520605D559
:1034C00021B1FF2B10D8002224F81320013DEDB2CA
:1034D00000213046FFF716FE0446002896D0002350
:1034E000B363B4E7AB42CBD0FF25F1E7CC45E1D0E5
:1034F000FAE72DB9FEF740FE404501D10024A6E7CA
:103500004FF0FF33F364A2E70424E8E7908C00084F
:103510002DE9F04F002187B00446D0F80090FFF766
:1035200013F9804670B999F80030042B33D1D9F8DB
:103530000C00FEF779FF07462046FFF75DFF0546C2
:1035400020B18046404607B0BDE8F08FD9F8103072
:103550009A8CBA42F0D193F823B040265D4506D14B
:10356000D9F80C3033F81530002BE5D1EAE7F10635
:10357000D9F8103008BF0236985B01F04DF8D9F841
:103580000C30824633F8150001F046F88245D3D15D
:1035900002360135E2E74FF0FF0A4FF0FF3B554698
:1035A000C4F84CB0A16B4846FEF77EFF00285CD102
:1035B000E66B3778002F77D0F27AE52F02F03F03E1
:1035C000A37103D0120704D50F2B04D0C4F84CB05C
:1035D0004FE00F2B54D194F84B3058063FD4790666
:1035E00045D5236B07F0BF0796F80DA0E364737B06
:1035F00053453ED1738B002B3BD135780121D9F84F
:103600000C3005F03F0501930D23013D5D43284B30
:1036100013F8012BB25A71B3FF2D059329D8104628
:10362000049200F0F9FF6B1C03900293019B33F8A6
:10363000150000F0F1FF039981421AD1049A029D0E
:103640001146059B1B4A9342E2D133785A0604D5B2
:1036500019B1019B33F815305BB97D1EEDB2002125
:103660002046FFF74FFD00289CD080466AE7BD4208
:10367000BDD0FF25F3E74FF6FF708242E2D0F8E7B6
:103680002DB93046FEF778FD50453FF45BAF94F816
:103690004B30DB079AD40B2204F14001304605F091
:1036A000BDF9002892D14DE74FF004084AE700BF6A
:1036B000908C00089D8C00082DE9F04F90F84BB0DD
:1036C00099B004461BF0A00540F068810668F268D6
:1036D00032F81530002B4AD13378042B40F0878024
:1036E0000F230E352046B5FBF3F5A91CFFF768FD47
:1036F0008146002877D1236B0135A3EB4515E3798B
:103700005A07E56435D523F004032046E371FFF73B
:103710007DF950BB4FF0FF32616B2046FFF7E0F8B8
:1037200018BBA3682BB3214604A8FFF71BFEE0B922
:1037300070894FF40071D4E90423E0FB0123306960
:10374000C4E904233830FEF7EFFC3069D4E90423E0
:103750002830FEF7E9FCE379326904A843F001035D
:1037600082F82130FFF718FE18B181463BE00135A1
:10377000AEE7D6E90354402200212046FEF766FB5F
:103780008523012140222370C0234FF0C10C04EB9C
:10379000010884F8203000231E469E46571C04F87A
:1037A00002C0F0B2023204F807E021B135F813107C
:1037B00009B10133DBB20F0AA15408F802700232DA
:1037C000D706F2D135F813700136002FE6D184F810
:1037D0002330831C28466370FEF726FE84F82400FD
:1037E000000A84F82500484619B0BDE8F08F04F1BE
:1037F00040070DF1100A1BF0010F97E807008AE857
:10380000070000F0D38040234FF0010884F84B30CC
:10381000BC46F368B8F1050F9AE80700ACE803006E
:103820002CF8022B4FEA12428CF8002059D9981E2E
:10383000424630F8021F002942D10DF10F0C07213A
:1038400002F00F0E914612090EF13000392888BFA0
:103850000EF1370001390CF8010902D0B9F10F0F50
:10386000EED818AB7E205A1802F8580C38460022C1
:10387000914206D010F801CB02F1010EBCF1200FED
:1038800031D104F13F0C072902F1010297BF18ABB7
:1038900020205818013198BF10F8580C072A0CF84E
:1038A0000200F0D92046FFF733FE8146002878D188
:1038B00008F10108B8F1640FAAD14FF0070992E7A7
:1038C0004FF0100C01F0010E49080EEB4202D30339
:1038D00044BF82F4883282F02102BCF1010CF1D1A4
:1038E000A7E74246A9E77246C2E7216B2046A1EB53
:1038F0004511FEF729FF814600287FF474AF4FF68B
:10390000FF783846FEF738FC0190A16B3046FEF791
:10391000CBFD814600287FF466AFE36BE9B2019AE4
:103920004FF00D0CD6F80CE05A734FF00F02DFF891
:10393000E0A0DA724A1E18730CFB02F284469876F5
:10394000D87640451AF8019B0CF1010C18BF3EF8DF
:10395000120003EB090B18BF013203F809004FEA0C
:103960001029002808BF4046BCF10D0F8BF80190CC
:10397000E7D1404502D03EF812200AB941F040019B
:103980001970012300212046F370FFF7BBFB81462D
:1039900000287FF428AF013DB7D11BE04FF00609A6
:1039A00021E704287FF41FAF84F84BB01BF0020F0F
:1039B00020461BBF0C350D210125B5FBF1F518BFC5
:1039C00001352946FFF7FCFB814600287FF40BAF49
:1039D000013D8AD1A16B3046FEF766FD8146002885
:1039E0007FF401AF01462022E06BFEF72FFAE36B74
:1039F00003CF18605960BA7839889A72198194F89F
:103A00004B30E26B03F0180313730123F370EAE603
:103A1000908C000810B504460A463430FEF776FB59
:103A2000886004F13800FEF773FBC2E9040194F8E2
:103A3000213003F00203D3710023D36110BD0000D5
:103A400003284B8B04BF8A8A43EA02431846704717
:103A50002DE9F04F0B7899B0044689462F2BD0F80A
:103A600000B001D05C2B09D14A461378914601324F
:103A70002F2BFAD05C2BF8D0002301E0DBF81C30B0
:103A8000A3600023E3619BF80030042B1ED1A368E0
:103A9000E3B1DBF82030214604A82362DBF82430B0
:103AA0006362DBF82830A362FFF75CFC0346002862
:103AB00054D1DBF8102002F13800FEF727FBC4E9EF
:103AC000040392F8213003F00203E37199F8003007
:103AD0001F2B00F2358180230021204684F84B30D3
:103AE00019B0BDE8F04FFEF72FBE49460B78894666
:103AF00001312F2BFAD05C2BF8D01F2B8CBF002567
:103B00000425012F2FD113882E2B31D1002322F829
:103B1000173004F140029F428CBF2E212021013337
:103B20000B2B02F8011BF6D145F02005204684F846
:103B30004B50FFF7EDFC94F84B30002800F0E78085
:103B400004280BD1990603F0040240F1DC80002A1E
:103B500000F0F6808023002084F84B3019B0BDE8D7
:103B6000F08F0425CDE7022F02D153882E2BCAD027
:103B7000911E87BB002322F81730002F00F011811F
:103B800032F81300194601332028F9D009B92E283C
:103B900001D145F00305901E30F817302E2B01D0CF
:103BA000013FF9D14FF020334FF0000A6364D04653
:103BB0002364C4F847300823481C32F81160009091
:103BC000F6B1202E03D02E2E0DD1B84210D045F0E4
:103BD00003050099F0E731F81730202B01D02E2B88
:103BE000C8D1013FC5E79A4505D20099B9423BD1FA
:103BF0000B2B30D101E00B2B27D145F003050B2314
:103C000094F84020E52A04BF052284F84020082BC0
:103C100004BF4FEA88085FFA88F808F00C030C2B01
:103C200003D008F00303032B01D145F00205A807D8
:103C30003FF57CAF18F0010F18BF45F0100518F0E4
:103C4000040F18BF45F0080570E70099B94202D08B
:103C500045F00305D4D84FEA88080B234FF0080A33
:103C600000975FFA88F8B4E77F2E15D9304640F206
:103C70005231CDE9022345F00203019300F098FC94
:103C800010F0800F0646DDE9022316D000F07F0613
:103C900046498E5D019D46B331464548CDE9012335
:103CA00004F0E6FEDDE90123F8B9A6F1410189B28D
:103CB00019291ED848F0020810E0FF28EAD9591E39
:103CC0008A4503D345F003059A4682E704EB0A01CF
:103CD000000A0AF1010A019D81F8400004EB0A0183
:103CE0000AF1010A81F8406073E745F003055F2699
:103CF000F4E7A6F1610189B219299EBF203E48F080
:103D00000108B6B2EAE7002A08BF052026E75A07ED
:103D10003FF524AFA379DB0645D59BF800000428C6
:103D200035D1A3682146E27923622369DBF81000CC
:103D300023F0FF0313436362E36CA362FFF76AFEA1
:103D400023680027DA6819F8010B00283FF409AF4F
:103D500040F25231009200F04BFC054608B31F2898
:103D6000009A7FF6FEAE2F283FF4BFAE5C283FF4EA
:103D7000BCAE7F2805D801460E4804F079FE009AB3
:103D800078B9FF2F0DD022F817500137DBE7216BF0
:103D90000BF14C03C1F308011944FFF751FEA06079
:103DA000CEE70620DAE60520D8E600BF108C000832
:103DB000098C0008008C00081FB5CDE9001003A88D
:103DC00014460391FEF700FA002815DB0B4A52F85F
:103DD00020300BB100211970019B0BB1002119702B
:103DE00042F820302CB1002201A96846FEF7C8FE37
:103DF0000446204604B010BD0B24FAE71436002018
:103E00002DE9F04798B0904605460191002800F052
:103E1000528102F03F0603A901A83246FEF7B0FE28
:103E2000002840F04681039B4FF48C60049302F01D
:103E3000A7FF0746002800F04081039B00F50072B1
:103E40000199D86004A81A61FFF702FE044620B960
:103E50009DF95B30002BB8BF062418F01C0F00F052
:103E6000CD80002C4CD0042C40D104A8FFF724FCBA
:103E7000044600283AD146F00806039B1A78042A23
:103E800040F08380186929462B60FFF7C3FD039B30
:103E90001E22002118690230FDF7D8FF039C002183
:103EA0001A2220692630FDF7D1FF236920221A71DA
:103EB000246902F09FFF0146012208342046FEF7E4
:103EC0002BF9039B04A81B6983F82120FFF764FAF0
:103ED000044658B9A96801B302462846FEF718FD02
:103EE000AB68039A0446013B5361B4B1384602F013
:103EF00057FF0CB100232B60204618B0BDE8F087B7
:103F00009DF8163013F0110F40F0848018F0040F64
:103F100040F0C98018F0080FAFD1039A3107139908
:103F2000936C48BF46F04006E964AB6410780428FF
:103F300072D1069B9DF817102B62089B106923F025
:103F4000FF030B4329466B62179BAB62FFF762FDD1
:103F5000DDF80CA00024002205F15008BAF8063064
:103F600021464046C5F800A0AB80002385F83060AC
:103F700085F831406C64C5E90E234FF40072FDF7FB
:103F800065FFB20653D40024B0E702F033FF0146C8
:103F9000009013980E30FEF7BFF813980099163072
:103FA000FEF7BAF8039C13992078FFF749FD202308
:103FB00000228046CB7220461399FEF7D1F8139B5E
:103FC000002201211A775A779A77DA77039BD97002
:103FD000B8F1000FA1D0414604A8D3F84890FEF7ED
:103FE00097FC0446002881D149460398FEF75CFA05
:103FF000039B044608F1FF30586176E7002C7FF4FC
:1040000075AF9DF81630DC064FD418F0020F84D03F
:10401000D80782D5072469E7FFF712FD0023A860BF
:1040200001F11C00FEF772F86B61286190E7D5E999
:10403000046956EA0903A6D0BAF80AA0A9684FEAAB
:104040004A2AC5E90E69B24574EB09031BD3002463
:104050002964002C7FF44AAFC6F30803002B92D0EA
:10406000039C2046FEF770F808B3760A0123414608
:1040700046EAC95682196A64607802F0E1F9041EC2
:1040800018BF012432E72846FEF7C6FAB6EB0A0647
:10409000014669F10009012803D9431CD3D1012449
:1040A000D6E70224D4E7082420E704241EE70224EC
:1040B0001CE704461EE709241EE711241CE7000044
:1040C0002DE9F04F994685B00023884603A90446A0
:1040D000C9F800301646FEF791F8054680BB94F803
:1040E00031506DBB94F8303013F00103009300F0B1
:1040F000A68004F1500AD4E90432D4E90E011B1A57
:1041000062EB0102B34272F1000238BF1E46BEB13B
:10411000D4E90E10C1F30803002B40F08280039B0A
:104120005A894B0A013A43EAC0531A401BD151EA5B
:10413000000309D1A06801280DD8022584F8315068
:10414000284605B0BDE8F08F216C20460192FEF7AD
:1041500063FA019AEFE7431C04D10123009D84F820
:104160003130EDE72064DDF80CB0216C5846FDF7E6
:10417000EBFF0028E1D0B6F5007F02EB000731D35A
:10418000BBF80A1002EB5620730A88429BF8010024
:1041900088BF8B1A3A464146019302F051F9002834
:1041A000DBD194F93020019B002A0BDA606CC01B34
:1041B000984207D24FF40072514608EB4020FDF7B9
:1041C0001FFE019B5F02D9F80030F61BB8443B4448
:1041D000C9F80030D4E90E32DB1942F10002C4E91B
:1041E0000E3294E7626CBA421AD094F93030002B48
:1041F0000DDA012351469BF8010002F045F9002831
:10420000ABD194F8303003F07F0384F8303003985A
:1042100001233A465146407802F012F900289CD119
:104220006764A16B4046C1F30801C1F500775144B2
:10423000B74228BF37463A46FDF7E2FDC3E70725F8
:104240007EE7000070B596B00E460022019002A9EC
:1042500001A8FEF795FC0446E0B94FF48C6002F02B
:104260008FFD0546D8B1029B00F500720199D86018
:1042700002A81A61FFF7ECFB044640B99DF95330E0
:10428000002B0ADB1EB1314602A8FDF7EDFF2846E0
:1042900002F086FD204616B070BD0624F7E7112413
:1042A000F8E7000070B5B8B00222019003A901A898
:1042B000FEF766FC044608BB039B4FF48C6010932A
:1042C00002F05EFD0546002866D0039B00F50072F3
:1042D0000199D86010A81A61FFF7BAFB044650B9DB
:1042E0009DF88B30980655D4190653D49DF8463066
:1042F000DA0706D50724284602F052FD204638B0DA
:1043000070BD039B04931878042814D104A918697C
:10431000FFF780FB069E9DF84630DB0610D410A800
:10432000FEF776FF04460028E5D156BB0398FEF75A
:10433000DBFB0446DFE71F99FFF782FB0646EAE74F
:10434000039BDA69B242D5D024930021269624A893
:104350001B78042B01BFDDE90823CDE928239DF854
:1043600017308DF89730FEF7EFF904460028C2D1D8
:1043700024A8FFF741F804460028BBD00428BAD18E
:10438000CDE70246314604A8FEF7C2FA04460028EB
:10439000B1D1CBE70624AEE71124AFE7F0B5BDB04D
:1043A000CDE900106846FDF70FFF022203A901A81E
:1043B000FEF7E6FB0446002841D1039B4FF48C60D6
:1043C000149302F0DDFC0546002800F0EE80039B0C
:1043D00000F5007214AE0199D8601A613046FFF7FB
:1043E00037FB044640BB9DF89B3013F0A00F40F014
:1043F000D880039B009F1A78042A68D11B6904ACFB
:1044000003F1400C1868083353F8041C2246634536
:1044100003C21446F6D15022314628A8FDF7F0FC1D
:10442000394628A8FFF714FB044600284CD12A9AE5
:10443000169B9A4206D00824284602F0B1FC20467A
:104440003DB0F0BD349A209B9A42F4D128A8FFF7E2
:1044500033F904460028EFD1039B04AF1B6993F89E
:1044600001E093F823C09C8C3A46083303CAB24259
:1044700043F8080C43F8041C1746F5D1039B28A801
:104480001B6983F801E0039B1A6982F823C01A694B
:1044900082F82440240A82F825401A691379D90643
:1044A0005CBF43F020031371FEF776FF044600283B
:1044B000C2D13046FEF7ACFE04460028BCD10398BA
:1044C000FEF712FB0446B7E70428B5D1BEE7239AEE
:1044D00004AB02F1200C1068083252F8041C1C4690
:1044E000624503C42346F6D15022314628A8FDF781
:1044F00087FC394628A8FFF7ABFA044600284CD1C0
:104500002A9A169B9A4296D1349A209B9A4292D12B
:1045100028A8FFF7D1F8044600288DD137990DF16E
:104520001D030DF12D0001F10D0253F8044B8342E0
:1045300042F8044BF9D11888012710809B789370BA
:104540009DF81B30039CDA0658BF43F02003CB7262
:10455000E770CB7ADB06ACD5169A2A9B9A42A8D094
:104560002078FFF76DFA01462046FDF7EDFD014684
:10457000C8B12046FDF798FF044600287FF45CAFE1
:10458000039890F86D302E2B93D12A9A00F16C018C
:10459000FDF7E6FD039BDF708BE704287FF44CAF4B
:1045A000B6E7062448E7022446E7112447E700005F
:1045B0007F2810B501D880B210BDB0F5803F13D26E
:1045C00040F2523399420FD10849002231F8024B90
:1045D00093B2844203D103F18000C0B2ECE7013210
:1045E000802AF3D11346F6E70020E5E7508F000854
:1045F0007F280DD940F25233994208D1FF2806D8BE
:1046000000F10040034B803833F810007047002061
:10461000704700BF508F0008B0F5803FF0B522D240
:104620001F4A83B21F49B0F5805F28BF0A46141D98
:1046300034F8042C2146AAB1934213D334F8025C17
:104640002E0AEFB252FA85F5A84222DA082E09D8CE
:10465000DFE806F0050A10121416181A1C00801A5A
:1046600034F810301846F0BD981A00F001001B1AFB
:104670009BB2F7E7103BFBE7203BF9E7303BF7E75E
:104680001A3BF5E70833F3E7503BF1E7A3F5E353B3
:10469000EEE70434002ECBD101EB4702C7E700BFA1
:1046A000A08C0008948E000808B5074B074A1968CB
:1046B00001F03D01996053680BB190689847BDE8DF
:1046C000084002F09BBD00BF000002401C360020E5
:1046D00008B5084B1968890901F03D018A019A6003
:1046E000054AD3680BB110699847BDE8084002F04D
:1046F00085BD00BF000002401C36002008B5084BF5
:104700001968090C01F03D010A049A60054A5369D1
:104710000BB190699847BDE8084002F06FBD00BF3B
:10472000000002401C36002008B5084B1968890DAE
:1047300001F03D018A059A60054AD3690BB1106A00
:104740009847BDE8084002F059BD00BF0000024094
:104750001C36002008B5074B074A596801F03D0197
:10476000D960536A0BB1906A9847BDE8084002F0DF
:1047700045BD00BF000002401C36002008B5084BB4
:104780005968890901F03D018A01DA60054AD36A56
:104790000BB1106B9847BDE8084002F02FBD00BF79
:1047A000000002401C36002008B5084B5968090C6F
:1047B00001F03D010A04DA60054A536B0BB1906BBE
:1047C0009847BDE8084002F019BD00BF0000024054
:1047D0001C36002008B5084B5968890D01F03D01D1
:1047E0008A05DA60054AD36B0BB1106C9847BDE8B7
:1047F000084002F003BD00BF000002401C3600204C
:1048000008B5074B074A196801F03D019960536CE0
:104810000BB1906C9847BDE8084002F0EFBC00BFB8
:10482000000402401C36002008B5084B19688909AD
:1048300001F03D018A019A60054AD36C0BB1106DFD
:104840009847BDE8084002F0D9BC00BF0004024010
:104850001C36002008B5084B1968090C01F03D0111
:104860000A049A60054A536D0BB1906D9847BDE8F4
:10487000084002F0C3BC00BF000402401C36002008
:1048800008B5084B1968890D01F03D018A059A6049
:10489000054AD36D0BB1106E9847BDE8084002F091
:1048A000ADBC00BF000402401C36002008B5074B19
:1048B000074A596801F03D01D960536E0BB1906E03
:1048C0009847BDE8084002F099BC00BF00040240D0
:1048D0001C36002008B5084B5968890901F03D01D4
:1048E0008A01DA60054AD36E0BB1106F9847BDE8B4
:1048F000084002F083BC00BF000402401C360020C8
:1049000008B5084B5968090C01F03D010A04DA604A
:10491000054A536F0BB1906F9847BDE8084002F00D
:104920006DBC00BF000402401C36002008B5084BD7
:104930005968890D01F03D018A05DA60054AD36F97
:1049400013B1D2F880009847BDE8084002F056BC89
:10495000000402401C36002000230C4910B51A4602
:104960000B4C0B6054F82300026001EB430004334E
:104970004260402BF6D1074A4FF0FF339360D3607B
:10498000C2F80834C2F80C3410BD00BF1C36002039
:1049900050900008000002400F28F8B510D91028E8
:1049A00010D0112811D0122808D10F240720DFF8C9
:1049B000C8E00126DEF80050A04208D9002653E0E6
:1049C0000446F4E70F240020F1E70724FBE706FA8A
:1049D00000F73D424AD1264C4FEA001C3D4304EB10
:1049E00000160EEBC000CEF80050C0E90123FBB268
:1049F00073B12048D0F8D83043F00103C0F8D83064
:104A0000D0F8003143F00103C0F80031D0F8003194
:104A100017F47F4F0ED01748D0F8D83043F0020378
:104A2000C0F8D830D0F8003143F00203C0F80031AC
:104A3000D0F8003154F80C00036823F01F03036022
:104A4000056815F00105FBD104EB0C033D2493F838
:104A50000CC05F6804FA0CF43C60212405604461DA
:104A600012B1987B00F058FB3046F8BD0130A3E747
:104A700050900008004402581C36002010B5302425
:104A800084F31188FFF788FF002383F3118810BD9A
:104A900010B50446807B00F055FB01231549627B6D
:104AA00003FA02F20B6823EA0203DAB20B6072B96E
:104AB000114AD2F8D81021F00101C2F8D810D2F86A
:104AC000001121F00101C2F80011D2F8002113F405
:104AD0007F4F0ED1084BD3F8D82022F00202C3F842
:104AE000D820D3F8002122F00202C3F80021D3F825
:104AF000003110BD1C3600200044025808B5302398
:104B000083F31188FFF7C4FF002383F3118808BDE6
:104B1000836CC26A8B42506810B506D95A1E4C008D
:104B200002EB4103B3FBF4F3184410BD01F00103A1
:104B30008A0748BF43F002034A0748BF43F008030F
:104B40000A0748BF43F00403CA0648BF43F01003F6
:104B50008A06426B48BF43F0200313434363704708
:104B600010B5074C204600F033FD064B0022C4E987
:104B70001023054BA364054BE363054BE36410BDB1
:104B8000A03600200070005200B4C404F4360020A7
:104B9000F4380020C36A0BB9104BC3620379012BB0
:104BA00011D10F4B98420ED10E4BD3F8D42042F4C2
:104BB0008032C3F8D420D3F8FC2042F48032C3F80A
:104BC000FC20D3F8FC30436C00221A65DA621A60CC
:104BD0005A605A624FF0FF329A6370475091000852
:104BE000A0360020004402580379012B24D0436CE6
:104BF00000221A65DA621A605A605A624FF0FF3278
:104C00009A630E4B984217D10D4BDA6F42F4803203
:104C1000DA67DA6F22F48032DA67DA6FD3F8D420F9
:104C200022F48032C3F8D420D3F8FC2022F480325E
:104C3000C3F8FC20D3F8FC30704700BFA03600203A
:104C40000044025810B5446C0649FFF761FF6060EC
:104C5000236842F2107043F003032360BDE8104064
:104C600001F050BA801A06000129F8B5466C0B4FC6
:104C700009D175680A493D40FFF74AFF054345F4ED
:104C800080557560F8BD746806493C40FFF740FFE9
:104C9000044344F480547460F4E700BF00ECFFFF69
:104CA00080F0FA0240787D01436C00225A601A605D
:104CB00070470000426C0129536823F4404304D03C
:104CC000022905D001B95360704743F48043FAE7E5
:104CD00043F40043F7E70000436C41F480519A60CD
:104CE000D9605A6B1206FCD580229A637047000087
:104CF00010B541F48851446CA260E160616B11F021
:104D00004502FBD0A26311F0040203D0FFF70EFFAF
:104D1000012010BD616910461960FAE710B541F431
:104D20008851446CA260E160616B11F04502FBD0D8
:104D3000A26311F0050203D0FFF7F8FE012010BDB9
:104D4000616910461960FAE773B5134604460E46CA
:104D5000302282F31188426CD26B32B14FF0FF31B6
:104D60004030019301F0DAF9019B606C002202658A
:104D7000C263C262456B15F4807504D185F3118856
:104D8000012002B070BD4FF0FF31816382F31188C2
:104D9000012E06D90C21204602B0BDE87040FFF775
:104DA000BDBF1046EDE7000073B5446C0E4600250C
:104DB0000192616BA1632565E562FFF7B7FE012EE5
:104DC00007D9019B2A460C2102B0BDE87040FFF7CD
:104DD000A5BF02B070BD000010B541F49851446CFD
:104DE000A260E160616B11F04502FBD0A26311F09B
:104DF0003F0203D0FFF79AFE012010BD216A104642
:104E00001960E1695960A16999606169D960F4E745
:104E10002DE9F74304460191006D01A91746984614
:104E200002F006F9064600284AD0626C2046DDF8FA
:104E300004905568C5F3090501356B00A56CB5FBF9
:104E4000F3F54FF47A73B5FBF3F55D43556200F06B
:104E500041FA50BB636C4FF0FF3201254146C3F865
:104E6000589020461D659A634FF49572DA6342F2BA
:104E700007029F62DA62E36C0A9AFFF74FFFA0B95C
:104E8000E26C104B11680B407BB929462046FFF7B6
:104E90005BFF054648B92E463A460199206D02F05F
:104EA000FFF8304603B0BDE8F083E26C20460121F4
:104EB000FFF77AFF3A460199206D02F0F1F8F0E72A
:104EC0000126EEE708E0FFFD2DE9F7431F46436C9E
:104ED00001924FF47A725D6804468846C5F309056D
:104EE00001356E00856CB5FBF6F5B5FBF2F5554363
:104EF0005D6200F0EFF920B10125284603B0BDE85E
:104F0000F0837E0201A9206D324602F091F8054639
:104F10000028F1D0636C019AD4F84C909A65012274
:104F20001A654FF0FF329A634FF49572DA639E620E
:104F3000236BDB064B4658BF4FEA4828012F4246F9
:104F40001BD912212046FFF7E9FEC0B9D9F800208D
:104F5000104B13409BB9636C42F2930239462046D2
:104F6000DA62E26CFFF7F0FE804640B93246019902
:104F7000206D454602F094F8BFE71121E2E7E26CAC
:104F800039462046FFF710FF32460199206D02F0A6
:104F900087F8B2E708E0FFFD2DE9F3411F46436CB7
:104FA00001924FF47A725D6804468846C5F309059C
:104FB00001356E00856CB5FBF6F5B5FBF2F5554392
:104FC0005D6200F087F920B10125284602B0BDE8F6
:104FD000F0817E0201A9206D324602F079F8054683
:104FE0000028F1D0636C019A9A6501221A654FF08E
:104FF000FF329A634FF48D72DA639E62236BE66C24
:10500000DB06334658BF4FEA4828012F424619D9DC
:1050100019212046FFF782FEB0B932680F4B1340CA
:1050200093B9636C42F2910239462046DA62E26C2F
:10503000FFF78AFE064638B901993546206D02F021
:1050400083F8C2E71821E4E739462046E26CFFF70F
:10505000ABFE0199206D02F077F8B6E708E0FFFD9E
:1050600012F0030F2DE9F04107460C4615461E4687
:1050700017D00E44B44202D10020BDE8F0810123D4
:10508000FA6B21463846FFF71FFF0028F5D1284666
:105090004FF40072F96B05F500750134FCF7B0FEB2
:1050A000E8E7BDE8F041FFF70FBF000012F0030F83
:1050B0002DE9F04107460C4615461E4617D00E4412
:1050C000B44202D10020BDE8F08129464FF40072BD
:1050D000F86B05F50075FCF793FE0123FA6B21468A
:1050E0003846FFF759FF0028EDD10134E8E7BDE865
:1050F000F041FFF751BF000000207047302310B58A
:1051000083F311880024436C40302146DC6301F0B6
:1051100013F884F3118810BD090100F160430122E6
:1051200003F56143C9B283F8001300F01F039A40EE
:1051300043099B0003F1604303F56143C3F88021F9
:105140001A60704700F01F0301229A40430900F1E2
:1051500060409B0000F5614003F1604303F561434B
:10516000C3F88020C3F88021002380F80033704703
:105170000379052B05BF836A002001204B6004BF23
:105180004FF400730B60704773B504460D460F4E25
:10519000A26B01AB0D2120468DB1FFF7BFFD90B989
:1051A000019B33420ED1C3F34323042B0BD0053BA9
:1051B000022B07D84FF47A7000F0A4FFE8E7FFF75E
:1051C00097FDECE7012002B070BD00BF08E0FFFDD5
:1051D000F8B5856A0446A94202D26D1AAB4205D9D8
:1051E000636B012043F080036363F8BD06250571FE
:1051F000FFF736FF05232371F7E70000F8B5856A4E
:105200000446A94202D26D1AAB4205D9636B012054
:1052100043F080036363F8BD07250571FFF746FF80
:1052200005232371F7E7000038B505790446052DFD
:1052300005D108230371FFF75FFF257138BD0120F9
:10524000FCE70000036B03F00F03022BF0B50546EB
:1052500085B00C464FF000070CD10F7003AB1A4A13
:105260000621FFF75BFD78B9184B039A13405BB931
:10527000012308E0C66B7E220F7018307F2103F0F7
:1052800063F920B900232370002005B0F0BD062388
:105290004022314628460097FFF7BAFD0028F1D199
:1052A000B3895BBA9B07EFD5094B402231462846AC
:1052B00000930623FFF7ACFD0028E3D1337C03F015
:1052C0000F030F2BDED0D3E70001B90308E0FFFD89
:1052D000F1FFFF800121FFF757BF000070B53023B9
:1052E000054683F3118803790024022B03D184F34C
:1052F0001188204670BD0423037184F311880226AF
:10530000FFF7E8FF04462846FFF7CEFC2E71F0E7D2
:105310000021FFF739BF00000323F0B5044687B032
:10532000002503718DF80F50FFF78CFC2A462946A3
:105330002046FFF7D1FC4FF4D57205AB082120467B
:10534000FFF7ECFC0246B8B901232363059BC3F3C6
:105350000323012B09D105AB37212046FFF7DEFCE3
:1053600018B9934B059A1340ABB120460125FFF7BE
:105370009BFC0223237114E105AB2A46372120460A
:10538000FFF7CCFC28B98A4A059B1A40002A00F096
:10539000AC8002232363236B03F00F03022B40F046
:1053A000AE806425834E42F2107000F0ABFE05AB78
:1053B000324601212046FFF79BFC0028D5D1059BF2
:1053C000002B80F298805B0003D5236B43F0100321
:1053D0002363002204F1080302212046FFF7FCFCAE
:1053E00002460028C1D104F1380303212046FFF70B
:1053F00095FC0028B9D104F11805A26B09212046BB
:105400002B46FFF7E9FC0028AFD104ABA26B0721C4
:105410002046FFF783FC0028A7D10DF10F0120469D
:10542000FFF710FF0028A0D19DF80F102046FFF7CE
:105430001BFC2046FFF76CFF0646002895D1236B26
:1054400003F00F03022B40F083807E227F21284649
:1054500003F07AF801287BD9E56B42F2107000F076
:1054600051FE08234FF40072294620460096FFF7AC
:10547000CFFC00287FF479AF284603F0B3F8A06290
:105480000DF10F012046FFF7DDFE00287FF46DAF20
:105490009DF80F102046FFF7E7FB04AB4FF40072B6
:1054A00010212046FFF73AFC054600287FF45DAF47
:1054B0003F4E049B33427FF458AF236B13F00E0F23
:1054C00003F00F0248D0022A7FF44FAFE36A197845
:1054D000012969D0022969D0002960D0364F2046C1
:1054E000FFF7E8FB05AB3A464EE011462046226343
:1054F000FFF7F2FB4FE7013D7FF455AF35E72F4D46
:1055000064262F4A2A4F012B18BF154605AB0022EF
:1055100037212046FFF702FC00287FF426AF059BC9
:105520003B427FF422AF05AB2A4629212046FFF7F4
:10553000DFFB00287FF419AF059B002BFFF643AF7C
:10554000013E3FF412AF42F2107000F0DBFDDDE7E8
:10555000284603F01BF892E7E36A1978F9B10129AC
:105560007FF403AF2046FFF7A5FB05ABA26B372105
:105570002046FFF7D3FB00287FF4F7AE059B3342AC
:105580007FF4F3AE05AB022206212046FFF7C6FBEF
:1055900000287FF4EAAE059B33427FF4E6AE052394
:1055A0002371284607B0F0BD064F98E7064F96E7EF
:1055B00008E0FFFD0080FFC00000B7030080FF503F
:1055C000000010800001B7030002B703FFF7C8BA5C
:1055D000044B03600123037100234363C0E90A33D2
:1055E000704700BF5891000810B53023044683F37C
:1055F0001188C162FFF7CEFA02230020237180F3E5
:10560000118810BD10B53023044683F31188FFF7CD
:10561000EBFA00230122E362227183F3118810BDAB
:10562000026843681143016003B1184770470000E6
:1056300013B5406B00F58054D4F8A4381A6811787B
:10564000042914D1017C022911D11979012312896D
:105650008B4013420BD101A94C3002F0A3FED4F8C9
:10566000A4480246019B2179206800F005FA02B0A7
:1056700010BD0000143002F025BE00004FF0FF33D3
:10568000143002F01FBE00004C3002F0F7BE0000E4
:105690004FF0FF334C3002F0F1BE0000143002F046
:1056A000F3BD00004FF0FF31143002F0EDBD0000FB
:1056B0004C3002F0C3BE00004FF0FF324C3002F01D
:1056C000BDBE000010B500F58054D4F8A4381A68A7
:1056D0001178042917D1017C022914D159790123A9
:1056E00052898B4013420ED1143002F087FD0246DE
:1056F00048B1D4F8A4484FF4407361792068BDE8FC
:10570000104000F0A7B910BD406BFFF7DBBF0000F1
:1057100000290CBF6FF01300002070477047000095
:105720007FB5124B0125042604460360002305744F
:1057300000F1840243602946C0E902330C4B029019
:10574000143001934FF44073009602F033FD094B7F
:1057500004F69442294604F14C000294CDE900631A
:105760004FF4407302F0FAFD04B070BD7C91000864
:105770000957000831560008302383F311880B794C
:105780000A680B3342F823004B79133342F82300A5
:105790008B7913B10B3342F8230000F58053C3F823
:1057A000A41802230374002080F3118870470000BE
:1057B00038B5037F044613B190F85430ABB90125D6
:1057C000201D0221FFF72CFF04F114006FF00101EE
:1057D000257700F0D7FC04F14C0084F854506FF0AA
:1057E0000101BDE8384000F0CDBC38BD10B5012145
:1057F00004460430FFF714FF0023237784F8543065
:1058000010BD000038B504460025143002F0EAFC53
:1058100004F14C00257702F0B9FD201D84F85450A6
:105820000121FFF7FDFE2046BDE83840FFF74ABFE3
:1058300090F8803003F06003202B06D190F881208F
:105840000023212A03D81F2A06D800207047222AC5
:10585000FBD1C0E91D3303E0034A42670722826798
:10586000C3670120704700BF3422002037B500F520
:105870008055D5F8A4381A68117804291AD1017C0A
:10588000022917D11979012312898B40134211D1B2
:1058900000F14C04204602F039FE58B101A920461F
:1058A00002F080FDD5F8A4480246019B21792068CA
:1058B00000F0E2F803B030BD2DE9F34104460D4697
:1058C00021B301F10B0350F82360FEB1302383F3C1
:1058D000118800EB810706F14C08FB685B691B68C7
:1058E00033B1404602F06CFD0821301DFFF798FEF1
:1058F00001A9404602F056FD024650B1019B2946DF
:10590000204600F0B9F8002383F3118802B0BDE807
:10591000F081FB685A69126832B11B8A013B13405F
:1059200002D104F18002EAE71021301DFFF778FE72
:10593000E9E7000038B509B3133150F82140ECB164
:10594000302383F3118804F58053D3F8A428136817
:10595000527903EB8203DB689B695D6845B10421E2
:105960006018FFF75DFE294604F1140002F050FCB8
:105970002046FFF7A7FE002383F3118838BD0000FF
:105980007047000010B50446002102F061FA0021C2
:10599000204602F051FA63681B6813B106212046C5
:1059A0009847A36823F00113A3600023A36706238D
:1059B00084F8703010BD000001F03CBD012340228E
:1059C000002110B5044600F8303BFCF73FFA0023F5
:1059D000C4E9013310BD000010B53023044683F341
:1059E00011882422416000210C30FCF72FFA204658
:1059F00001F042FD02230020237080F3118810BDC6
:105A000070B500EB8103054650690E461446DA6016
:105A100018B110220021FCF719FAA06918B1102260
:105A20000021FCF713FA31462846BDE8704001F02A
:105A30002BBE000083682022002103F0011310B563
:105A4000044683601030FCF701FA2046BDE81040A0
:105A500001F0A6BEF0B4012500EB810447898D401A
:105A6000E4683D43A469458123600023A26063602C
:105A7000F0BC01F0C3BE0000F0B4012500EB8104CE
:105A800007898D40E4683D436469058123600023F4
:105A9000A2606360F0BC01F039BF000070B5022362
:105AA00000250446242203702946C0F888500C3093
:105AB000C56640F8045CFCF7C9F9204684F87050CC
:105AC00001F074FD63681B6823B129462046BDE8D8
:105AD0007040184770BD00000378052B10B50446D0
:105AE0000AD080F88C300523037043681B680BB123
:105AF000042198470023A36010BD00000178052908
:105B000006D190F88C20436802701B6803B11847D7
:105B10007047000070B590F8703004463BB1836860
:105B200023F0011383600023836780F8703004F151
:105B300080020021204601F057FE63689B684BB944
:105B400094F8803013F0600528D02046BDE87040FE
:105B5000FFF718BF204698470028F1D0B4F88630E8
:105B6000A26F9A4288BFA36794F98030A56F002B7B
:105B70004FF0300380F20281002D00F0F180092205
:105B800084F8702083F3118800212046D4E91D2376
:105B9000FFF772FF002383F3118870BD94F8812012
:105BA00003F07F0343EA022340F20232934200F003
:105BB000C48021D8B3F5807F47D00DD8012B3ED0CB
:105BC000022B00F09280002BBFD104F188026267A3
:105BD0000222A267E367C1E7B3F5817F00F09A80F4
:105BE000B3F5407FB1D194F88230012BADD1B4F838
:105BF000883043F0020331E0B3F5006F4CD017D882
:105C0000B3F5A06F30D0A3F5C063012B9DD86368B6
:105C1000204694F882205E6894F88310B4F88430AB
:105C2000B047002891D0436863670368A36719E011
:105C3000B3F5106F35D040F60242934285D15C4BEC
:105C400063670223A3670023C4E794F88230012B23
:105C50007FF47BAFB4F8883023F00203A4F88830D7
:105C6000C4E91D55E56779E7B4F88030B3F5A06F56
:105C70000ED194F88230204684F88A3001F0F6FC88
:105C800063681B6813B101212046984703232370E2
:105C90000023C4E91D339DE704F18B0363670123EF
:105CA000C4E72378042B10D1302383F311882046D6
:105CB000FFF7C0FE85F311880321636884F88B50D9
:105CC00021701B680BB12046984794F88230002B56
:105CD000DED084F88B300423237063681B68002BAC
:105CE000D6D0022120469847D2E794F88430204647
:105CF0001D0603F00F010AD501F068FD012804D04C
:105D000002287FF422AF2B4B9AE72B4B98E701F048
:105D10004FFDF3E794F88230002B7FF416AF94F830
:105D2000843013F00F01B3D01A06204602D502F0DA
:105D3000A7F8ADE702F098F8AAE794F88230002BB4
:105D40007FF403AF94F8843013F00F01A0D01B064A
:105D5000204602D502F07CF89AE702F06DF897E74A
:105D6000142284F8702083F311882B462A46294692
:105D70002046FFF76FFE85F311880EE75DB115220F
:105D800084F8702083F3118800212046D4E91D2374
:105D9000FFF760FEFEE60B2284F8702083F3118883
:105DA0002B462A4629462046FFF766FEE3E700BF5A
:105DB000AC910008A4910008A891000838B590F8AB
:105DC000703004460B2B09D80B2B37D8DFE803F0D3
:105DD0000836363636360836360D2737152B2DD190
:105DE0002046BDE83840FFF7CDBD856FB0F886305E
:105DF0009D4214D2C3681B8AB5FBF3F203FB125514
:105E00006DB9302383F311882B462A462946FFF7C4
:105E100033FE85F311880A2384F870300EE01423D2
:105E200084F87030302383F31188002320461A460B
:105E30001946FFF70FFE002383F3118838BDC36FA7
:105E400003B19847A36823F00113A3600023A3675D
:105E5000E2E7000010B590F870300446142B1ED015
:105E60000CD8062B05D001D81BB110BD0A3B012B65
:105E7000FBD82046BDE81040FFF784BD152BF4D1B8
:105E80000B2380F87030302383F3118800231A46E7
:105E90001946FFF7F1FD002383F31188E5E7C36896
:105EA0009B695B68002BE0D1C36F03B19847A3687F
:105EB00023F00113A3600023A36784F87030D4E7B4
:105EC00000238268037503691B6899689142FBD2BD
:105ED0005A6803604260106058607047002382680F
:105EE000037503691B6899689142FBD85A6803607F
:105EF000426010605860704708B50846302383F34D
:105F000011880A7D0023052A06D8DFE802F00B0578
:105F10000503120E826913604FF0FF338361FFF7B0
:105F2000CFFF002383F3118808BD82699368013392
:105F30009360D0E9003213605A60EDE7FFF7C0BF0D
:105F400038B50A4B1C68DD682875226853601A60F2
:105F50000122DC60A3682275934201D101F012F99D
:105F600029462046BDE83840FAF74CBAF8380020F8
:105F70000C4B30B5DD684B1C87B004460FD02B4668
:105F8000094A684600F092F92046FFF7D9FF009BC6
:105F900013B1684600F094F9A86907B030BDFFF767
:105FA000CFFFF9E7F8380020F95E000870B50F4E12
:105FB00004468161F36881689A68914203D8BDE81C
:105FC0007040FFF77DBF1846FFF788FF83680546DE
:105FD000012B01D101F0D8F8012329462046F460B5
:105FE0002375BDE87040FAF70DBA00BFF8380020FD
:105FF000044B1A68DB6890689B68984294BF002045
:1060000001207047F838002038B50B4B1C68DD685C
:10601000226853601A600122DC602275AB689342EB
:1060200001D101F0B1F82846FFF758FF014620469C
:10603000BDE83840FAF7E6B9F838002038B5012352
:10604000084C00252370656002F0FAFA02F024FB88
:106050000549064802F000FC0223237085F31188ED
:1060600038BD00BF603B0020B4910008F838002024
:1060700000F05CB9034A516853685B1A9842FBD838
:10608000704700BF001000E08B60022308610846E3
:106090008B8270478368A3F1840243F8142C026951
:1060A00043F8442C426943F8402C094A43F8242C15
:1060B000C268A3F1200043F8182C022203F80C2C2C
:1060C000002203F80B2C034A43F8102C704700BF42
:1060D0001D040008F838002008B5FFF7DBFFBDE815
:1060E0000840FFF72BBF0000024BDB6898610F20D0
:1060F000FFF726BFF8380020302383F31188FFF71D
:10610000F3BF000008B50146302383F3118808204F
:10611000FFF72EFF002383F3118808BD054BDB68D2
:1061200021B1036098610320FFF722BF4FF0FF30D9
:10613000704700BFF838002003682BB100220260CE
:1061400018469961FFF7FABE70470000064BDB68FE
:1061500039B1426818605A60136043600420FFF749
:1061600007BF4FF0FF307047F838002003689842AF
:1061700006D01A680260506018469961FFF7DEBECB
:106180007047000038B504460D462068844200D1AF
:1061900038BD036823605C608561FFF7CFFEF4E7DC
:1061A000036810B59C68A2420CD85C688A600B60DA
:1061B0004C602160596099688A1A9A604FF0FF33E9
:1061C000836010BD121B1B68ECE700000A2938BF72
:1061D0000A2170B504460D460A26601902F02AFA13
:1061E00002F012FA041BA54203D8751C04462E4681
:1061F000F3E70A2E04D90120BDE8704002F06CBB21
:1062000070BD0000F8B5144B0D460A2A4FF00A077E
:10621000D96103F11001826038BF0A224160196917
:106220001446016048601861A81802F0F3F902F002
:10623000EBF9431B0646A34206D37C1C28192746CC
:10624000354602F0F7F9F2E70A2F04D90120BDE83C
:10625000F84002F041BBF8BDF8380020F8B506461A
:106260000D4602F0D1F90F4A134653F8107F9F42B2
:1062700006D12A4601463046BDE8F840FFF7C2BFC6
:10628000D169BB68441A2C1928BF2C46A34202D9F5
:106290002946FFF79BFF224631460348BDE8F840F8
:1062A000FFF77EBFF838002008390020C0E903233B
:1062B000002310B45DF8044B4361FFF7CFBF00002B
:1062C00010B5194C236998420DD08168D0E900328D
:1062D00013605A609A680A449A60002303604FF082
:1062E000FF33A36110BD0268234643F8102F5360AB
:1062F0000022026022699A4203D1BDE8104002F0F8
:1063000093B9936881680B44936002F07DF9226928
:10631000E1699268441AA242E4D91144BDE81040F0
:10632000091AFFF753BF00BFF83800202DE9F047E6
:10633000DFF8BC8008F110072C4ED8F8105002F09E
:1063400063F9D8F81C40AA68031B9A423ED814444B
:106350004FF00009D5E90032C8F81C4013605A60BC
:10636000C5F80090D8F81030B34201D102F05CF9C2
:1063700089F31188D5E9033128469847302383F300
:1063800011886B69002BD8D002F03EF96A69A0EB46
:10639000040982464A450DD2022002F09DFA0022ED
:1063A000D8F81030B34208D151462846BDE8F0472E
:1063B000FFF728BF121A2244F2E712EB0909294617
:1063C000384638BF4A46FFF7EBFEB5E7D8F810303D
:1063D000B34208D01444C8F81C00211AA960BDE8D3
:1063E000F047FFF7F3BEBDE8F08700BF0839002093
:1063F000F838002038B502F007F9054AD2E9084517
:10640000031B181945F10001C2E9080138BD00BF9E
:10641000F838002010B560B9074804790368053CD6
:106420009B6818BF0124984708B144F00404204633
:1064300010BD0124FBE700BFA0360020FFF7EABF34
:106440002DE9F047884617469A460446B0B90D4EE6
:106450003579052D05D003240DE0013D15F0FF052C
:106460000ED03268534639463046D2F81490424630
:10647000C8470028F1D12046BDE8F0870424FAE798
:106480000124F8E7A03600202DE9F047884617469A
:106490009A460446B0B90D4E3579052D05D0032432
:1064A0000DE0013D15F0FF050ED032685346394628
:1064B0003046D2F818904246C8470028F1D120460D
:1064C000BDE8F0870424FAE70124F8E7A0360020AD
:1064D00037B50C46154670B951B101290BD10748A3
:1064E000694603681B6A984710B9019B04462B60F4
:1064F000204603B030BD0424FAE700BFA0360020D8
:1065000000207047FEE70000704700004FF0FF30AA
:10651000704700004B6843608B688360CB68C36042
:106520000B6943614B6903628B6943620B680360CB
:106530007047000008B53C4B40F2FF713B48D3F870
:1065400088200A43C3F88820D3F8882022F4FF6209
:1065500022F00702C3F88820D3F88820D3F8E0207F
:106560000A43C3F8E020D3F808210A43C3F80821FE
:106570002F4AD3F808311146FFF7CCFF00F58060B1
:1065800002F11C01FFF7C6FF00F5806002F138013F
:10659000FFF7C0FF00F5806002F15401FFF7BAFF7A
:1065A00000F5806002F17001FFF7B4FF00F5806034
:1065B00002F18C01FFF7AEFF00F5806002F1A80147
:1065C000FFF7A8FF00F5806002F1C401FFF7A2FF0A
:1065D00000F5806002F1E001FFF79CFF00F58060AC
:1065E00002F1FC01FFF796FF02F58C7100F5806067
:1065F000FFF790FF01F0E0FC0E4BD3F8902242F041
:106600000102C3F89022D3F8942242F00102C3F8A9
:1066100094220522C3F898204FF06052C3F89C20C2
:10662000054AC3F8A02008BD0044025800000258E3
:10663000C091000800ED00E01F00080308B501F05C
:10664000A7FDFFF7FBFC104BD3F8DC2042F0400223
:10665000C3F8DC20D3F8042122F04002C3F804215F
:10666000D3F80431094B1A6842F008021A601A681C
:1066700042F004021A6000F06FFD00F043FBBDE839
:10668000084000F0B5B800BF0044025800180248A6
:1066900001207047002070477047000002290CD08D
:1066A000032904D00129074818BF00207047032A96
:1066B00005D8054800EBC200704704487047002029
:1066C000704700BFC0930008442200207493000864
:1066D00070B59AB005460846144601A900F0C2F804
:1066E00001A8FBF7ABFB431C0022C6B25B001046BF
:1066F000C5E9003423700323023404F8013C01ABE4
:10670000D1B202348E4201D81AB070BD13F8011B09
:10671000013204F8010C04F8021CF1E708B530233B
:1067200083F311880348FFF7A1F8002383F311884E
:1067300008BD00BF683B002090F8803003F01F02C6
:10674000012A07D190F881200B2A03D10023C0E948
:106750001D3315E003F06003202B08D1B0F884301E
:106760002BB990F88120212A03D81F2A04D8FFF7DB
:106770005FB8222AEBD0FAE7034A42670722826712
:10678000C3670120704700BF3B22002007B50529E1
:1067900017D8DFE801F0191603191920302383F305
:1067A0001188104A01210190FFF72AF9019802216E
:1067B0000D4AFFF725F90D48FFF724F8002383F36E
:1067C000118803B05DF804FB302383F31188074878
:1067D000FEF7EEFFF2E7302383F311880348FFF75B
:1067E00005F8EBE71493000838930008683B002095
:1067F00038B50C4D0C4C2A460C4904F10800FFF743
:1068000067FF05F1CA0204F110000949FFF760FFB4
:1068100005F5CA7204F118000649BDE83840FFF7D3
:1068200057BF00BF4054002044220020F4920008CB
:10683000FE9200080993000870B5044608460D460C
:10684000FBF7FCFAC6B22046013403780BB91846B0
:1068500070BD32462946FBF7DDFA0028F3D101204E
:10686000F6E700002DE9F04705460C46FBF7E6FA8F
:106870002C49C6B22846FFF7DFFF08B10836F6B24A
:1068800029492846FFF7D8FF08B11036F6B2632E23
:106890000BD8DFF89080DFF89090244FDFF898A0B5
:1068A0002E7846B92670BDE8F08729462046BDE817
:1068B000F04702F0EBB8252E30D10722414628469A
:1068C000FBF7A8FA80B91A4B224603F10C0153F8E2
:1068D000040B8B4242F8040BF9D1198807359B78D9
:1068E0000F3411809370DBE7082249462846FBF7F6
:1068F00091FA98B9A21C0F4B197802320909C95DA7
:1069000002F8041C13F8011B01F00F015345C95D87
:1069100002F8031CF0D118340835C1E7013504F83A
:10692000016BBDE7E093000809930008F8930008A5
:10693000E893000800E8F11F0CE8F11FBFF34F8F48
:10694000044B1A695107FCD1D3F810215207F8D132
:10695000704700BF0020005208B50D4B1B78ABB943
:10696000FFF7ECFF0B4BDA68D10704D50A4A5A60EF
:1069700002F188325A60D3F80C21D20706D5064AB4
:10698000C3F8042102F18832C3F8042108BD00BF16
:106990009E560020002000522301674508B5114B88
:1069A0001B78F3B9104B1A69510703D5DA6842F026
:1069B0004002DA60D3F81021520705D5D3F80C2134
:1069C00042F04002C3F80C21FFF7B8FF064BDA682B
:1069D00042F00102DA60D3F80C2142F00102C3F860
:1069E0000C2108BD9E560020002000520F289ABF9F
:1069F00000F5806040040020704700004FF4003034
:106A000070470000102070470F2808B50BD8FFF71B
:106A1000EDFF00F500330268013204D104308342F7
:106A2000F9D1012008BD0020FCE700000F2838B58F
:106A300005463FD8FFF782FF1F4CFFF78DFF4FF051
:106A4000FF3307286361C4F814311DD82361FFF7B1
:106A500075FF030243F02403E360E36843F080031F
:106A6000E36023695A07FCD42846FFF767FFFFF766
:106A7000BDFF4FF4003100F09FFA2846FFF78EFF6C
:106A8000BDE83840FFF7C0BFC4F81031FFF756FF2C
:106A9000A0F108031B0243F02403C4F80C31D4F81E
:106AA0000C3143F08003C4F80C31D4F810315B078B
:106AB000FBD4D9E7002038BD002000522DE9F84F63
:106AC00004460D46104644EA0203DE0602D00020CA
:106AD000BDE8F88F20F01F00DFF8D4B0DFF8D4A0B5
:106AE000FFF73AFF05EB0008454503D10120FFF70A
:106AF00055FFEDE720222946204601F08FFF10B90F
:106B000020342035F0E7234604F120021F68791C69
:106B1000DDD104339342F9D104F178432048214E6A
:106B2000B3F5801F204B38BF184603F1F80332BF7E
:106B3000D946D1461E46FFF701FF0760A4EB050CBE
:106B4000336805F11C0143F0020333602B1FD9F8B1
:106B5000007017F00507FAD153F8042F8B424CF858
:106B60000320F4D1BFF34F8FFFF7E8FE4FF0FF3360
:106B70000360336823F002033360BFF34F8F0B4B86
:106B8000C3F85C42BFF34F8FBFF36F8F20222946BB
:106B9000204601F043FF0028B2D03846A7E700BFE7
:106BA000142100520C2000521420005200ED00E08D
:106BB000102000521021005210B5084C237828B143
:106BC0001BB9FFF7C9FE0123237010BD002BFCD0B9
:106BD0002070BDE81040FFF7E1BE00BF9E560020C8
:106BE0002DE9F04F0D4685B0814658B111F00D06E4
:106BF00014BF2022082211F00803019304D0431E81
:106C000003426AD0002435E0002E37D009F11F017D
:106C100021F01F094FF00108324F05F00403DFF89F
:106C2000D0A005EA080BBBF1000F32D07869C0078D
:106C30002FD408F101080C37B8F1060FF3D19EB933
:106C4000294D4946A819019201F048FD0446002843
:106C50003AD11836019A782EF3D1494601F03EFD1B
:106C60000446002830D1019A4946204801F036FDFB
:106C7000044668BB204605B0BDE8F08F0029C9D1A5
:106C800001462846029201F029FD0446E0B9029A25
:106C9000C0E713B178694107CBD5AC0702D5786955
:106CA0008007C6D5019911B178690107C1D51820AF
:106CB000494600FB08A0CDE9022301F00FFD044680
:106CC000DDE902230028B4D04A460021204601E035
:106CD0004A460021FBF7BAF8CCE70246002E95D1D0
:106CE00098E700BF0C940008D0560020A056002062
:106CF000B85600200021FFF773BF00000121FFF705
:106D00006FBF0000F8B500231A461A600433B3F5CC
:106D1000806FFAD1114D01241827114E07FB046032
:106D200001342A6955F80C1F01F0C4FC062CF5D17A
:106D300037254FF4C0542046FFF7E0FF014628B145
:106D400022460848BDE8F84001F0B4BCC4EBC404D6
:106D5000013D4FEAD404EED1F8BD00BF0C94000809
:106D6000B8560020A05600200421FFF739BF0000CC
:106D70004843FFF7BFBF000008B101F029BD7047CD
:106D8000B0F5805F10B5044607D8FFF7EDFF28B9CE
:106D90002046BDE81040FFF7ADBF002010BD000049
:106DA000FFF7EABF70B5AAB140EA010313F01F0371
:106DB0000FD1094C0144A5686D0706D52568A84286
:106DC00003D366683544A94204D903330C34122B2B
:106DD000F1D10022104670BD0C94000808B501F0F6
:106DE000BFFD034AD2E90032C01842EB010108BDE1
:106DF00048570020434BD3E900232DE9F3411343C7
:106E00007CD0FFF7EBFF404A00230027F9F714FB83
:106E100006460D463D4A0023F9F70EFB00231446B3
:106E200030462946394AF9F707FB4FF461613C23A4
:106E3000ADF80170B4FBF1F5B4FBF3F601FB1541BD
:106E400003FB16464624B1FBF3F1314BF6B28DF845
:106E5000004098423CD84FF0640C4FF4C87EA30722
:106E600004F26C7225D1B2FBFCF30CFB132313BBB1
:106E7000B2FBFEF30EFB1322B2FA82F35B0903F2BC
:106E80006D18621C8045D2B217D90FB18DF8004041
:106E90000022204C4FF00C0C17460CFB0343D4B2DD
:106EA000013213F804C084450CD8A0EB0C00012774
:106EB000F5E70023E3E70123E1E7A0EB0800144630
:106EC0000127CCE70FB18DF80140431C8DF802304B
:106ED0009DF80100431C9DF800005038400640EA30
:106EE00043509DF8023040EA034040EA560040EA31
:106EF000C52040EA411002B0BDE8F0814FF4041013
:106F0000F9E700BF4857002040420F0080510100C0
:106F100090230B00549400080244074BD2B210B5E2
:106F2000904200D110BD441C00B253F8200041F83B
:106F3000040BE0B2F4E700BF504000580E4B30B5F0
:106F40001C6F240405D41C6F1C671C6F44F40044A0
:106F50001C670A4C02442368D2B243F48073236056
:106F6000074B904200D130BD441C51F8045B00B285
:106F700043F82050E0B2F4E70044025800480258B9
:106F80005040005807B5012201A90020FFF7C4FFB7
:106F9000019803B05DF804FB13B50446FFF7F2FF58
:106FA000A04205D0012201A900200194FFF7C6FFED
:106FB00002B010BD704700000144BFF34F8F064B75
:106FC000884204D3BFF34F8FBFF36F8F7047C3F86E
:106FD0005C022030F4E700BF00ED00E00144BFF3A5
:106FE0004F8F064B884204D3BFF34F8FBFF36F8F91
:106FF0007047C3F870022030F4E700BF00ED00E0F6
:1070000070B5054616460C4601201021FFF7B0FE6C
:10701000286046733CB1204636B1FFF7A5FE2B68C9
:10702000186000B19C6070BDFFF768FEF7E70000D4
:10703000F8B50F461546044648B905F11F0101266B
:10704000386821F01F01FFF7B7FF3046F8BD427BDB
:1070500029463868FFF7A6FE06460028EDD13B68B2
:107060006360A368AB4210D213B12068FFF784FEBF
:10707000637B28462BB1FFF777FE206020B9A06024
:10708000E3E7FFF73BFEF8E7A560206805F11F0185
:10709000012621F01F013860FFF78EFF2673D4E729
:1070A00070B50E4602F11F010446154621F01F017E
:1070B0003046FFF793FF4CB12168B14206D16068BA
:1070C00010B12A46FAF79CFE0023237370BD00001E
:1070D000F8B50F461446054648B904F11F010126CC
:1070E000386821F01F01FFF779FF3046F8BD427B79
:1070F00021463868FFF756FE06460028EDD1AB68FA
:10710000A34210D213B12868FFF736FE6B7B2046EE
:107110002BB1FFF729FE286020B9A860E5E7FFF74B
:10712000EDFDF8E7AC60396819B122462868FAF736
:1071300067FE286804F11F01012621F01F01386055
:10714000FFF74CFF2E73D0E720B103688B4204BFDA
:107150000023037370470000034B1A681AB9034AEF
:10716000D2F8D0241A6070475057002000400258CF
:1071700008B5FFF7F1FF024B1868C0F3806008BD47
:10718000505700207047000070470000EFF309835C
:10719000054968334A6B22F001024A6383F3098888
:1071A000002383F31188704700EF00E0302080F364
:1071B000118862B60D4B0E4AD96821F4E0610904CA
:1071C000090C0A430B49DA60D3F8FC2042F08072C4
:1071D000C3F8FC20084AC2F8B01F116841F0010151
:1071E00011602022DA7783F82200704700ED00E07A
:1071F0000003FA0555CEACC5001000E0302310B5F1
:1072000083F311880E4B5B6813F4006314D0F1EE26
:10721000103AEFF309844FF08073683CE361094B47
:10722000DB6B236684F30988FEF7E2FE10B1064BA0
:10723000A36110BD054BFBE783F31188F9E700BF9D
:1072400000ED00E000EF00E02F0400083204000829
:1072500070B5BFF34F8FBFF36F8F1A4A0021C2F88A
:107260005012BFF34F8FBFF36F8F536943F4003356
:107270005361BFF34F8FBFF36F8FC2F88410BFF31A
:107280004F8FD2F8803043F6E074C3F3C900C3F3E4
:107290004E335B0103EA0406014646EA8175013973
:1072A000C2F86052F9D2203B13F1200FF2D1BFF3A4
:1072B0004F8F536943F480335361BFF34F8FBFF354
:1072C0006F8F70BD00ED00E0FEE70000214B22480B
:1072D000224A70B5904237D3214BC11EDA1C121AD4
:1072E00022F003028B4238BF00220021FAF7AEFDE4
:1072F0001C4A0023C2F88430BFF34F8FD2F880308D
:1073000043F6E074C3F3C900C3F34E335B0103EAF1
:107310000406014646EA81750139C2F86C52F9D279
:10732000203B13F1200FF2D1BFF34F8FBFF36F8FCC
:10733000BFF34F8FBFF36F8F0023C2F85032BFF3FC
:107340004F8FBFF36F8F70BD53F8041B40F8041BC1
:10735000C0E700BF24950008C4580020C45800208E
:10736000C458002000ED00E0074BD3F8D81021EA04
:107370000001C3F8D810D3F8002122EA0002C3F8B4
:107380000021D3F8003170470044025870B5D0E9AD
:10739000244300224FF0FF359E6804EB4213510155
:1073A000D3F80009002805DAD3F8000940F080403E
:1073B000C3F80009D3F8000B002805DAD3F8000B56
:1073C00040F08040C3F8000B013263189642C3F8C6
:1073D0000859C3F8085BE0D24FF00113C4F81C3819
:1073E00070BD0000F0B5D0E9246301250C309F6822
:1073F00000231A4650F8041B59B18C6924B103F1DB
:10740000100405FA04F42243496911B105FA03F1A5
:107410000A4301339F42EDD2C6F81C28F0BD00009C
:10742000890141F02001016103699B06FCD412200F
:10743000FEF720BE10B50A4C2046FEF7BFFA094BF6
:10744000C4F89030084BC4F89430084C2046FEF73E
:10745000B5FA074BC4F89030064BC4F8943010BD11
:10746000545700200000084090940008F057002076
:10747000000004409C94000870B503780546012B79
:107480005CD1434BD0F89040984258D1414B0E21EB
:107490006520D3F8D82042F00062C3F8D820D3F892
:1074A000002142F00062C3F80021D3F80021D3F894
:1074B000802042F00062C3F88020D3F8802022F0C0
:1074C0000062C3F88020D3F88030FDF725FE324BF0
:1074D000E360324BC4F800380023D5F89060C4F85C
:1074E000003EC02323604FF40413A3633369002BD1
:1074F000FCDA01230C203361FEF7BCFD3369DB07A6
:10750000FCD41220FEF7B6FD3369002BFCDA00260E
:107510002846A660FFF73AFF6B68C4F81068DB687E
:10752000C4F81468C4F81C6883BB1D4BA3614FF0FA
:10753000FF336361A36843F00103A36070BD194B7F
:107540009842C9D1134B4FF08060D3F8D82042F055
:107550000072C3F8D820D3F8002142F00072C3F8BB
:107560000021D3F80021D3F8802042F00072C3F844
:107570008020D3F8802022F00072C3F88020D3F856
:107580008030FFF7F1FE0E214D209EE7064BCDE740
:1075900054570020004402584014004003002002C9
:1075A000003C30C0F0570020083C30C0F8B5D0F89F
:1075B0009040054600214FF000662046FFF730FF5F
:1075C000D5F8941000234FF001128F684FF0FF3070
:1075D000C4F83438C4F81C2804EB431201339F422A
:1075E000C2F80069C2F8006BC2F80809C2F8080BBB
:1075F000F2D20B68D5F89020C5F89830636210235A
:107600001361166916F01006FBD11220FEF732FD49
:10761000D4F8003823F4FE63C4F80038A36943F4B7
:10762000402343F01003A3610123C4F81038092359
:10763000C4F814380B4BEB604FF0C043C4F8103B58
:10764000094BC4F8003BC4F81069C4F80039D5F8F8
:10765000983003F1100243F48013C5F89820A36218
:10766000F8BD00BF6C94000840800010D0F8902056
:1076700090F88A10D2F8003823F4FE6343EA01132D
:10768000C2F80038704700002DE9F84300EB810391
:10769000D0F890500C468046DA680FFA81F948011C
:1076A000166806F00306731E022B05EB41134FF01C
:1076B000000194BFB604384EC3F8101B4FF001010F
:1076C00004F1100398BF06F1805601FA03F39169A3
:1076D00098BF06F5004600293AD0578A04F15801B0
:1076E000374349016F50D5F81C180B430021C5F8EA
:1076F0001C382B180127C3F81019A7405369611EC5
:107700009BB3138A928B9B08012A88BF5343D8F8F6
:107710009820981842EA034301F140022146C8F834
:107720009800284605EB82025360FFF779FE08EBCC
:107730008900C3681B8A43EA845348341E436401AA
:107740002E51D5F81C381F43C5F81C78BDE8F883C6
:1077500005EB4917D7F8001B21F40041C7F8001BBF
:10776000D5F81C1821EA0303C0E704F13F030B4AD4
:107770002846214605EB83035A60FFF751FE05EBCF
:107780004910D0F8003923F40043C0F80039D5F887
:107790001C3823EA0707D7E7008000100004000226
:1077A000D0F894201268C0F89820FFF7EFBD0000D1
:1077B0005831D0F8903049015B5813F4004004D0A0
:1077C00013F4001F0CBF0220012070474831D0F88D
:1077D000903049015B5813F4004004D013F4001FAB
:1077E0000CBF02200120704700EB8101CB68196AB1
:1077F0000B6813604B6853607047000000EB810317
:1078000030B5DD68AA691368D36019B9402B84BF0D
:10781000402313606B8A1468D0F890201C4402EB5C
:107820004110013C09B2B4FBF3F46343033323F08A
:10783000030343EAC44343F0C043C0F8103B2B6842
:1078400003F00303012B0ED1D2F8083802EB4110EC
:1078500013F4807FD0F8003B14BF43F0805343F013
:107860000053C0F8003B02EB4112D2F8003B43F05A
:107870000443C2F8003B30BD2DE9F041D0F89060E0
:1078800005460C4606EB4113D3F8087B3A07C3F8CC
:10789000087B08D5D6F814381B0704D500EB810304
:1078A000DB685B689847FA071FD5D6F81438DB0702
:1078B0001BD505EB8403D968CCB98B69488A5A6813
:1078C000B2FBF0F600FB16228AB91868DA6890421B
:1078D0000DD2121AC3E90024302383F31188214604
:1078E0002846FFF78BFF84F31188BDE8F081012360
:1078F00003FA04F26B8923EA02036B81CB68002B45
:10790000F3D021462846BDE8F041184700EB81033B
:107910004A0170B5DD68D0F890306C692668E66081
:1079200056BB1A444FF40020C2F810092A6802F02E
:107930000302012A0AB20ED1D3F8080803EB42145D
:1079400010F4807FD4F8000914BF40F0805040F05C
:107950000050C4F8000903EB4212D2F8000940F0CD
:107960000440C2F800090122D3F8340802FA01F1F8
:107970000143C3F8341870BD19B9402E84BF4020AC
:10798000206020681A442E8A8419013CB4FBF6F466
:1079900040EAC44040F00050C6E700002DE9F84F2F
:1079A000D0F8906005460C464F0106EB4113D3F822
:1079B000088918F0010FC3F808891CD0D6F81038D0
:1079C000DB0718D500EB8103D3F80CC0DCF81430CA
:1079D000D3F800E0DA68964533D2A2EB0E024FF0FE
:1079E00000091A60C3F80490302383F31188FFF76D
:1079F0008DFF89F3118818F0800F20D0D6F8343825
:107A00000126A64033421AD005EB84030134D5F891
:107A100090506FF00308D3F80CC0E4B22F44DCF8A8
:107A2000140005EB0434D0F800E0D0F80490F145E0
:107A300014D3D5F8343823EA0606C5F83468BDE80F
:107A4000F88F012303FA01F2038923EA0203038179
:107A5000DCF80830002BCED09847CCE7AEEB09031A
:107A6000BCF81020934228BF1346D7F8182992B2C9
:107A7000B3EB820FE3D88268194602EB030B0329AC
:107A8000ABEB010A1CD84FEA930A23F0030B08FB67
:107A90000A31934479B1022918D0032918D19BF8EF
:107AA000021009049BF801B041EA0B2112F82AA048
:107AB0004AEA010121601A444B4482604360B4E702
:107AC000DAF800A00439C4F800A0D8E70021E9E7FB
:107AD0000021EBE72DE9F74F0446D0F890504FF026
:107AE00040094FF0010A6F69AB691F4017F48058D5
:107AF0006F6105D0204603B0BDE8F04FFDF7CEBF63
:107B0000002F15DAD5F8003E9E0705D0D5F8003EC7
:107B100023F00303C5F8003E2046FFF763FCD5F8C9
:107B20000438204623F00103C5F80438FDF7E6FFCA
:107B3000380505D52046FFF729FC2046FDF7CCFF88
:107B4000B9040CD5D5F8083813F0060FEB6823F408
:107B500070530CBF43F4105343F4A053EB603A0747
:107B60001AD56368DB681BB9AB6923F00803AB6106
:107B70002378052B08D1D5F8003E204623F00303D7
:107B8000C5F8003EFDF7BAFF2046FFF72BFC6368FF
:107B9000DB680BB120469847FB026ED4BE0209D5C4
:107BA000D4F890200026D4F89430F1B29B68994222
:107BB00040F29B803803D5F8186800F1B4807A034E
:107BC00035D5F30703D500212046FFF7E7FEB007C0
:107BD00003D501212046FFF7E1FE710703D50221FD
:107BE0002046FFF7DBFE320703D503212046FFF7CF
:107BF000D5FEF30603D504212046FFF7CFFEB006DD
:107C000003D505212046FFF7C9FE710603D50621DD
:107C10002046FFF7C3FE320603D507212046FFF7B3
:107C2000BDFEF30503D508212046FFF7B7FEFE068B
:107C300019D5D4F89060336AC3F30A1203F00F0029
:107C400003F4F013B3F5802F00F0B280B3F5402FAA
:107C500009D104EB8000002106F58056C3681B6A39
:107C60008A4240F09880694B1F4203D0B9F1010964
:107C70007FF439AF03B0BDE8F08FD4F890604FF0D7
:107C8000000BD4F894205FFA8BF19268914285D86A
:107C900006EB4112D2F8000900F44020B0F5802F25
:107CA00020D1D2F8000900281CDAD2F8000940F0EF
:107CB0009040C2F80009D2F800090028FBDBD4F894
:107CC00090000191FFF7ACFB019920890AFA01F2BB
:107CD00020EA0202228104EB8102D26892680AB192
:107CE000204690470BF1010BCBE702EB4110D0F897
:107CF000003B03F44023B3F5802F12D1D0F8003BB2
:107D0000002B0EDA60890AFA01F320EA030363818B
:107D100004EB8103DB68DB681BB1204601929847C6
:107D2000019A01363FE7F10303D500212046FFF712
:107D3000A3FDB20303D501212046FFF79DFD730388
:107D400003D502212046FFF797FD300303D5032119
:107D50002046FFF791FDF10203D504212046FFF7ED
:107D60008BFDB20203D505212046FFF785FD730286
:107D700003D506212046FFF77FFD300203D50721FA
:107D80002046FFF779FDF1017FF519AF0821204664
:107D9000FFF772FD13E7880701D1D6F800800729A5
:107DA00001F101019CBF03F8018B4FEA182857E746
:107DB00004EB800E4FF0000C06F58056DEF80C3018
:107DC0009969D1E900038968C31A624510D1DEF8C8
:107DD0000C1093428869D0E901168BBFB618F618CB
:107DE00052185B1887BF86604260866043603AE73E
:107DF0001CF0030F01D1D6F8008063450CF1010C93
:107E000084BF01F8018B4FEA1828DEE73000000438
:107E100008B50348FFF75EFEBDE80840FFF7EEB97E
:107E20005457002008B50348FFF754FEBDE808404A
:107E3000FFF7E4B9F0570020D0F8903003EB411180
:107E4000D1F8003B43F40013C1F8003B7047000039
:107E5000D0F8903003EB4111D1F8003943F400130E
:107E6000C1F8003970470000D0F8903003EB4111A1
:107E7000D1F8003B23F40013C1F8003B7047000029
:107E8000D0F8903003EB4111D1F8003923F40013FE
:107E9000C1F8003970470000064BD3F8DC200243DC
:107EA000C3F8DC20D3F804211043C3F80401D3F84D
:107EB000043170470044025808B53E4B4FF0FF3183
:107EC000D3F8802062F00042C3F88020D3F88020ED
:107ED00002F00042C3F88020D3F88020D3F8842039
:107EE000C3F88410D3F884200022C3F88420D3F888
:107EF0008400D86F40F0FF4040F4FF0040F4DF40C2
:107F000040F07F00D867D86F20F0FF4020F4FF00DA
:107F100020F4DF4020F07F00D867D86FD3F88800C6
:107F20006FEA40506FEA5050C3F88800D3F88800D9
:107F3000C0F30A00C3F88800D3F88800D3F8900093
:107F4000C3F89010D3F89000C3F89020D3F89000B5
:107F5000D3F89400C3F89410D3F89400C3F8942095
:107F6000D3F89400D3F89800C3F89810D3F8980089
:107F7000C3F89820D3F89800D3F88C00C3F88C107D
:107F8000D3F88C10C3F88C20D3F88C20D3F89C2025
:107F900062F00202C3F89C20D3F89C2002F0020297
:107FA000C3F89C20D3F89C30FCF7D6FCBDE8084011
:107FB00000F0DEB80044025808B50122534BC3F864
:107FC0000821534BD3F8F42042F00202C3F8F42006
:107FD000D3F81C2142F00202C3F81C210222D3F87C
:107FE0001C314C4BDA605A689104FCD54A4A1A603D
:107FF00001229A60494ADA6000221A614FF4404235
:108000009A61444B9A699204FCD51A6842F48072D2
:108010001A603F4B1A6F12F4407F04D04FF4803245
:108020001A6700221A671A6842F001021A60384B78
:108030001A685007FCD500221A611A6912F038023A
:10804000FBD1012119604FF0804159605A67344AD1
:10805000DA62344A1A611A6842F480321A602C4B90
:108060001A689103FCD51A6842F480521A601A68A3
:108070009204FCD52C4A2D499A6200225A63196356
:1080800001F57C01DA6301F2E71199635A64284A29
:108090001A64284ADA621A6842F0A8521A601C4B25
:1080A0001A6802F02852B2F1285FF9D148229A6189
:1080B0004FF48862DA6140221A621F4ADA641F4A6A
:1080C0001A651F4A5A651F4A9A6532231E4A136071
:1080D000136803F00F03022BFAD10D4A136943F022
:1080E00003031361136903F03803182BFAD14FF01F
:1080F0000050FFF7D1FE4FF08040FFF7CDFE4FF06C
:108100000040BDE80840FFF7C7BE00BF0080005137
:10811000004402580048025800C000F0020000016C
:108120000000FF010088900812102000630209017E
:10813000470E0508DD0BBF012000002000000110E4
:108140000910E000000101100020005208B50348AA
:10815000FCF7D4FFBDE80840FFF750B8A036002078
:1081600008B500F045FCBDE80840FFF747B800003F
:1081700008B509217A20FCF7CFFF09213120FCF74F
:10818000CBFF07213220BDE80840FCF7C5BF000047
:1081900008B5FFF791FE00F0FFFBFDF717FAFDF7BA
:1081A0000BFCFDF7BBFAFEF777FABDE8084000F0DC
:1081B00029BA000030B50433039C0172002103FB8F
:1081C0000425C160C0E90653049B0363059BC0E915
:1081D0000000C0E90422C0E90842C0E90A11436373
:1081E00030BD00000022416AC260C0E90411C0E94C
:1081F0000A226FF00101FDF7C5BF0000D0E904328B
:10820000934201D1C2680AB9181D70470020704717
:10821000036919600021C2680132C260C269134457
:1082200082699342036124BF436A0361FDF79EBFE5
:1082300038B504460D46E3683BB162690020131D62
:108240001268A3621344E36207E0237A33B9294634
:108250002046FDF77BFF0028EDDA38BD6FF0010006
:10826000FBE70000C368C269013BC3604369134474
:1082700082699342436124BF436A4361002383625E
:10828000036B03B11847704770B53023044683F37E
:108290001188866A3EB9FFF7CBFF054618B186F311
:1082A0001188284670BDA36AE26A13F8015B934205
:1082B000A36202D32046FFF7D5FF002383F3118882
:1082C000EFE700002DE9F84F04460E4617469846A2
:1082D0004FF0300989F311880025AA46D4F828B058
:1082E000BBF1000F09D141462046FFF7A1FF20B1A5
:1082F0008BF311882846BDE8F88FD4E90A12A7EB62
:10830000050B521A934528BF9346BBF1400F1BD96A
:10831000334601F1400251F8040B914243F8040B3B
:10832000F9D1A36A403640354033A362D4E90A2329
:108330009A4202D32046FFF795FF8AF31188BD4287
:10834000D8D289F31188C9E730465A46F9F758FD63
:10835000A36A5E445D445B44A362E7E710B5029CF8
:108360000433017203FB0421C460C0E90613002337
:10837000C0E90A33039B0363049BC0E90000C0E922
:108380000422C0E90842436310BD0000026A6FF096
:108390000101C260426AC0E904220022C0E90A2247
:1083A000FDF7F0BED0E904239A4201D1C26822B998
:1083B000184650F8043B0B60704700231846FAE754
:1083C000C3680021C2690133C360436913448269F1
:1083D0009342436124BF436A4361FDF7C7BE000077
:1083E00038B504460D46E3683BB1236900201A1DE9
:1083F000A262E2691344E36207E0237A33B92946B3
:108400002046FDF7A3FE0028EDDA38BD6FF001002D
:10841000FBE7000003691960C268013AC260C269E3
:10842000134482699342036124BF436A03610023BA
:108430008362036B03B118477047000070B53023A7
:108440000D460446114683F31188866A2EB9FFF75C
:10845000C7FF10B186F3118870BDA36A1D70A36AAF
:10846000E26A01339342A36204D3E16920460439EE
:10847000FFF7D0FF002080F31188EDE72DE9F84FDA
:1084800004460D46904699464FF0300A8AF311880B
:108490000026B346A76A4FB949462046FFF7A0FF1A
:1084A00020B187F311883046BDE8F88FD4E90A0778
:1084B0003A1AA8EB0607974228BF1746402F1BD948
:1084C00005F1400355F8042B9D4240F8042BF9D1E7
:1084D000A36A40364033A362D4E90A239A4204D304
:1084E000E16920460439FFF795FF8BF31188464573
:1084F000D9D28AF31188CDE729463A46F9F780FCAC
:10850000A36A3D443E443B44A362E5E7D0E904232B
:108510009A4217D1C3689BB1836A8BB1043B9B1A03
:108520000ED01360C368013BC360C3691A448369FA
:108530009A42026124BF436A0361002383620123DC
:10854000184670470023FBE701F01F03F0B502F067
:108550001F0456095A1C0123B6EB511F50F8265030
:1085600003FA02F34FEA511703F1FF333DBF50F80E
:108570002720C4F12000134003EA05003BBF03FAA3
:1085800000F225FA04F0E0401043F0BD70B57E2201
:108590007F210546FFF7D8FF18B1012819D0002028
:1085A00070BD3E2249212846FFF7CEFF2F22044608
:1085B00031212846FFF7C8FF064601345022023613
:1085C00053212846B440FFF7BFFF093804FA00F0F2
:1085D000E6E7302245212846FFF7B6FF013080024A
:1085E000DEE7000090F8D63090F8D7201B0403EBAC
:1085F000026390F8D42090F8D500134403EB0020D8
:108600007047000000F0CAB9014B586A704700BFBC
:10861000000C0040034B002258631A610222DA600A
:10862000704700BF000C0040014B0022DA60704729
:10863000000C0040014B5863704700BF000C004025
:10864000024B034A1A60034A5A607047A45800203C
:10865000C858002000000220094B70B5D3E900542F
:10866000661BB04209D8201A49420840821A954236
:1086700003D8944201D35A6070BD0020FCE700BFCC
:10868000A458002008B5302383F31188FFF7E4FFD6
:10869000002383F3118808BD04480121044B0360C3
:1086A0000023C0E901330C3000F01EB9AC580020A3
:1086B00085860008CB1D083A23F00703591A521A81
:1086C000012110B4D2080024C0E9004384600C30BA
:1086D0001C605A605DF8044B00F006B92DE9F84FB4
:1086E000CC1D3A4E0D4624F00703002818BF06465D
:1086F000994203D900242046BDE8F88F082A06F1E4
:108700000C084FEAD40438BF08224046174600F050
:1087100007F9331D07F1070EC7F100099C461B68D6
:108720007BB9404600F006F93368002BE2D0E00048
:1087300008223946984704460028DCD040E9026503
:10874000D9E703EB0E01D3F804A001EA09010AF10D
:108750000102A1F1080003EBC2028242DED9511AE4
:10876000B4EBE10F4FEAE10BD8D883421AD203F100
:108770000802A345A0EB02024FEAE2025A6009D9BF
:10878000611CE44300EBC1025C4454601C6840F887
:1087900031401A6004464560404644F8086B00F0DA
:1087A000C9F8A8E7A245186803D1CCF8000018461C
:1087B000F0E7013403EBC40143F8340001F1080091
:1087C000121AD2104A60CCF80010F0E7AC58002022
:1087D000F8B550F8043C044650F8085CA0F10806CF
:1087E00007332F1D0C35DB0840F8043C284600F009
:1087F00097F83B469F421A6801D0B34228D20AB18B
:10880000964225D244F8082C54F8042C1E600132FC
:1088100054F8081C06EBC200814206D148680244A5
:1088200044F8042C0A6844F8082C5868411C03EBEF
:10883000C1018E4207D154F8042C013202445A601F
:1088400054F8082C1A602846BDE8F84000F072B8C9
:108850001346CFE7FEE7000070B51B4B002504462A
:1088600086B058600E4685620163FEF79FFC04F1F6
:108870001003A560E562C4E904334FF0FF33C4E997
:108880000044C4E90635FFF7BFFE2B46024604F15B
:1088900034012046C4E9082380230C4A2565FDF7EE
:1088A000F3FB01230A4AE060009203756846726890
:1088B0000192B268CDE90223064BCDE90435FDF7FC
:1088C0000BFC06B070BD00BF603B0020A894000800
:1088D000AD94000855880008024AD36A1843D06254
:1088E000704700BFF8380020C0E900008160704781
:1088F0008368013B002B10B583600CDA074BDC6802
:108900004368A061206063601C6044600520FDF73F
:1089100017FBA06910BD0020FCE700BFF83800205D
:1089200008B5302383F31188FFF7E2FF002383F3B8
:10893000118808BD08B5302383F31188836801339B
:10894000002B836007DC036800211A680260506016
:108950001846FDF72BFB002383F3118808BD0000A8
:1089600038B5EFF311859DB9EFF30584C4F308041E
:10897000302334B183F31188FDF73CFD85F3118872
:1089800038BD83F31188FDF735FD84F3118838BDB8
:10899000BDE83840FDF72EBD70470000114BD3F8FD
:1089A000E82042F00802C3F8E820D3F8102142F092
:1089B0000802C3F810210C4AD3F81031D36B43F0EE
:1089C0000803D363C722094B9A624FF0FF32DA6281
:1089D00000229A615A63DA605A6001225A611A6071
:1089E000704700BF004402580010005C000C0040BB
:1089F000094A08B51169D3680B40D9B29B076FEAE1
:108A00000101116107D5302383F31188FDF730FB95
:108A1000002383F3118808BD000C004010B5013914
:108A20000244904201D1002005E0037811F8014F83
:108A3000A34201D0181B10BD0130F2E7884210B5E7
:108A400001EB020402D98442234607D8431EA14207
:108A500008D011F8012B03F8012FF8E70244014672
:108A60008A4200D110BD13F8014D02F8014DF7E71D
:108A7000C9B2034610F8012B1AB18A42F9D118463F
:108A80007047002918BF0023F9E70000034611F8DA
:108A9000012B03F8012B002AF9D1704710B50139D9
:108AA000034632B111F8014F03F8014B013A002C93
:108AB000F7D11A440021934200D110BD03F8011BE5
:108AC000F9E70000323066363132363138643439F5
:108AD0006234366200000000121000001211000023
:108AE000121300004D4435002D2D0A002F617264D1
:108AF0007570696C6F742E6162696E002F617264AB
:108B00007570696C6F742D7665726966792E616215
:108B1000696E002F6172647570696C6F742D666C7C
:108B20006173682E6162696E002F6172647570698D
:108B30006C6F742D666C61736865642E6162696E1A
:108B4000000000000000000000000000150F0008F9
:108B5000D90F000829110008190F0008D10F0008CB
:108B60000000000000000000110F0008E50F0008E1
:108B7000611100080D0F0008410F000853544D33D8
:108B80003248373F3F3F0053544D333248373378F4
:108B90002F3732780053544D3332483734332F3720
:108BA00035332F373530000001105A0003105900BB
:108BB00001205800032056002F0000005375636306
:108BC00065737366756C6C79206D6F756E74656412
:108BD000205344436172642028736C6F77646F770D
:108BE0006E3D2575290A0000EB76904558464154A4
:108BF0002020200046415433322020200000000075
:108C00002A3A3C3E7C223F7F002B2C3B3D5B5D00A3
:108C10004355454141414143454545494949414104
:108C20004592924F4F4F5555594F554F9C4F9E9FD0
:108C300041494F55A5A5A6A7A8A9AAABACADAEAF13
:108C4000B0B1B2B3B4414141B8B9BABBBCBDBEBF0B
:108C5000C0C1C2C3C4C54141C8C9CACBCCCDCECFA7
:108C6000D1D145454549494949D9DADBDCDD49DF00
:108C70004FE14F4F4F4FE6E8E85555555959EEEF44
:108C8000F0F1F2F3F4F5F6F7F8F9FAFBFCFDFEFF6C
:108C900001030507090E10121416181C1E0000000F
:108CA00061001A03E0001703F8000703FF0001004A
:108CB00078010001300132010601390110014A0139
:108CC0002E017901060180014D00430281018201DC
:108CD00082018401840186018701870189018A015B
:108CE0008B018B018D018E018F019001910191010A
:108CF00093019401F60196019701980198013D02B4
:108D00009B019C019D0120029F01A001A001A201E5
:108D1000A201A401A401A601A701A701A901AA011A
:108D2000AB01AC01AC01AE01AF01AF01B101B201C9
:108D3000B301B301B501B501B701B801B801BA017A
:108D4000BB01BC01BC01BE01F701C001C101C201F0
:108D5000C301C401C501C401C701C801C701CA01DB
:108D6000CB01CA01CD011001DD0101008E01DE0140
:108D70001201F3010300F101F401F401F8012801EB
:108D8000220212013A020900652C3B023B023D021D
:108D9000662C3F0240024102410246020A01530290
:108DA000400081018601550289018A0158028F0124
:108DB0005A0290015C025D025E025F029301610251
:108DC00062029401640265026602670297019601DD
:108DD0006A02622C6C026D026E029C0170027102CA
:108DE0009D01730274029F01760277027802790274
:108DF0007A027B027C02642C7E027F02A601810241
:108E00008202A9018402850286028702AE01440221
:108E1000B101B20145028D028E028F0290029102D1
:108E2000B7017B030300FD03FE03FF03AC03040053
:108E30008603880389038A03B1031103C203020076
:108E4000A303A303C4030803CC0303008C038E0312
:108E50008F03D8031801F2030A00F903F303F403A4
:108E6000F503F603F703F703F903FA03FA033004F3
:108E7000200350041007600422018A043601C10453
:108E80000E01CF040100C004D00444016105260492
:108E9000000000007D1D0100632C001E9601A01E35
:108EA0005A01001F0806101F0606201F0806301F63
:108EB0000806401F0606511F0700591F521F5B1F5F
:108EC000541F5D1F561F5F1F601F0806701F0E0096
:108ED000BA1FBB1FC81FC91FCA1FCB1FDA1FDB1F4A
:108EE000F81FF91FEA1FEB1FFA1FFB1F801F080660
:108EF000901F0806A01F0806B01F0400B81FB91F66
:108F0000B21FBC1FCC1F0100C31FD01F0206E01FF1
:108F10000206E51F0100EC1FF31F0100FC1F4E219C
:108F20000100322170211002842101008321D0240C
:108F30001A05302C2F04602C0201672C0601752CB9
:108F40000201802C6401002D260841FF1A03000055
:108F5000C700FC00E900E200E400E000E500E700F3
:108F6000EA00EB00E800EF00EE00EC00C400C500F2
:108F7000C900E600C600F400F600F200FB00F900AC
:108F8000FF00D600DC00F800A300D800D700920153
:108F9000E100ED00F300FA00F100D100AA00BA00F0
:108FA000BF00AE00AC00BD00BC00A100AB00BB0028
:108FB00091259225932502252425C100C200C000D9
:108FC000A9006325512557255D25A200A500102580
:108FD000142534252C251C2500253C25E300C30041
:108FE0005A25542569256625602550256C25A40041
:108FF000F000D000CA00CB00C8003101CD00CE0087
:10900000CF0018250C2588258425A600CC008025B6
:10901000D300DF00D400D200F500D500B500FE007B
:10902000DE00DA00DB00D900FD00DD00AF00B40097
:10903000AD00B1001720BE00B600A700F700B800D1
:10904000B000A800B700B900B300B200A025A0008E
:1090500010000240080002400008024000000B001F
:1090600028000240080002400408024006010C00EB
:1090700040000240080002400808024010020D00B3
:1090800058000240080002400C08024016030E007F
:10909000700002400C0002401008024000040F0063
:1090A000880002400C00024014080240060510002F
:1090B000A00002400C0002401808024010061100F7
:1090C000B80002400C0002401C08024016072F00A6
:1090D0001004024008040240200802400008380042
:1090E000280402400804024024080240060939000E
:1090F000400402400804024028080240100A3A00D6
:1091000058040240080402402C080240160B3B00A1
:10911000700402400C04024030080240000C3C0085
:10912000880402400C04024034080240060D44004A
:10913000A00402400C04024038080240100E450012
:10914000B80402400C0402403C080240160F4600DE
:10915000010000000000000000000000916600080F
:109160009566000819530008DD520008D151000827
:10917000FD5100082952000871510008000000004C
:10918000915600087D560008B9560008A5560008FB
:10919000B15600089D56000889560008755600080B
:1091A000115700080000000001000000000000004E
:1091B00063300000B091000850390020603B00206F
:1091C0000000802A00000000AAAAAAAA0000002429
:1091D000FFFF00000000000000A00A0000000040A7
:1091E00000000000AAAAAAAA00000000FFFF0000D9
:1091F00000000000000000000500AA0600000000BA
:10920000AAAAAAAA05005504FFFF0000000000005A
:10921000CCCC0C002000400000000000AAAAAAAAA2
:1092200010000000FFFF0000000C00000000000024
:109230000000000000000000AAAAAAAA0000000086
:10924000FFFF000000000000000000000000000020
:1092500000000000AAAAAAAA00000000FFFF000068
:1092600000000000000000000000000000000000FE
:10927000AAAAAAAA00000000FFFF00000000000048
:10928000000000000000000000000000AAAAAAAA36
:1092900000000000FFFF00000000000000000000D0
:1092A0000000000000000000AAAAAAAA0000000016
:1092B000FFFF0000000000000000000000000000B0
:1092C00000000000AAAAAAAA00000000FFFF0000F8
:1092D000000000000000000000000000000000008E
:1092E000AAAAAAAA00000000FFFF000000000000D8
:1092F000000000004172647550696C6F7400254273
:109300004F415244252D424C002553455249414C72
:10931000250000000200000000000000B95800080D
:10932000355900084000400010540020205400200F
:109330000200000000000000030000000000000028
:109340008159000800000000100000003054002087
:109350000000000001000000000000005457002041
:10936000010102008D6700089D660008396700084A
:109370001D670008430000007C93000809024300B9
:10938000020100C0320904000001020201000524AC
:109390000010010524010001042402020524060036
:1093A00001070582030800FF09040100020A00000A
:1093B000000705010240000007058102400000008F
:1093C00012000000C89300081201100102000040C2
:1093D00009124157000201020301000004030904BD
:1093E00025424F4152442500582D4D41562D4150A4
:1093F0002D48373433763300303132333435363715
:109400003839414243444546000000000000002036
:109410000000020002000000000000300000040014
:109420000800000000000024000008000400000004
:109430000004000000FC00000200000000000430F6
:10944000008000000800000000000038000001005B
:10945000010000001F1C1F1E1F1E1F1F1E1F1E1F9E
:109460001F1D1F1E1F1E1F1F1E1F1E1F000000008E
:10947000155B0008BD5D0008555E00084000400017
:109480008C5800208C580020010000009C580020BF
:109490008000000040010000080000000001000002
:1094A00000100000080000006D61696E0069646CC6
:1094B0006500FFFFB46FFF7F01000000FFFFFFFFAB
:1094C000C40400000000000000001A0000000000BA
:1094D000FF000000000000007C8B000883040000F7
:1094E000878B000850040000958B000801000000E5
:1094F0000000000000960000000008009600000038
:109500000008000004000000DC93000800000000D8
:10951000000000000000000000000000000000004B
:049520000000000047
:00000001FF
